店铺,标题,价格
伊希尔旗舰店,高级感咖色牛仔半身裙女秋季2026新款胖mm大码显瘦半裙a字直筒裙,229.00
雪芙翎旗舰店,超漂亮简约牛仔半身裙女2026春秋新款高腰显瘦A字中长款大摆伞裙,149.99
子西ZIXI,黑色半身裙女小个子不规则a字大码胖mm2026夏季新款秋季裙子长裙,117.00
SUW 苏喂,早秋日系复古轻亚风花苞百搭褶皱蓬蓬灰色a字过膝中长裙半身裙女,119.00
一颗小野莓,一颗小野莓a字高腰半身裙女2026年夏季新款超好看的法式复古长裙,149.99
羊好好旗舰店,中长款花苞云朵裙夏季新款时尚松紧腰半身裙女高腰显瘦百搭蓬蓬裙,1688.00
林大事LINTINGXIN,灰色百褶西装裙女半身裙高腰休闲a字春夏季过膝中长裙,59.00
羊好好旗舰店,黑色半身裙女高腰中长款垂坠感a字长裙气质显瘦高级感小黑裙新款,799.00
LotusRoot三寸藕,三寸藕【秋分麦浪】复古格子花边半身裙新款秋季通勤显瘦A字裙女,79.55
ZRCIR,藏青色复古长款半身裙2026早秋新款小个子高腰显瘦A字轻薄花苞裙,139.00
靓小靓女装 LiangxiaoLiang,靓小靓高货抗皱超态棉法式伞裙一抚即平氧气小白裙小黑裙,158.00
耶古旗舰店,不对称斜裁复古格子半身裙女春夏秋藏青色格纹长裙飘逸雪纺大摆裙,199.00
依艾格旗舰店,灰色百褶裙女短裙春夏秋冬2026新款小个子高腰毛呢西装a字半身裙,109.90
空栗鼠丸JK,学院风jk长裙百褶裙长款半身裙高腰显瘦小个子a字裙伞裙女jk裙夏,39.90
阿肉Ree,2025春季新款半身裙!巨遮胯巨显瘦!!,49.90
爱情魔鬼鱼女装馆,爱情魔鬼鱼 纯色系带半身裙女2026夏季新款高腰通勤百搭A字裙长裙,169.00
LISA家 简约实用型女装,法式通勤松紧腰裙子毛呢高腰显瘦大摆气质伞裙女秋季26新款半身裙,159.00
依艾格旗舰店,学院风灰色西装百褶裙中裙女夏季小个子百搭高腰A字半身裙JK裙子,139.90
热风官方旗舰店,热风女士白色半身裙2026年夏季新款简约分割伞裙蝴蝶结浪漫半裙,229.00
爱情魔鬼鱼女装馆,爱情魔鬼鱼 纯色系带半身裙女2026夏季新款高腰通勤百搭A字裙长裙,169.00
百洛安旗舰店,百洛安·显瘦通勤风白色半身裙七天无理由退换,298.00
FOREVER 21官方店,Forever21巨好看白色雪纺A字半身裙女垂感甜美蛋糕裙高腰仙女长裙,179.00
芊蕙自制女装,直筒半身裙黑色包臀裙春秋2023新款高腰,168.00
落落狷介 LUOLUOJUANJIE,落落狷介半身裙女2026新款绿色蕾丝拼接波点半裙小个子松紧腰裙子,358.00
芊蕙自制女装,一步半身裙女夏季2026新款中长款小个子半身长裙高腰开叉包臀裙子,141.00
三不原创女装,韩系甜美减龄泡泡花苞裙女夏季新款宽松休闲a字短裙蓬蓬半身裙子,179.00
小丫头衣社,韩系学院风波点毛呢半身裙女2026秋季新款A字百搭休闲半裙1381A,81.09
lululemon官方旗舰店,Groove 女士折叠腰部中腰短裙丨lululemon丨LW8AV5S,780.00
Luna7xi,Luna7xi 灰色西装半身裙女夏季高腰显瘦气质通勤直筒裙高级感裙子,399.00
Korean  Girl,美拉德咖色拼接格子长款半身裙女春秋季高腰显瘦灯芯绒A字长裙子,98.00
花猪猪JK馆,日系纯色jk百褶裙高腰a字JK八箱褶裙黑灰绀色半身长裙学生女大码,78.00
vivicathy旗舰店,VIVICATHY2026秋冬美拉德不规则麂皮绒半身裙女辣妹高腰a字中长裙,239.00
红人馆女装店,红人馆包臀半身裙女2026秋季今年流行爆款中长款巨好看麂皮绒裙子,279.80
落锦繁香旗舰店,双层垂感雪纺半身裙长裙女气质大摆裙高级感显瘦仙气裙子百搭白色,27.98
小丫头衣社,韩系慵懒风波点半身裙女2026秋季新款松紧腰休闲A字花苞中裙1324Q,81.09
MASS Boutique,MASS灰色半身裙女2026春夏新款高腰显瘦A字裙小个子包臀裙防走光,128.00
Luna7xi,Luna7xi 黑色设计感半身裙女夏季百搭休闲高腰显瘦直筒裙开叉长裙,399.00
morning bloom,morning bloom美式麂皮绒半身裙女早秋格纹拼接高腰a字包臀短裙子,199.80
MASS Boutique,MASS 美拉德咖色灯芯绒高腰a字半身裙女2025秋冬新款显瘦中长裙,128.00
红人馆女装店,红人馆a字半身裙女2026新款秋季包臀咖色高智感穿搭麂皮绒裙子女,129.90
裤邦人旗舰店,裤邦人咖色褶皱花苞半身裙女2026年秋季新款高腰辣妹a字裙长裙子,178.00
几分之一  percent,大码胖mm不规则半身裙女夏季设计感小众荷叶边蕾丝拼接a字裙子,88.70
loannina旗舰店,灰色百褶裙女中长裙夏季2026新款高腰a字裙小个子半身裙显瘦伞裙,99.00
LINFANGING,LINFANGING韩系高腰A字半身裙女浅咖色花边拼接蓬蓬中长款裙子,218.00
古怪舍原创设计肚皮衣饰局,新中式设计感双层黑色半身裙显瘦裙子,219.00
素典旗舰店,【绿茵】素典法式波点高腰半身裙女夏季松紧腰A字通勤百搭长裙,237.00
IT'SXIAOK 小康家女装,天啊这卡其色裙子太百搭了秋冬必入,130.00
Cozy Days 舒舒的日记本,cozy days气质设计感白色高腰半身裙女秋冬长裙显瘦a字百褶裙夏,199.00
旗铂旗舰店,旗铂汉服女童2026新款春秋儿童古风新国风中秋节日常可穿连衣裙秋,400.00
夕洛茜旗舰店,夕洛茜粉色汉服女成人仙气飘飘大袖衫武侠全套古装一整套演出服装,399.00
夕洛茜旗舰店,夕洛茜仙侠风汉服女2026新款白色改良古装套装仙气飘飘武剑演出服,399.00
串恬猴旗舰店,儿童汉服夏季2026新款男童唐装国学服中国风女童春秋款中秋演出服,158.00
安妮优儿意树专卖店,女童敦煌飞天古风汉服中秋新款女孩古装唐装儿童国风民族服装春秋,130.00
夕辰原创衣坊,古典风舞蹈纱衣清汉女装清代汉服格格表演服斜襟戏文说演出服晋商,79.90
静还决汉服,静还决 繁华绮梦 原创明制汉服套装比甲长衫马面裙套装春秋季,207.00
秋醇旗舰店,儿童汉服男童马面裙套装女童中国风小学生古装国学服开笔礼春季,99.00
月梳茼旗舰店,月梳茼原创汉服女金台红袖汉元素齐胸衫裙刺绣改良款夏季日常,188.00
秋醇旗舰店,汉服女童超仙襦裙中国风古装2026新款古风连衣裙日常可穿唐装,99.00
安妮优儿意树专卖店,马面裙女童夏季儿童汉服2026新款新中式古风套装春秋女孩国风古装,170.00
静还决汉服,静还决 花间良缘 原创唐制婚服汉服大袖齐胸裙定制盖头婚扇中式,269.00
肯莎凯旗舰店,【花凤】原创明制汉服红色马面裙新中式订婚敬酒服2026新款婚服夏,222.00
雨花央雪 原创汉服,雨花央雪【鹤花羽】汉服女明制云肩对襟大袖衫刺绣仙气马面裙秋款,236.00
芭米诺旗舰店,女童汉服春秋中国风唐装敦煌飞天异域风情古装儿童秋季超仙连衣裙,130.00
古月家童装汉服,汉服女童2026春秋款儿童新中式国风连衣裙女宝宝古风仙气公主襦裙,261.00
韵浠阁旗舰店,绿色女童汉服2026新款魏晋风战国袍儿童古装超仙女孩生日古典演出,158.00
月梳茼旗舰店,金枫玉树原创汉服女重工刺绣诃子裙改良齐胸唐制冬款,268.00
妮莎倍儿童装,汉服女童超仙2026新款古风连衣裙女孩国风唐装儿童中秋节古装裙子,128.00
乌扣旗舰店,乌扣.陌上 女童汉服春秋款儿童超仙长袖古装襦裙国风连衣裙中秋节,428.00
雯茜姿旗舰店,汉唐古典舞演出服女飘逸中国风广袖古装汉服襦裙仙气艺考舞蹈服装,328.00
红纱帐旗舰店,敦煌飞天改良汉服沙漠异域风情刺绣古典舞蹈演出服仙气女艺考飘逸,386.00
月梳茼原创汉服店,月梳茼原创汉服女【月枝桂香】汉元素齐胸衫裙刺绣改良款秋季日常,148.00
爱美丽儿童礼服店,古风汉服女童中国风2026新款超仙蓝色小女孩唐装公主襦裙夏季薄款,328.00
爱美丽儿童礼服店,粉色儿童襦裙2026新款女童汉服中国风唐装连衣裙夏季薄款日常可穿,328.00
考味佳华少专卖店,汉服女童2026新款儿童古风演出服男童古装中秋国风公主超仙襦裙秋,69.00
若普格旗舰店,2026新款马面裙女童古风汉服新中式大童儿童古装唐装套装国风春装,158.00
圣王服饰,刺绣龙纹上衣烫金马面裙新中式黑色霸气大码男装汉服古风武侠套装,49.00
罗袖动香国风,罗袖动香【月兔棋遇】短袄吊带两片裙女26年春装新品日常汉服国风,49.00
机器鸭旗舰店,中秋汉服男童演出服女童古风小少爷唐装儿童古装国学服幼儿园服装,80.00
青衫一笙汉服,轻轻轻~！新款超仙绝美直袖大袖衫连衣裙,198.00
芭米诺旗舰店,汉服女童2026新款夏季古风超仙连衣裙女孩唐装中国风儿童古装公主,162.00
青衫一笙汉服,汉服·女童2026新款长袖国风绿色汉服赠头饰,248.00
锦屿禾汉服,原创汉服女【粉黛云裳】中式国风小个子粉色复古清汉马面套装春夏,191.50
裳云兮旗舰店,裳云兮原创汉服女《春晓》新品唐制齐胸襦裙绣花大袖衫日常春夏款,999.00
扬州慢汉服工作室,汉元素宋制交领长衫褙子比甲彼岸花蜘黑红帅气男款情侣汉服套装,396.00
柯雪旗舰店,毕业照改良古装汉服女中国风交领古风男武侠服学生情侣装班服套装,45.00
潮优贝旗舰店,汉服女童魏晋大袖衫儿童2026新款古装国风小女孩唐装超仙长袖春秋,239.00
潮优贝旗舰店,汉服女童2026新款儿童古风超仙唐装女孩古装中国风马面裙套装春秋,259.00
旭日阁汉服,旭日原创汉洋折衷刺绣云肩明制琵琶袖交领马面裙汉服女lolita秋款,98.00
黛烟旗舰店,黛烟正品汉服武侠中国风晋制交领齐腰襦裙侠,328.00
仙云阁原创汉服,仙云阁原创汉服【洛青玄】唐制圆领袍男女同款缺胯袍侠客风春秋款,98.00
童宝贝服饰,儿童汉服古装小学生书童女孩中国风男童国学服三字经演出服装,142.00
致童代旗舰店,女童套装新中式夏季中国风2025新款儿童古风汉服小女孩唐装马面裙,208.00
机器鸭旗舰店,中秋节汉服女童2026新款古装儿童古风超仙连衣裙幼儿园唐装演出服,71.00
趣味衫国旗舰店,马面裙女童汉服套装春秋2026新款中国风儿童唐装中式女大童三件套,240.00
罗袖动香国风,罗袖动香【粉墨辞】天丝半臂晋襦提花吊带短宋裤夏新款女改良汉服,79.00
槿姿俏旗舰店,汉服男童2026春新款儿童超仙女童古装学生国风男孩唐装国学服中秋,39.90
RICH IN CHEESE 舒胡蕾,法式吊带连衣裙女夏高级感气质收腰长款包臀礼服裙,211.00
dangdang Somes   当当,dangdang somes“古董情书”裙子女款2026中古蕾丝系带衬衫连衣裙,758.00
FLONAKED旗舰店,FLONAKED设计师植庭定位印花层叠花边收腰无袖连衣裙小众设计,1080.00
Skk Store,Skk Store 原地封神 高品肌理重工蕾丝吊带连衣裙长/短款春夏女,351.50
K姐KSOEUR 品质女装,K姐KSOEUR【午后漫步】重工镂空刺绣浪漫氛围感收腰蛋糕连衣裙女,489.00
OfAkiva,OfAkiva“十四行诗”浪漫印花连衣裙女夏挂脖蕾丝拼接碎花吊带裙,489.00
moco官方奥莱旗舰店,MOCO连衣裙夏V领开衩立裁法式印花修身长裙茶歇裙摩安珂,1299.00
WearKeki,WearKeki●无尽夏 苎麻塔克线小飞袖连衣裙女定染蕾丝拼接娃娃裙,399.00
Muggle Studio 主线,muggle studio 原创设计法式复古夏季气质收腰蕾丝连衣长裙,338.00
FLONAKED旗舰店,FLONAKED杏色中式晕染金纱蕾丝层叠荷叶边长袖连衣裙小众设计,1780.00
poemlady旗舰店,诗绪法式方领印花粉色连衣裙2026夏季新款肌理感减龄中长裙68289,635.00
吴零零轻奢女装,吴零零白羽法式白月光大摆长款连衣裙夏日露背海边度假V领吊带裙,458.90
张大人订制大码女装,张大人大码女装微胖mm韩系清新风波浪边针织裙短袖收腰显瘦A字裙,189.90
poemlady旗舰店,诗绪法式方领印花蓝色连衣裙2026夏季新款肌理感减龄中长裙68289,635.00
SNIDEL官方旗舰店,SNIDEL2026春夏新品千金风无袖蝴蝶结系带A字连衣裙SWFO262311,1320.00
WhyBerry Lab,WhyBerry 26SS“纯白茉莉”娃娃领修身连衣裙复古收腰灰裙千金风,329.00
郭卷毛,郭卷毛 深灰褶皱网纱无袖连衣裙女夏新款收腰显瘦A字大裙摆长裙子,340.00
K姐KSOEUR 品质女装,K姐KSOEUR 【花样年华】  工装风砂洗百百亚麻微A气质连衣裙女,409.00
桥分野色,桥分野色“颂夏” 法式蕾丝古典刺绣叠搭吊带连衣裙/ 网眼打底衫,459.00
SNIDEL官方旗舰店,SNIDEL2026春夏新品甜美双层荷叶领露肩收腰提花连衣裙SWFO262306,1500.00
盈瓷 GA SEASONS,盈瓷真丝|万事顺荔 桑蚕丝大王缎连衣裙女夏季新中式小个子吊带裙,894.94
三吉黑花,三吉黑花【镜花月】新中式绣花早春漂亮连衣裙子国风蕾丝拼纱长裙,728.00
SHENSHEN with U,深深定制 法式高级感露肩连衣裙女白色缎面订婚礼服领证气质长裙,329.00
菀草壹女装旗舰店,菀草壹2026秋蕾丝印花吊带裙不规则荷叶边连衣裙Q02521639,910.00
北岛AMUU,「北岛AMUU原创」韩系绑带圆领碎褶连衣裙女春新款纯棉八分袖长裙,239.00
三吉黑花,三吉黑花【春酒】新中式丝绒烧花拼纱连衣裙子今年流行新款长裙潮,758.00
OAKMOO橡木苔,"OAKMOO/""等你下课硕士版""法式蕾丝边莱赛尔收腰亚麻衬衫连衣裙子",569.00
郭卷毛,郭卷毛v领开叉针织小黑裙女夏季新款休闲修身收腰弹力长款连衣裙,178.82
DIAMOND STORE,DIAMOND◆麻本麦浪 自制直筒A版宽松显瘦小个子无袖背心连衣裙,169.00
杜总家原创设计XINUD,杜总家 千穗小姐*原创日系度假氛围碎花连衣短裙显瘦收腰气质绑带,368.00
安妮森林annforest设计师店,耗料2.78米仙气花卉刺绣纯苎麻定染绿色连衣裙送吊带裙 安妮森林,859.00
SoLighter,solighter 法式莱赛尔皱感圆领收腰连衣裙女夏季泡泡袖显瘦长裙,449.00
YuQian私服定制,云朵气泡蓝设计感可调节肩带吊带连衣裙温柔优雅chic系带2026春夏,169.00
Lazy Didi,LazyDidi莉莉丝 娃娃领显脸小莱赛尔双色蓬蓬A字裙少女感泡泡袖,339.00
Lazy Didi,LazyDidi布拉格之恋 日系立体灵动连衣裙蝴蝶结可拆不对称荷叶边,369.00
BASICHOUSE百家好集团旗舰店,百家好圆领短袖连衣裙女宽松收腰复古文艺A字拼接抽褶显瘦中长裙,549.00
THESOONG「宋宋得宋」,THESOONG/间奏夏日 纯苎麻定制印花洗水对丝波点背心连衣裙7439,611.76
oshea官方旗舰店,oshea高级感千金风无袖连衣裙女2026新款夏钉珠收腰蓬蓬裙a字短裙,790.00
DIAMOND STORE,DIAMOND留洋小白裙 法式温柔风白色蝴蝶结系带流苏花边长袖连衣裙,339.00
OfAkiva,OfAkiva“桑德罗”闪耀烫钻神秘主义印花串珠连衣裙女V领吊带长裙,399.00
安妮森林annforest设计师店,重工莱赛尔镂空绣金丝亮片花边斜襟旗袍连衣裙送吊带裙安妮森林,798.00
VASSE   [原Veee],Veee 浪漫夜玫瑰 黑色碎花显瘦泡泡袖法式方领开叉连衣裙夏季长裙,189.00
熙地旗舰店,熙地2026夏季新款短袖连衣裙女天丝羊毛重工显瘦高垂感A字长裙子,578.00
innomoood,"innomoood""紫罗勒""双层连衣裙大领口宽松a型飞袖连衣裙格纹少女",239.00
Valacy's 梵老师,Valacy's 海岛编织系列┋'风吹半夏'镂空肌理度假感针织连衣裙,1280.00
Bluee 33,Bluee33 夏日氧气感清新蓝碎花吊带裙温柔风收腰蕾丝花边连衣裙,99.00
素典旗舰店,素典复古赫本风无袖连衣裙2026秋季新款优雅气质收腰A字背心裙女,425.00
无艳一禾,无艳一禾【曼城都会】格雷灰莱赛尔亚麻收腰无袖翻领连衣裙-腰带,786.25
都市丽人官方旗舰店,都市丽人夏薄款蕾丝内衣女小胸聚拢100%...,1??
ELLEgirl内衣旗舰店,ELLEgirl少女文胸发育期背心青少年...,3??
Beauty时尚甄选,【7A抑菌】内衣女夏季薄款冰丝隐形无痕大...,1??
天猫超市,【祝绪丹同款】幸棉第二代前扣无肩带内衣女...,3??
SecretWorld旗舰店,Secret World低领粉底液内衣女...,1??
Bananain蕉内旗舰店,蕉内凉皮511C凉感细肩带内衣女透气无痕...,1??
SecretWorld旗舰店,【王玉雯同款】粉底液内衣女小胸聚拢透气背...,1??
Bananain蕉内旗舰店,蕉内舒服蕾303A文胸蕾丝美背内衣女薄款...,9?
VICTORIA'S SECRET官方旗舰店,直降208|维密杨幂同款反重力MAX大胸...,4??
有棵树官方旗舰店,孟子义同款有棵树无尺码内衣女隐形无痕透气...,2??
SecretWorld秘密世界,Secret World粉底液内衣女低领...,1??
内比旗舰店,内比浪漫少女内衣女2026新款聚拢小胸蕾...,6?
SecretWorld秘密世界,SecretWorld内衣女小胸聚拢收副...,7?
六只兔子内衣店,六只兔子蕾丝内衣女小胸聚拢显大性感文胸罩...,9?
MiiOW猫人内衣旗舰店,猫人内衣女法式三角杯聚拢小胸舒适不空杯新...,7?
molar rabbit磨牙兔旗舰店,【2件】12-22岁三阶段专用内衣女款少...,9?
ubras官方旗舰店,虞书欣同款ubras无尺码小奶皮无痕内衣...,1??
古今牡丹,古今牡丹蕾丝收副乳大码内衣女士大胸显小美...,1??
都市丽人内衣旗舰店,都市丽人无痕裸感内衣女小胸聚拢夏薄款软支...,1??
贝盈达旗舰店,高中生内衣女学生初中运动防震背心女童二三...,4?
卡迪贝拉旗舰店,无痕舒适云朵内衣女士小胸聚拢上托收副乳防...,7?
小春更旗舰店,小春更高中生少女文胸青春发育期初中学生内...,1??
都市丽人潮流旗舰店,都市丽人大码提拉内衣女聚拢防下垂收副乳大...,1??
小春更旗舰店,小春更初中生内衣女高中学生青春期发育期背...,1??
好奇蜜斯旗舰店,好奇蜜斯小胸聚拢内衣女夏薄显大无钢圈法式...,9?
MiiOW猫人内衣旗舰店,猫人高中生少女运动内衣防震收副乳防下垂聚...,7?
好奇蜜斯旗舰店,好奇蜜斯大胸显小胸内衣女性感夏薄防下垂法...,1??
古今服饰旗舰店,古今冰丝无痕内衣女夏薄款凉感透气无钢圈背...,1??
奥美芬旗舰店,奥美芬山茶花香氛少女内衣初高中生青春期发...,5?
都市丽人精品旗舰店,都市丽人内衣女夏薄款小胸聚拢收副乳防下垂...,9?
六只兔子内衣店,六只兔子软支撑内衣女聚拢小胸无钢圈轻薄款...,8?
立黛美旗舰店,初中生少女文胸女大童背心青春发育期二阶段...,1??
都市丽人精品旗舰店,都市丽人大胸显小内衣女聚拢防下垂收副乳无...,1??
LULUSALLY旗舰店,2026新款爆款聚拢内衣女小胸收副乳上托...,1??
顶劲劲旗舰店,【凉朵儿】内衣女夏天大胸显小超薄款无痕透...,8?
LULUSALLY旗舰店,lulusally【买一送一】夏季薄款内...,1??
草本初色旗舰店,草本初色文胸内衣女生聚拢小胸收副乳防下垂...,5?
猫人内搭旗舰店,猫人内衣女小胸聚拢无痕文胸立体杯果冻胶软...,9?
Beauty 轻奢甄选,韩国热卖粉底液冰丝内衣薄款无痕隐形小胸聚...,3??
都市丽人服饰旗舰店,都市丽人内衣女夏季薄款小胸聚拢收副乳20...,9?
琴趣旗舰店,内衣女夏薄款2026新款爆款无钢圈运动聚...,1??
婷美服饰旗舰店,婷美无痕内衣女聚拢小胸显大上托防下垂收副...,1??
彩轻旗舰店,超薄大码内衣女大胸显小收副乳无痕薄款运动...,1??
千灵美旗舰店,无痕大胸显小内衣女提拉聚拢防下垂收副乳调...,2??
都市丽人泱捷专卖店,都市丽人大码无痕抹胸内衣女大胸显小收副乳...,1??
cocosmart旗舰店,初中生吊带少女内衣15岁女童发育期背心青...,1??
草本初色旗舰店,草本初色无痕内衣小胸聚拢美背防下垂薄款舒...,5?
温甜芙旗舰店,乳胶无痕美背内衣女薄聚拢小胸收副乳防下垂...,7?
有棵树官方旗舰店,有棵树男士内裤纯棉抗菌四角裤2026新款男式平角裤男生短裤衩男款,133.00
猫人商务旗舰店,猫人男士内裤纯棉四角2026新款防阴囊抗菌潮湿大码平角短裤男生款,79.00
Bananain蕉内旗舰店,3件|蕉内凉皮311男士冰丝内裤莫代尔纯棉透气裆四角短裤大码男生,198.00
SecretWorld秘密世界,男士内裤纯棉裆10A抑菌运动透气平角裤男生高弹宽松舒适四角短裤,79.98
南极人服饰旗舰店,南极人冰丝内裤男无痕抗菌纯棉裆透气2026新款青少年四角短裤头衩,59.90
恒源祥内衣旗舰店,恒源祥男士内裤男纯棉抗菌平角裤青年男生全棉四角短裤透气夏薄款,99.00
真维斯天曼专卖店,真维斯男士内裤男生冰丝平角夏季薄款透气四角裤无痕青少年裤头男,49.00
七匹狼内衣旗舰店,七匹狼内裤男生纯棉2026新款男士四角短裤大码透气裤头男款平角裤,199.00
playboy内衣旗舰店,花花公子男士内裤冰丝无痕四角裤男生2026新款夏季短裤衩男款裤头,99.90
森马内衣旗舰店,森马男士内裤男生10A级抗菌透气平角裤四角2026新款送男友短裤衩,99.00
Cukum Kboie品牌专柜店,CukumKboie男士内裤男款纯棉四角平角短裤头冰丝男生2026新款礼盒,359.00
啄木鸟官方旗舰店,啄木鸟官方旗舰店男士内裤男生冰丝轻薄2026夏季高档运动四角裤头,60.00
都市丽人旗舰店,都市丽人男士内裤纯棉2026新款男生透气抗菌男式四角平角男款裤衩,49.90
MiiOW猫人内衣旗舰店,猫人冰丝男士内裤夏季薄款2026新款平角男生抗菌透气大码四角短裤,59.90
南极人服饰旗舰店,南极人纯棉内裤男抗菌透气桑蚕丝裆2026新款宽松大码平角短裤春夏,99.90
猫人奥莱旗舰店,猫人内裤男生纯棉抑菌四角裤男士透气平角短裤头男款底裤衩秋冬季,189.00
CheekKiss吻印旗舰店,CheekKiss吻印男士内裤莫代尔无痕夏薄款平角送男友礼物高档礼盒,258.00
南极人旗舰店,南极人男士内裤平角冰丝男生纯棉裆2026新款四角短裤衩男款夏薄款,119.90
品汇优选内衣,南极人男士内裤男款100%正品纯棉男生名牌2026新款男式四角短裤头,99.90
子墨棉品ZIMONS,子墨男士内裤80S莫代尔短裤10A级抗菌透气男生黑纯色白不卡裆裤衩,138.00
南极人官方旗舰店,南极人男士内裤男生男款2026新款纯棉透气四角短裤衩男式平角大码,43.90
七匹狼内搭旗舰店,七匹狼男士内裤男生纯棉四角短裤高档名牌透气平角裤男款2026新款,108.00
MiiOW猫人内衣旗舰店,猫人男士内裤纯棉2026新款男生透气抗菌男式四角平角男款裤衩大码,49.90
南极人旗舰店,南极人男士内裤头纯棉透气平角短裤衩四角男款2026新款男生青少年,67.30
真维斯天曼专卖店,真维斯纯棉男士内裤男生宽松运动透气平角短裤头青少年四角短裤衩,49.00
playboy内衣旗舰店,花花公子男士内裤纯棉新男款四角短裤衩平角男生抗菌大码运动透气,98.90
波斯贝旗舰店,中大童男生平角裤抑菌初中生青少年高中生棉质短裤发育期抗菌内裤,69.00
七匹狼内衣旗舰店,七匹狼男士内裤纯棉男生2026新款100%全棉男式四角短裤男款夏薄款,149.00
海澜之家容墨专卖店,海澜之家纯棉内裤男士2026新款全棉抗菌裆四角平角裤头男生短裤,89.00
有棵树官方旗舰店,有棵树男士内裤2026新款纯棉裆四角裤男生莫代尔平角裤男式短裤衩,99.90
品牌直销男士内衣裤店,花花公子男士内裤平角裤100%纯棉抗菌男生2026新款全棉四角裤男款,99.90
都市丽人旗舰店,都市丽人男士内裤纯棉全棉抗菌四角短裤2026新款男生透气平角裤衩,49.90
都市丽人服饰旗舰店,都市丽人内裤男款纯棉抗菌2026新款青少年男生四角裤衩男士短裤头,59.90
全棉时代服饰旗舰店,全棉时代男士内裤纯棉2026年夏季新款男生四角裤男款平角短裤透气,169.00
Celons Karter品牌自营店,CelonsKarter男士内衣裤四角平角纯棉男生款冰丝新款性感薄短裤衩,158.00
特步内衣旗舰,特步内裤男款纯棉内档平角裤2026抗菌透气男生青少年四角短裤正品,59.90
CarreKenbt旗舰店,CarreKenbt男士内裤男生莫代尔抗菌四角裤纯棉透气平角裤头礼盒装,238.00
南极人官方旗舰店,南极人男士内裤冰丝无痕2026新款男生抗菌四角裤衩平角运动短裤男,39.90
尤米服饰店,新款男士内裤青少年运动潮流四角裤头莫代尔透气抗菌平角短裤裤衩,13.90
CAREKOTY内衣旗舰店,CAREKOTY冰丝无痕男士内裤夏季奶皮舒适透气2026新款男生平角短裤,131.00
橙子先生内裤,内裤男生全棉四角短裤2026新款纯棉抗菌透气裤衩青少年运动男裤头,59.80
啄木鸟官方旗舰店,啄木鸟男士内裤男款纯棉2026新款男生四角裤抗菌高弹无痕平角裤头,60.00
蕉下官方旗舰店,蕉下男士内裤莫代尔透气运动不卡裆四角裤抑菌防夹臀男生平角短裤,79.00
七匹狼时尚旗舰店,七匹狼男士内裤男款纯棉2026新款男生大码四角裤全棉名牌高档短裤,99.00
ChirpyKnight旗舰店,ChirpyKnight男士内裤男生纯棉四角平角男款2026新款短裤ieck礼盒,356.00
Bananain蕉内旗舰店,3件|蕉内银皮301P莫代尔男士内裤平角纯棉透气裆冰丝四角短裤男生,89.00
啄木鸟男士内衣裤专店,啄木鸟男士内裤男款纯棉全棉裆四角100%正品男生2025新款短裤头夏,99.00
PIAYBIOY男士内裤,花花公子男士内裤纯棉200斤宽松加大2026新款男生平角裤四角短裤,89.00
ubras品牌官方店,刘雯同款ubras云棉家居服女士睡衣情侣套装男款冰丝短袖短裤26夏,329.00
俞兆林官方旗舰店,纯棉睡衣女士2026新款长袖长裤开衫100%全棉家居服套装可外穿春秋,109.90
家乐芬旗舰店,家乐芬睡衣男士春秋款纯棉长袖家居服条纹熊猫套装四季开衫可外穿,248.00
都市丽人官方旗舰店,都市丽人红色睡衣结婚新婚情侣套装春秋纯棉款鸿运本命年家居服女,299.00
Miiow猫人正品线上店,猫人冰丝睡衣女春夏季可爱兔子家居服送闺蜜女朋友生日礼物礼盒装,114.00
家乐芬旗舰店,【柔感】家乐芬睡衣女士春秋款秋季纯棉长袖家居服薄款高级感套装,248.00
秋鹿官方旗舰店,秋鹿纯棉睡衣女士10A抑菌法式绝美蕾丝九分裤2026新款短袖家居服,229.00
都市丽人内衣旗舰店,都市丽人纯棉睡衣女春秋季2026新款长袖甜美可爱小个子家居服套装,129.90
缪黛旗舰店,三件套睡衣女款夏季纯棉短袖长裤2026新款夏天带胸垫全棉绸家居服,128.00
言仓广州专卖店,言仓线条小狗短袖睡衣套装新疆棉凉感家居服男女情侣生日礼物,158.00
宫蝶官方旗舰店,宫蝶【2套价】迪士尼米奇红色情侣居家服女长袖纯棉新婚睡衣春季,778.00
甜氧少女睡衣sleep,夏季短袖巨好看米菲兔睡衣女凉感棉韩可爱小个子少女公主风家居服,69.90
都市丽人官方旗舰店,都市丽人优可丝【三件套】睡衣女秋季新款甜美碎花吊带长裤家居服,239.90
芬腾可安品牌家居服睡衣,芬腾可安睡衣女款夏季纯棉短袖短裤套装开衫带胸垫家居服可外穿,128.00
棉花泡泡家居服,棉花泡泡 星星泡泡袖A类双层纱纯棉睡衣女款夏全棉短袖家居服套装,155.00
Bananain蕉内旗舰店,一不小心就入手！夏季透气多尺码睡衣,299.00
Bananain蕉内旗舰店,蕉内棉棉305Home男士可外穿家居服棉感长袖情侣睡衣套装女秋新款,219.00
奈奈屿nny,简约风撞色条纹纯棉睡衣女款秋春长袖长裤全棉家居服2026新款秋季,170.00
Thesunの睡衣,『睡帽小狗』卡通睡衣女春秋季纯棉婴儿纱布可外穿长袖套装家居服,168.00
VESSIA  DREAMS丨轻奢分享,维家杨幂同款仿真丝睡衣女春秋月光绸高级感长袖冰丝家居服套装,268.00
Sinbounboun Homedress馨帮帮,馨帮帮Homedress 彩色海星印花睡衣女秋季长袖长裤可爱家居服套装,89.90
软软梦 Softdream,软软梦「天使内心」原创款可爱印花冰丝睡衣女春夏家居服长袖短袖,118.00
艾雅儿家居服,可爱轻松小熊2026新款睡衣女夏季短袖短裤卡通学生夏天家居服套装,64.00
南极人官方旗舰店,南极人纯棉睡衣女款秋冬2026新款宽松长袖甜美可爱大码家居服套装,99.00
十年好店  MoLi莫莉公主,带胸垫一体睡衣女夏天三件套短袖长裤大码200斤胖m宽松波点家居服,85.00
Sinbounboun Homedress馨帮帮,馨帮帮Homedress 少女风波点睡衣女秋季可外穿舒适宽松家居服套装,89.90
思莉太太旗舰店,思莉太太情侣睡衣女款夏季纯棉短袖2026新款超火男士夏天家居服,237.00
名创优品内搭旗舰店,名创优品纯棉睡衣男士春秋2026新款薄款长袖夏季可外穿家居服套装,82.90
樱彩莉 大码女装家居服,格子大码200斤短袖睡衣女夏季新款开衫宽松可外穿长裤家居服套装,128.00
Thesunの睡衣,『青提奶绿』纯色睡衣女夏季2026新款带胸垫夏天短袖可外穿家居服,168.00
新柔意家居服,纯棉睡衣女款春秋季卡通猫爪长袖长裤2026新款全棉薄款家居服套装,98.00
樱彩莉 大码女装家居服,大码胖mm开衫短袖睡衣女夏季2026新款高级感薄款短裤家居服三件套,128.00
鹿安尼旗舰店,米菲【3件套】少女睡衣夏季款纯棉短袖长裤卡通波点可外穿家居服,278.00
MiiOW猫人内衣旗舰店,猫人纯棉睡衣女春夏季短袖短裤2026新款卡通甜美可外穿家居服套装,109.00
宫蝶官方旗舰店,宫蝶【轻柔软】史努比少女睡衣春秋款纯棉长袖防螨可爱家居服外穿,396.00
小树梨家居服,必入！夏季卡通甜点兔家居服！,71.50
新柔意家居服,【蜡笔小新联名】情侣睡衣女款夏季冰丝绸短袖凉感一男一女家居服,109.00
芬腾可安品牌家居服睡衣,芬腾舒适无敌！家居休闲首选款！,188.00
VCTORA,维多利亚【VCTORA】真丝睡衣女款春夏季送女友闺蜜桑蚕丝生日礼物,268.00
奈奈屿nny,秋季日系甜美蓝色纯棉睡衣套装女款春秋2026新款可外穿长袖家居服,170.00
以橘,日系ins自嘲熊睡衣男士春秋季长袖长裤纯棉宽松大码家居服可外穿,159.00
艾雅儿家居服,ins卡通轻松小熊冰丝睡衣女夏天短袖短裤可爱学生夏季家居服套装,64.00
Miiow猫人正品线上店,猫人冰丝睡衣女带胸垫夏季春秋新款短袖三件套可爱兔子送闺蜜礼盒,154.00
眠町原创睡衣,情侣睡衣女夏季冰丝短袖短裤薄款夏天男生卡通可爱夏款家居服套装,89.00
全棉时代服饰旗舰店,【张凌赫同款】全棉时代睡衣女凉感水光棉家居服男女士居家套装可,538.00
都市丽人内衣旗舰店,都市丽人纯棉睡衣女款春秋季2026新款长袖简约大码女士家居服套装,119.90
半岛城市旗舰店,半岛城市小狗睡衣男士春秋季纯棉长袖高级感慵懒风冬天家居服套装,308.00
乐姿梦旗舰店,乐姿梦情侣睡衣女春秋款黑色高级感男士长袖冰丝可外穿家居服套装,298.00
deeplink运动旗舰店,deeplink2026新款假两件瑜伽裤...,1??
拓路者女装旗舰店,【木兰系列】拓路者春秋户外运动喇叭裤女直...,4??
拓路者女装旗舰店,【山猫系列】拓路者代言人同款户外轻薄徒步...,6??
kwer旗舰店,KWER夏季潮牌褶皱冲锋工装伞兵裤男潮流...,1??
胖胖哥大码男装8090,胖胖哥灰色休闲直筒裤男夏季痞帅宽松跑步五...,5?
拓路者旗舰店,【六扇门三季】拓路者户外功能徒步裤男士速...,9??
paulfrank官方旗舰店,PaulFrank/大嘴猴运动裤男士20...,3??
严选精品上等男装,冰丝裤子夏季男士2026新款速干直筒宽松...,1??
悟空有货原创设计师品牌,悟空有货潮牌复古高级感纯色垂感休闲裤男美...,1??
运动男装专柜店,海谰之家冰丝弯刀裤男士夏季薄款宽松直筒男...,1??
FILA官方旗舰店,斐乐直筒裤丨FILA官方男士针织长裤秋冬...,7??
三亲旗舰店,灰色运动裤女春秋2026新款高腰显瘦宽松...,1??
paulfrank官方旗舰店,PaulFrank/大嘴猴2026新款休...,3??
ESSEFAUST潮牌店,ESSEFAUST设计感解构休闲卫裤男潮...,8?
悟空有货原创设计师品牌,悟空有货美式解构拼接水洗运动卫裤男女潮牌...,1??
KENABSTUDIO,KENABSTUDIO春秋新款美式黑色三...,3??
启健旗舰店,黑色弯刀斜切微喇卫裤男款秋季cleanf...,1??
一个最帅的买了,冰丝男士裤子薄款直筒宽松长裤大码运动速干...,1??
李宁官方旗舰店,李宁奶芙裤丨阔腿裤女款秋季新款慵懒垂感直...,2??
卡帝兽旗舰店,裤子男士秋季宽松休闲长裤2026新款男生...,1??
1NING一宁 高个子加长裤,Altezza Divina高个子软壳裤...,2??
lululemon官方旗舰店,Lightweight Softstre...,9??
mpf服饰旗舰店,裤子男士秋季2026新款宽松直筒休闲长裤...,1??
帛先生旗舰店,灰色弯刀卫裤男士休闲裤春秋运动阔腿直筒裤...,1??
lululemon官方旗舰店,Adapted State 女士高腰运动...,1???
WASSUP HAPPY中國总店,wassup happy裤子男士春秋季2...,3??
WIE STUDIO,耐磨防水男士运动裤多口袋设计实用,1??
瞬时山野Monterest,瞬时山野Monterest户外无氟防水休...,3??
国际品牌男装线上商店,海澜·之家冰丝裤男士夏季新款薄款直筒裤子...,3??
品牌折扣男装二号店,海蓝之家冰丝裤男夏季薄款透气宽松直筒运动...,2??
九分帅旗舰店,190加长版高个子裤子男春秋115cm瘦...,1??
回力大码旗舰店,回力冰丝裤子男款夏薄款男裤2026新款速...,1??
奥特莱斯折扣服饰店,海谰之家夏季冰丝裤男士薄款直筒裤子速干长...,1??
JEEP SPIRIT男装旗舰店,吉普冲锋裤男士秋季2026新款工装裤休闲...,1??
青少年男装生活馆,夏春秋季直筒裤子男孩初中高中学生速干运动...,1??
品牌优选线上总仓,HIA/海谰之家夏季冰丝裤男士薄款直筒裤...,3??
帛先生旗舰店,秋季天丝莱赛尔男裤2026新款垂感直筒裤...,1??
MAN PANTS,男士春秋夏季棉感休闲裤春秋直筒裤子宽松运...,8?
nosize旗舰店,裤子男款秋季潮牌三条杠条纹学生运动裤宽松...,1??
特别派旗舰店,裤子男春秋季2026新款休闲裤美式阔腿宽...,1??
李宁官方旗舰店,李宁运动裤男款秋季黑色裤子男士休闲裤跑步...,1??
City Hipster,City Hipster 美式卫裤男春季...,3??
KENABSTUDIO,KENABSTUDIO春秋蓝色抽绳休闲运...,3??
ROSTAT(原ROAST LUCKY),Roast lucky 中缝线单褶轻微喇...,2??
MEBXX,美式复古灰色卫裤男女设计感小众解构宽松显...,1??
我需要一个潮牌,美式复古潮牌豹纹条纹休闲裤男女款秋冬新款...,1??
TENO旗舰店,日本TENO高腰防卷边瑜伽裤收腹提臀健身...,1??
啄木鸟官方旗舰店,啄木鸟2026夏季新款薄款春秋休闲裤男士...,1??
MiiOW猫人集团旗舰店,【田栩宁同款】猫人水光丝小猫爪家居服夏季冰丝男女睡衣2026新款,269.00
芬腾可安汕头企业店,芬腾可安睡衣女春秋款纯棉长袖2026年新款秋季全棉大码家居服套装,298.00
家乐芬旗舰店,家乐芬睡衣女士春秋季秋款纯棉长袖家居服可外穿高级感加大码套装,228.00
ubras品牌官方店,刘雯同款ubras云棉家居服女士睡衣情侣套装男款冰丝短袖短裤26夏,329.00
猫人家居服旗舰店,猫人睡衣女款2026新款高级感夏季纯棉女士夏天短袖粉格家居服套装,119.00
黛忆梦旗舰店,睡衣女秋季纯棉长袖春秋款全棉秋冬开衫夏2026年新款家居服套装冬,170.00
品牌睡衣形象店,浪莎纯棉男士睡衣夏季短袖长裤三件套装全棉大码男款夏天家居服,168.00
MiiOW猫人内衣旗舰店,猫人纯棉睡衣男夏季薄款2026新款短袖套装宽松加大码可外穿家居服,79.00
tbh野兽派家居旗舰店,tbh野兽派家居三丽鸥Hello Kitty天丝棉家居服套装可外穿睡衣女,599.00
秋鹿官方旗舰店,秋鹿纯棉睡衣女士10A抑菌法式绝美蕾丝九分裤2026新款短袖家居服,229.00
奈奈屿nny,ins灰色蝴蝶结春秋睡衣女纯棉布料100全棉家居服秋季套装2026新款,180.00
奈奈屿nny,ins蓝色纯棉长袖长裤春秋睡衣女款两件套2026新款全棉家居服秋季,180.00
家乐芬旗舰店,家乐芬带胸垫睡衣女春秋款长袖莫代尔家居服夏季休闲可外穿三件套,308.00
SecretWorld秘密世界,【赵今麦同款】SecretWorld睡衣女绵柔长袖长裤家居服套装春季夏,199.98
于心于静家居服,纯棉睡衣布料100全棉春秋女款2026年新款甜美樱桃印花家居服套装,150.00
向檬家居服,男士睡衣秋冬季珊瑚绒拉链加厚加绒冬款保暖棉袄家居服套装可外穿,99.00
蘑菇咕咕,蘑菇咕咕娃娃领碎花纯棉双层纱睡衣女款夏薄款短袖全棉家居服套装,155.00
卡琪柔家居服,100%纯棉新婚结婚睡衣情侣春秋季新人红色女套装家居服高级感轻奢,288.00
蘑菇咕咕,蘑菇咕咕小猫和木屋a类纯棉睡衣女夏双层纱100全棉长袖家居服套装,142.00
小新宅家,可爱赫拉兔睡衣女夏季短袖短裤长裤纯棉薄款三件套卡通粉色家居服,178.00
贝妍旗舰店,个性潮女|贝妍史努比长袖修身豹纹阔腿长裤睡衣套装,298.00
宫蝶官方旗舰店,宫蝶【轻柔软】苹果小狗情侣睡衣女春秋款纯棉长袖腊肠狗家居服男,328.00
JoyceBra,JoyceBra韩版星星印花睡衣女2026秋季新款圆领软糯舒适家居服套装,129.90
JoyceBra,JoyceBra  田园风碎花小兔纯棉睡衣女秋季宽松圆领长袖家居服套装,169.90
ubras官方旗舰店,刘雯同款|ubras呼呼睡衣带胸垫深睡家居服套装女士2026年新款夏季,369.00
唯君之爱家居服,纯棉自嘲熊睡衣男女春秋季长袖情侣可爱开衫日系网红风,136.00
雅特茂旗舰店,雅特茂月子服纯夏秋冬季产后棉孕妇睡衣产妇喂奶哺乳衣孕期家居服,208.00
都市丽人官方旗舰店,都市丽人睡衣女款秋冬季珊瑚绒加厚保暖法兰绒家居服可外穿两件套,299.00
樱彩莉 大码女装家居服,大码胖mm开衫短袖睡衣女夏季2026新款高级感薄款短裤家居服三件套,128.00
羊羊鱼 yangyang Yu,日式春秋全棉磨毛绒布睡衣男女士情侣长袖长裤家居服纯棉套装冬季,109.00
NAJO睡饱饱家居服,春季可爱情侣华夫格棉睡衣女款2026新款史努比男士家居服套装,89.60
樱彩莉 大码女装家居服,格子大码200斤短袖睡衣女夏季新款开衫宽松可外穿长裤家居服套装,128.00
馨帮帮sinbounboun Acc配饰店,馨帮帮可爱花边波点开衫睡衣女秋季可外穿舒适长袖长裤家居服套装,89.90
MiiOW猫人内衣旗舰店,猫人纯棉睡衣女春夏季短袖短裤2026新款卡通甜美可外穿家居服套装,109.00
仙莱美旗舰店,莫代尔睡衣女夏季短袖2026新款可外穿大码200斤家居服套装带胸垫,198.00
Sicilyの睡衣,2026新款甜美格子三件套睡衣女款夏季纯棉短袖可外穿家居服套装薄,109.00
芬腾可安 睡衣家居服企业店,芬腾可安带胸垫睡衣女春秋款纯棉长袖简约休闲高级感可外穿家居服,188.00
南极人旗舰店,南极人珊瑚绒女睡衣加绒加厚冬季女2026新款保暖法兰绒家居服套装,159.90
妮狄娅服饰旗舰店,妮狄娅睡衣女秋季纯棉纱布长袖开衫款复古田园风可外穿家居服套装,256.00
Combimini旗舰店,康贝Combi mini春夏季新款碎花睡衣套装小花纯棉长袖家居服套装,299.00
鹿可思家居服,小新同款情侣睡衣女长袖纯棉大码日系男款可爱卡通几何男生家居服,49.00
衣心衣意的小衣橱,情侣装睡衣女加厚珊瑚绒秋冬季大码卡通可爱恐龙款男士保暖家居服,185.00
轩靓官方旗舰店,轩靓2026新款睡衣女春秋季冰丝长袖夏天仿真丝绸高级感家居服套装,306.00
逸品棉情侣睡衣企业店,2026年新款情侣睡衣夏季纯棉短袖一男一女卡通可爱夏天家居服套装,158.00
亲嘴猫旗舰店,亲嘴猫蜡笔小新纯棉情侣短袖可外穿凉感睡衣卡通家居服套装男女夏,289.00
无印生活汇馆,无印睡衣女长袖夏季全棉纯棉双层纱布料秋季情侣款家居服男款薄款,139.80
芬腾可安品牌睡衣直销店,芬腾可安2026年新款睡衣女春秋季纯棉长袖少女学生套头家居服套装,198.00
韩美婷旗舰店,睡衣女款夏季莫代尔短袖七分裤家居服夏天薄款大码套装,148.00
OfAkiva,【李梦同款】OfAkiva“罗曼词”新中...,3??
FIND YA WINGS,《赵奕欢同款》FIND YA WINGS...,3??
一城风絮丨复古原创女装,新款丨绣花复古民国风倒大袖全开襟立领旗袍,1???
闺小蜜旗舰店,新中式旗袍夏季香槟色订婚高端气质改良年轻...,2??
无艳一禾,无艳一禾【白秀珠】原创新中式人棉亚麻提花...,9??
锦绣依人旗袍,锦绣依人粉色旗袍女新中式绝美年轻小个子订...,5??
江南雨巷,【蔓枝】新中式改良旗袍少女感飞飞袖收腰小...,1??
苏玉豪旗舰店,绝美旗袍新中式订婚日常可穿2026新款高...,2??
青翠曼旗舰店,晨袍女新娘宴会气质新中式订婚旗袍婚服鱼尾...,4??
柔裔旗舰店,新中式秀禾服2025新款明星同款新娘结婚...,2???
一缕服饰专营店,粉色短款裙子新中式改良旗袍风吊带连衣裙国...,4??
遇裁人旗舰店,黄色旗袍2026新款女秋冬季长袖新中式改...,2??
盈瓷 GA SEASONS,盈瓷真丝｜紫定成功 桑蚕丝新中式旗袍女夏...,1???
初蝉新中式国风女装,初蝉衣事新中式国风改良旗袍女26夏新款设...,6??
dangdang Somes   当当,dangdangSomes“柳腰轻”1O...,3??
无艳一禾旗舰店,无艳一禾【红尘仙】新中式原创蕾丝提花无袖...,9??
Blovelan藍,Blovelan步步生莲 温柔新中式立领...,2??
艾诗霓婚纱旗舰店,艾诗霓《朱颜辞》新中式订婚旗袍敬酒礼服2...,7??
一城风絮丨复古原创女装,新款丨绣花立领复古民国风倒大袖全开襟旗袍,2???
俏谷韩旗舰店,旗袍秀禾服2026年新款春夏结婚薄款中式...,7??
苏玉豪旗舰店,绿色旗袍高端气质少女新中式2026新款夏...,2??
艾诗霓婚纱旗舰店,艾诗霓《玉瑶》订婚礼服新中式旗袍敬酒20...,8??
HECO旗舰店,HECO【蝶栖】新中式复古改良旗袍裙气质...,5??
OfAkiva,OfAkiva“冷冽岩兰”新中式印花旗袍...,4??
宝石嫁衣,黑色无袖改良走秀旗袍女长款修身显瘦开叉鱼...,7??
云玺礼服,新中式旗袍敬酒服高级感2026新款绝美订...,3??
十六祯,[顺丰] 十六祯「银扇」银色金丝复古港工...,8??
逸红颜旗舰店,逸红颜《欢笺》26年秋新人丝亚麻混纺晕染...,7??
无艳一禾,无艳一禾【金棠砚】新中式国风旗袍连衣裙套...,3??
dangdang Somes   当当,dangdang “柳腰轻2.0”100...,5??
锦绣依人旗袍,白色刺绣国风新中式年轻绝美旗袍女订婚礼服...,3??
初蝉新中式国风女装,初蝉衣事新中式国风改良旗袍女26夏装素雅...,5??
Q女家chiwawameme,Q女家 紫汀序/新中式改良旗袍提花收腰伞...,3??
大蜜cc 微胖定制,DMcc大蜜【东方韵】新中式改良旗袍年轻...,2??
优诗尚美服饰旗舰店,优诗尚美【枫晚】新中式金色旗袍套装新娘气...,7??
思青蔓旗舰店,2026新款黑色改良旗袍连衣裙高端复古高...,2??
一电影一时装旗舰店,一电影一时装夏季新款提花旗袍新中式V领盘...,1???
DearPeony亲爱的牡丹,亲爱的牡丹高级感宫廷黄晨袍两件套新娘无袖...,1???
挽苏服饰旗舰店,挽苏紫色竹叶提花旗袍2026新款改良年轻...,2??
逸红颜旗舰店,逸红颜《寻馥》2026秋新款重工金桂刺绣...,7??
思青蔓旗舰店,2026新款红色改良旗袍连衣裙高端修身新...,3??
南风谷,南风谷【锦瑟】复古立体玫瑰提花改良旗袍2...,2??
DearPeony亲爱的牡丹,亲爱的牡丹新中式鎏金碎花旗袍轻奢出阁宴订...,9??
BlankPalette 调色格,Blank palette|黑色新中式旗...,1??
伊茜礼服,香槟色订婚礼服旗袍敬酒服2026新款高级...,2??
WANGXO,WANGXO｜定制寒梅提花面料｜立体浮雕...,3??
一梦芳华 高级定制,藏蓝色高级感旗袍日常新中式夏秋季2026...,7??
MIMO DK,Mimo dk 国风手工花藤刺绣重工收腰...,6?
森马官方旗舰店,森马牛仔裤女26春秋原色莱赛尔高腰长裤显腿长女士百搭潮酷阔腿裤,299.00
kwer旗舰店,KWER夏季潮牌褶皱冲锋工装伞兵裤男潮流宽松百搭直筒休闲运动裤子,128.00
森马官方旗舰店,森马牛仔裤直筒裤女莱赛尔阔腿裤26新款春秋复古港风松弛拖地长裤,239.00
韩茵美女装旗舰店,高腰卡其色西装裤女2026春秋新款窄版显瘦阔腿裤垂感直筒休闲长裤,359.00
悟空有货原创设计师品牌,悟空有货复古纯色直筒工装裤男潮牌街头宽松复古百搭阔腿休闲长裤,156.00
悟空有货原创设计师品牌,悟空有货潮牌复古高级感纯色垂感休闲裤男美式宽松百搭阔腿运动裤,136.00
KISKO的店,KISKO美式新款莱赛尔打褶阔腿休闲西裤男女cleanfit宽松直筒裤子,398.00
lululemon官方旗舰店,Stretch Woven 女士阔腿裤 拒水*亚洲版型丨lululemon丨LW5HTOA,1080.00
ABWLR (原ABWEAR),ABWLR色彩幻境-原创渐变晕染阔腿牛仔裤女秋季新款宽松直筒拖地裤,558.00
太平鸟官方旗舰店,太平鸟灰色西装裤女2026秋冬新款女裤阔腿休闲裤长裤打褶弯刀西裤,599.00
三亲旗舰店,灰色运动裤女春秋2026新款高腰显瘦宽松垂感直筒休闲卫裤阔腿裤子,199.00
POJNN,POJNN美式高级感弯刀黑色西裤cleanfit廓形阔腿镰刀休闲裤子男女,138.00
兰梦娅旗舰店,白色糯米裤女春秋季2026新款垂感小个子直筒裤宽松bf慵懒风阔腿裤,36.92
IWTFF,IWTFF 黑爵士明线解构莱赛尔羊毛直筒阔腿喇叭西裤垂感抗皱休闲裤,299.00
兰梦娅旗舰店,藏青色山本裤女秋季2026新款小个子高腰垂感宽松版直筒薄款阔腿裤,42.23
三福官方旗舰店,三福女休闲裤2026秋季新款抽绳松紧腰工装裤阔腿宽松休闲裤子女装,349.00
三福官方旗舰店,三福休闲裤2026秋季新款休闲松紧腰个性宽松阔腿直筒裤长裤女装,179.00
ACTHBKIC中国,ACRARDIC2026老钱风灰色打褶A字阔腿西裤男女廓形通勤条纹休闲裤,148.00
Ja1CBAY (原Ja1从不熬夜),Ja1从不熬夜 高腰显瘦阔腿工装裤男女同款百搭拖地情侣款弯刀裤子,168.00
WASSUP ERIKA官方店,WASSUP ERIKA日系冰丝阔腿休闲裤男夏季直筒慵懒松弛垂感山本裤子,258.00
真维斯outlets专柜店,真维斯浅色牛仔裤男生夏季2026美式宽松直筒青少年休闲长裤子春秋,298.00
MJMT自制,美式复古星星印花休闲裤女春秋高腰垂感拖地慵懒宽松运动阔腿裤子,199.00
时尚速递店,美式复古牛仔裤女春秋季新款折痕阔腿休闲设计感显瘦宽松梧桐裤子,69.80
9002UP,9002up美式cleanfit灰色休闲弯刀西裤垂坠感高级感宽松阔腿长裤子,199.00
NERESUM,NERESUM美式复古星星印花牛仔短裤女做旧水洗宽松阔腿休闲七分裤,118.00
FKUG南相酱,FKUG美式复古高个子卡其色休闲阔腿裤女宽松显瘦慵懒加长版拖地裤,99.00
nuthink旗舰店,Nuthink美式复古小狗牛仔裤阔腿水洗做旧垂感裤子男新款2026年秋,268.00
ABWLR (原ABWEAR),ABWLR 素素美女-秋季灰色简约风西装阔腿裤宽松高智感拖地休闲裤,358.00
Thumpup,THUMPUP复古双褶A字宽松垂感休闲西裤男高级感老钱风直筒阔腿裤子,199.00
港风时尚女装  小个子定制,小个子杏色裤子女款阔腿裤女装低腰牛仔裤宽松bf慵懒风直筒休闲裤,63.90
Sleep at 11,Sleep at 11 韩系白色裙边屁帘裤假两件阔腿裤女休闲裤弯刀长裤子,149.00
BTSG,BTSG 复古做旧酵素洗450g酶蓝色休闲卫裤 baggy街头感阔腿运动裤,188.00
Thumpup,THUMPUP复古法式翻边高级感休闲西裤男女宽松垂感老钱风阔腿长裤,258.00
DailyScene,DailyScene「从轻」垂感口袋捏褶廓形空气阔腿裤百搭休闲棕色长裤,389.00
出逃赤岗西,原创灰色廓形高腰休闲西装裤女款秋冬季垂感加厚宽松阔腿直筒裤子,286.00
VNOOK,VNOOK 黑色垂感褶间直筒西裤女新款通勤休闲裤百搭纯色宽松阔腿裤,239.00
ZSEE ISLAND,ZSEE直筒工装裤男女秋季新款美式潮牌复古宽松阔腿垂感休闲伞兵裤,316.00
Pursue style,【乌木沉香】黑色垂感阔腿裤女夏季抽绳休闲弯刀裤梨形报恩长裤子,108.00
哈齿小姐,哈齿小姐 显瘦无压力高密高支宽松垂感廓形系带高腰遮肉阔腿长裤,569.00
马勺旗舰店,cleanfit美式高街原牛水洗七分牛仔裤男夏季百搭休闲A字阔腿中裤,119.00
Ja1CBAY (原Ja1从不熬夜),Ja1从不熬夜 高级感精帆布弯刀工装裤中性风百搭cleanfit阔腿裤子,188.00
一个最帅的买了,冰丝男士裤子薄款直筒宽松长裤大码运动速干2026新款夏季休闲裤男,119.00
裤邦人旗舰店,裤邦人复古阔腿裤女2026秋季新款小个子丝腰带百搭直筒休闲拖地裤,336.00
i.t 品牌店,it :CHOCOOLATE撞色拼接休闲阔腿裤女春秋新款宽松慵懒西装裤子,382.00
WXB无性别 线上商店,韩国 cleanfit双折A字西裤TR混纺垂感宽松休闲直筒裤通勤长裤男女,198.00
yynw旗舰店,莱赛尔天丝亚麻阔腿牛仔裤女2026夏季垂感宽松显瘦拖地直筒长裤子,174.00
it品牌企业店,it:CHOCOOLATE高腰牛仔裤女植物花卉宽松休闲花朵图案显瘦阔腿裤,1099.00
中老年爸妈装,2026夏季新款舒适高腰女士阔腿裤冰丝印花宽松九分裤简约通勤,5.88
羊好好旗舰店,新款白色蛋糕短裙女松紧腰半身裙高腰显瘦百搭通勤高端云朵a字裙,1288.00
Dazi金大支,Dazi金大支蕾丝拼接撞色百褶半身裙2026新款秋季高腰胖mm大码裙子,329.00
羊好好旗舰店,中长款花苞云朵裙夏季新款时尚松紧腰半身裙女高腰显瘦百搭蓬蓬裙,1688.00
Luna7xi,Luna7xi 简约气质半身裙女秋季新款设计感高腰中长款半裙开叉长裙,399.00
三不原创女装,韩系甜美减龄泡泡花苞裙女夏季新款宽松休闲a字短裙蓬蓬半身裙子,179.00
热风官方旗舰店,热风女士白色半身裙2026年夏季新款简约分割伞裙蝴蝶结浪漫半裙,229.00
落落狷介 LUOLUOJUANJIE,落落狷介半身裙女2026新款绿色蕾丝拼接波点半裙小个子松紧腰裙子,358.00
爱情魔鬼鱼女装馆,爱情魔鬼鱼 纯色系带半身裙女2026夏季新款高腰通勤百搭A字裙长裙,169.00
SUW 苏喂,早秋日系复古轻亚风花苞百搭褶皱蓬蓬灰色a字过膝中长裙半身裙女,119.00
靓小靓女装 LiangxiaoLiang,靓小靓高货抗皱超态棉法式伞裙一抚即平氧气小白裙小黑裙,158.00
空栗鼠丸JK,学院风jk长裙百褶裙长款半身裙高腰显瘦小个子a字裙伞裙女jk裙夏,39.90
LotusRoot三寸藕,三寸藕【秋分麦浪】复古格子花边半身裙新款秋季通勤显瘦A字裙女,79.55
林大事LINTINGXIN,灰色百褶西装裙女半身裙高腰休闲a字春夏季过膝中长裙,59.00
爱情魔鬼鱼女装馆,爱情魔鬼鱼 纯色垂感不规则半身裙女2026夏季新款气质宽松长裙子,259.00
Luna7xi,Luna7xi 黑色设计感半身裙女夏季百搭休闲高腰显瘦直筒裙开叉长裙,399.00
ZRCIR,藏青色复古长款半身裙2026早秋新款小个子高腰显瘦A字轻薄花苞裙,139.00
一颗小野莓,一颗小野莓a字高腰半身裙女2026年夏季新款超好看的法式复古长裙,149.99
依艾格旗舰店,学院风灰色西装百褶裙中裙女夏季小个子百搭高腰A字半身裙JK裙子,139.90
YUQIPAO STUDIO,大码胖mm复古格纹半身裙女秋冬新款高腰显瘦A字裙不规则中长裙子,99.80
skechers官方旗舰店,斯凯奇松紧腰半身裙2026年秋季新女装伞裙遮胯直筒显瘦休闲中长裙,339.00
BBT Sweety,BBT Sweety白色花边设计感蛋糕裙短裙女夏季系带低腰显瘦半身裙,109.99
RCDB人间指南,RCDB户外机能风轻量化A字裙裤女防风速干防泼水宽松抽褶半身裙子,229.00
MoXiuYi STUDIO,M【现货】新款设计感卡其色不规则腰带百褶半身裙女夏高腰A字短裙,199.00
Korean  Girl,美拉德咖色拼接格子长款半身裙女春秋季高腰显瘦灯芯绒A字长裙子,98.00
LISA家 简约实用型女装,法式通勤松紧腰裙子毛呢高腰显瘦大摆气质伞裙女秋季26新款半身裙,159.00
阿肉Ree,26秋季百搭灰色半身裙女新款高腰显瘦磨毛西装黑色a字短裙配腰带,49.90
BBT Sweety,BBT Sweety咖色蛋糕裙木耳边蓬蓬半身裙女夏季抽褶透气A字短裙,129.99
Go Girl Go,Go Girl Go 自制欧美风白色垂顺半身裙女夏中腰修身鱼尾裙a字短裙,99.00
依艾格旗舰店,卡其色高腰a字半身裙女2026新款春夏韩系显瘦通勤包臀短裙小个子,109.90
裤邦人旗舰店,裤邦人咖色褶皱花苞半身裙女2026年秋季新款高腰辣妹a字裙长裙子,178.00
韩流风小女人,2026年夏季新款复古做旧水洗蓝高腰牛仔短裙A字显瘦遮胯包臀版型,139.00
红人馆女装店,红人馆包臀半身裙女2026秋季今年流行爆款中长款巨好看麂皮绒裙子,279.80
雨气泡微胖大码女装,大码胖mm粉色碎花雪纺半身裙女春夏长款垂感包臀鱼尾裙不规则长裙,99.80
芊蕙自制女装,一步半身裙女夏季2026新款中长款小个子半身长裙高腰开叉包臀裙子,141.00
小丫头衣社,韩系慵懒风波点半身裙女2026秋季新款松紧腰休闲A字花苞中裙1324Q,81.09
RCDB人间指南,RCDB山系户外速干工装半身裤裙女夏季宽松运动大摆伞裙a字长裙子,189.00
MASS Boutique,MASS灰色半身裙女2026春夏新款高腰显瘦A字裙小个子包臀裙防走光,128.00
YUQIPAO STUDIO,大码胖mm咖色碎花高腰a字半身裙女秋季微胖显瘦一步包臀裙短裙子,88.70
红人馆女装店,红人馆a字半身裙女2026新款秋季包臀咖色高智感穿搭麂皮绒裙子女,129.90
MASS Boutique,MASS 美拉德咖色灯芯绒高腰a字半身裙女2025秋冬新款显瘦中长裙,128.00
小丫头衣社,韩系学院风波点毛呢半身裙女2026秋季新款A字百搭休闲半裙1381A,81.09
vivicathy旗舰店,VIVICATHY2026秋冬美拉德不规则麂皮绒半身裙女辣妹高腰a字中长裙,239.00
百洛安旗舰店,百洛安白色半身裙女2026夏新款松紧高腰显瘦中长款蛋糕裙a字裙,298.00
耶古旗舰店,不对称斜裁复古格子半身裙女春夏秋藏青色格纹长裙飘逸雪纺大摆裙,199.00
素典旗舰店,【绿茵】素典法式波点高腰半身裙女夏季松紧腰A字通勤百搭长裙,237.00
morning bloom,morning bloom美式麂皮绒半身裙女早秋格纹拼接高腰a字包臀短裙子,199.80
芊蕙自制女装,灰色莫代尔开叉半身裙女小个子修身显瘦包臀裙夏季垂感百搭一步裙,189.00
Hhyii,Hhyii 格纹note 复古格纹半身裙女2026春秋百搭高腰a字包臀短裙,173.75
夕洛茜旗舰店,夕洛茜粉色汉服女成人仙气飘飘大袖衫武侠全套古装一整套演出服装,399.00
夕洛茜旗舰店,夕洛茜仙侠风汉服女2026新款白色改良古装套装仙气飘飘武剑演出服,399.00
串恬猴旗舰店,儿童汉服夏季2026新款男童唐装国学服中国风女童春秋款中秋演出服,158.00
墨子研汉服,汉服男白色国风刺绣汉服改良汉元素大袖衫飘逸魏晋风齐腰交领襦裙,418.00
秋醇旗舰店,儿童汉服男童国学服套装三字经古装小学生中国风女春弟子规演出服,43.00
月梳茼旗舰店,月梳茼原创汉服女金台红袖汉元素齐胸衫裙刺绣改良款夏季日常,188.00
安妮优儿意树专卖店,女童敦煌飞天古风汉服中秋新款女孩古装唐装儿童国风民族服装春秋,130.00
夕辰原创衣坊,无品牌·民族服装经典清汉女装表演服多色可选2025冬季,79.90
墨子研汉服,汉服女汉元素宋制交领长衫褙子比甲黑红帅气男款武侠风情侣套装秋,496.00
山河辞令 服道具全,华夏武侠风汉服表演服出班中国风上下五千年古装黑红儿童成人街舞,79.00
秋醇旗舰店,汉服男童国学服儿童马面裙女春季2025新款中国风古装演出服开笔礼,98.00
静还决汉服,静还决 繁华绮梦 原创明制汉服套装比甲长衫马面裙套装春秋季,207.00
月梳茼旗舰店,金枫玉树原创汉服女重工刺绣诃子裙改良齐胸唐制冬款,268.00
静还决汉服,静还决 花间良缘 原创唐制婚服汉服大袖齐胸裙定制盖头婚扇中式,269.00
雨花央雪 原创汉服,雨花央雪【鹤花羽】汉服女明制云肩对襟大袖衫刺绣仙气马面裙秋款,236.00
锦屿禾汉服,原创汉服女【粉黛云裳】中式国风小个子粉色复古清汉马面套装春夏,191.50
爱森缘旗舰店,汉服男童夏季2026新款明制短袖古装儿童帅气男孩演出服国风侠客装,278.00
红纱帐旗舰店,敦煌飞天改良汉服沙漠异域风情刺绣古典舞蹈演出服仙气女艺考飘逸,386.00
肯莎凯旗舰店,【花凤】原创明制汉服红色马面裙新中式订婚敬酒服2026新款婚服夏,222.00
安妮优儿意树专卖店,马面裙女童夏季儿童汉服2026新款新中式古风套装春秋女孩国风古装,170.00
月梳茼原创汉服店,月梳茼原创汉服女【月枝桂香】汉元素齐胸衫裙刺绣改良款秋季日常,148.00
柯雪旗舰店,毕业照改良古装汉服女中国风交领古风男武侠服学生情侣装班服套装,45.00
妮莎倍儿童装,汉服女童超仙2026新款古风连衣裙女孩国风唐装儿童中秋节古装裙子,128.00
风华正茂原创,魏晋风白色汉服小龙女古装白娘子仙气飘飘超仙古风女装2025新款,189.00
乌扣旗舰店,乌扣.陌上 女童汉服春秋款儿童超仙长袖古装襦裙国风连衣裙中秋节,428.00
机器鸭旗舰店,中秋汉服男童演出服女童古风小少爷唐装儿童古装国学服幼儿园服装,80.00
童宝贝服饰,儿童汉服古装小学生女童国庆舞蹈中国风男童国学服诗歌朗诵演出服,142.00
裳云兮旗舰店,裳云兮原创汉服女《春晓》新品唐制齐胸襦裙绣花大袖衫日常春夏款,999.00
爱美丽儿童礼服店,古风汉服女童中国风2026新款超仙蓝色小女孩唐装公主襦裙夏季薄款,328.00
旺铭轩童装汉服,男童汉服春秋2026新款明制小少爷帅气男孩古装演出古风夏季儿童款,288.00
罗袖动香国风,罗袖动香【月兔棋遇】短袄吊带两片裙女26年春装新品日常汉服国风,49.00
紫兰琪旗舰店,儿童壮志少年行舞蹈演出服中国风少年志水墨朗诵表演服装国学汉服,72.50
蜀司绣罗衣原创设计,蜀司绣罗衣丨定乾坤丨帅气酷飒侠客国风古风套装男女拍照古装cos,910.00
裳云兮旗舰店,裳云兮玉蝴蝶原创汉服女明制云肩齐腰褶裙轻薄透披风绣花中秋春夏,999.00
趣味衫国旗舰店,马面裙女童汉服套装春秋2026新款中国风儿童唐装中式女大童三件套,240.00
花上月令原创汉服企业店,原创汉服女【霁月瑶光】魏晋风重工刺绣异志阁古装春夏季款仙国风,319.00
爱美丽儿童礼服店,粉色儿童襦裙2026新款女童汉服中国风唐装连衣裙夏季薄款日常可穿,328.00
糖风旗舰店,汉服男童夏装套装2026新中式国风唐装夏季儿童中秋节幼儿园表演服,199.00
玉术旗舰店,玉术新品【揽月裁樱】大袖衫吊带重工刺绣春夏款仙女改良款汉服女,358.00
爱森缘旗舰店,汉服男童夏季2026新款儿童明制男孩短袖古装明制国风薄款帅气夏装,278.00
嘉沐古风馆,汉服女霁月瑶光改良魏晋风重工刺绣仙侠古装汉元素超仙新款套装,328.00
考味佳华少专卖店,汉服女童2026新款儿童古风演出服男童古装中秋国风公主超仙襦裙秋,69.00
罗袖动香国风,罗袖动香【鸢色淮亭】清冷比甲对襟长袖短衫女汉元素秋冬汉服日常,219.00
锦绣阁汉服,2026女童汉服敦煌异域风情演出服小女孩沙漠西域苗疆少女古风套装,186.00
卡蛮童童装旗舰店,汉服套装儿童新中式唐装开笔礼民族风表演出服幼儿园中秋长袖班服,168.00
一缕服饰专营店,粉色短款裙子新中式改良旗袍风吊带连衣裙国风汉元素少女罩衫套装汉服夏,444.00
异誌閣,异志阁原创汉服人鱼汉元素【织粼寻影】改良重工刺绣2024秋季新款,980.00
肯莎凯旗舰店,【凰羽】原创汉服女红色马面裙套装婚服订婚敬酒服2026新款拜年服,239.00
天猫超市,【祝绪丹同款】幸棉第二代前扣无肩带内衣女...,3??
Bananain蕉内旗舰店,蕉内舒服蕾303A文胸蕾丝美背内衣女薄款...,9?
SecretWorld旗舰店,Secret World低领粉底液内衣女...,1??
SecretWorld旗舰店,【王玉雯同款】粉底液内衣女小胸聚拢透气背...,1??
VICTORIA'S SECRET官方旗舰店,直降208|维密杨幂同款反重力MAX大胸...,4??
Bananain蕉内旗舰店,蕉内凉皮511C凉感细肩带内衣女透气无痕...,1??
好奇蜜斯旗舰店,好奇蜜斯小胸聚拢内衣女显大无钢圈文胸罩套...,1??
怡倩内衣旗舰店,怡倩【氧气杯2.0】大胸显小无痕内衣女薄...,2??
SecretWorld秘密世界,SecretWorld内衣女小胸聚拢收副...,7?
SecretWorld秘密世界,Secret World粉底液内衣女低领...,1??
好奇蜜斯旗舰店,好奇蜜斯大胸显小胸内衣女性感夏薄防下垂法...,1??
六只兔子内衣店,六只兔子蕾丝内衣女小胸聚拢显大性感文胸罩...,9?
vtt旗舰店,时尚小胸女|vtt无钢圈文胸显大聚拢款,1??
内比旗舰店,内比浪漫少女内衣女2026新款聚拢小胸蕾...,6?
都市丽人内衣旗舰店,都市丽人内衣女士收副乳防外扩上托夏薄款无...,1??
ELLEgirl内衣旗舰店,ELLEgirl少女文胸发育期背心青少年...,3??
有棵树官方旗舰店,孟子义推荐有棵树内衣女小胸聚拢收副乳防下...,1??
美丽密语520,维多利亚文胸性感蕾丝显大内衣女士小胸聚拢...,5??
季下旗舰店,季下内衣女大胸显小文胸防下垂大码无痕聚拢...,1??
六只兔子内衣店,六只兔子软支撑内衣女聚拢小胸无钢圈轻薄款...,8?
娜彤蜜旗舰店,调整型内衣女小胸聚拢收副乳文胸塑形矫正防...,1??
内衣工厂总店企业店,法式奢华复古缎面高级纯欲薄款内衣女小胸聚...,9?
芬狄诗官方旗舰店,【吴昕同款】芬狄诗莫吉托内衣女粉底液三角...,1??
ubras官方旗舰店,虞书欣同款ubras无尺码小奶皮无痕内衣...,1??
亲肤日记官方店,亲肤日记u领兔耳二分之一杯薄内衣女小胸轻...,1??
伊丝艾拉官方旗舰店,伊丝艾拉性感纯欲内衣套装女夏薄款大胸显小...,4??
棉先知旗舰店,法式蕾丝无痕内衣女薄款小胸显大无钢圈胸罩...,5?
VICTORIA VIABIVGI品牌店,维多利亚薄款大胸显小内衣女收副乳防下垂胸...,4??
有棵树官方旗舰店,孟子义同款有棵树无尺码内衣女隐形无痕透气...,2??
千灵美旗舰店,塑形内衣女调整型防外扩防下垂矫正聚拢大胸...,1??
卉岩旗舰店,卉岩大杯文胸调整型收副乳全罩杯内衣大胸显...,2??
都市丽人服饰旗舰店,都市丽人内衣女士小胸聚拢显大薄款无钢圈收...,1??
小春更旗舰店,小春更初中生内衣女高中学生青春期发育期背...,1??
小春更旗舰店,小春更高中生少女文胸青春发育期初中学生内...,1??
MiiOW猫人内衣旗舰店,猫人高中生少女运动内衣防震收副乳防下垂聚...,7?
都市丽人潮流旗舰店,都市丽人大码提拉内衣女聚拢防下垂收副乳大...,1??
维多利亚奢品代购店,维多利亚法式三角杯薄款性感美背内衣前扣大...,1??
迷尚萨拉旗舰店,内衣女学生初中大童无钢圈文胸发育期细肩带...,5?
内衣品牌速购1,内衣女小胸聚拢调整型收副乳上托无钢圈蕾丝...,1??
嫦香诗旗舰店,内衣女夏薄款大胸显小胸聚拢收副乳防下垂套...,1??
MiiOW猫人内衣旗舰店,猫人内衣女法式三角杯聚拢小胸舒适不空杯新...,7?
都市丽人旗舰店,都市丽人蕾丝内衣女显小收副乳聚拢防下垂无...,8?
「PA」日本内衣代购店,日本PARFAGE蕾丝性感胸罩小胸聚拢内...,3??
维多利亚高端内衣馆,维多利亚调整型内衣小胸聚拢收副乳无钢圈防...,3??
轻奢YUINI品牌店,【韩国YUINI轻奢】薄款兔耳朵凉感无痕...,1??
都市丽人服饰旗舰店,都市丽人蕾丝碎花内衣女小胸聚拢防下垂收副...,9?
猫人内搭旗舰店,猫人内衣女小胸聚拢无痕文胸立体杯果冻胶软...,9?
草本初色旗舰店,草本初色文胸内衣女生聚拢小胸收副乳防下垂...,5?
dangdang Somes   当当,dangdang somes“古董情书”裙子女款2026中古蕾丝系带衬衫连衣裙,758.00
RICH IN CHEESE 舒胡蕾,法式白色吊带连衣裙女夏高级感气质收腰长款包臀礼服裙,211.00
Valacy's 梵老师,Valacy's 海岛编织系列┋'风吹半夏'镂空肌理度假感针织连衣裙,1280.00
盈瓷 GA SEASONS,盈瓷真丝|万事顺荔 桑蚕丝大王缎连衣裙女夏季新中式小个子吊带裙,894.94
WearKeki,WearKeki●无尽夏 苎麻塔克线小飞袖连衣裙女定染蕾丝拼接娃娃裙,399.00
moco官方奥莱旗舰店,MOCO连衣裙夏V领开衩立裁法式印花修身长裙茶歇裙摩安珂,1299.00
SHENSHEN with U,深深定制 法式高级感露肩连衣裙女白色缎面订婚礼服领证气质长裙,329.00
吴零零轻奢女装,吴零零白羽法式白月光大摆长款连衣裙夏日露背海边度假V领吊带裙,458.90
FLONAKED旗舰店,FLONAKED杏色中式晕染金纱蕾丝层叠荷叶边长袖连衣裙小众设计,1780.00
K姐KSOEUR 品质女装,K姐KSOEUR 【花样年华】  工装风砂洗百百亚麻微A气质连衣裙女,409.00
FLONAKED旗舰店,FLONAKED设计师植庭定位印花层叠花边收腰无袖连衣裙小众设计,1080.00
安妮森林annforest设计师店,一不小心就收藏！绿色亲肤透气连衣裙,859.00
K姐KSOEUR 品质女装,K姐KSOEUR【午后漫步】重工镂空刺绣浪漫氛围感收腰蛋糕连衣裙女,489.00
杜总家原创设计XINUD,杜总家 千穗小姐*原创日系度假氛围碎花连衣短裙显瘦收腰气质绑带,368.00
美妃服饰旗舰店,美妃连衣裙子2026流行新款连身裙大裙摆爆款礼服好看气质米白女装,768.00
郭卷毛,郭卷毛 深灰褶皱网纱无袖连衣裙女夏新款收腰显瘦A字大裙摆长裙子,340.00
三吉黑花,三吉黑花【镜花月】新中式绣花早春漂亮连衣裙子国风蕾丝拼纱长裙,728.00
poemlady旗舰店,诗绪法式方领印花蓝色连衣裙2026夏季新款肌理感减龄中长裙68289,635.00
OAKMOO橡木苔,"OAKMOO/""等你下课硕士版""法式蕾丝边莱赛尔收腰亚麻衬衫连衣裙子",569.00
YAGONGZHU 高定,【赵丽颖 朱珠同款】YAGONGZHU 白色镂空短袖连衣裙宽松a字裙子女,915.00
张大人订制大码女装,张大人大码女装微胖mm韩系清新风波浪边针织裙短袖收腰显瘦A字裙,189.90
THESOONG「宋宋得宋」,THESOONG/间奏夏日 纯苎麻定制印花洗水对丝波点背心连衣裙7439,611.76
Skk Store,Skk Store 原地封神 高品肌理重工蕾丝吊带连衣裙长/短款春夏女,351.50
Muggle Studio 主线,muggle studio 原创设计法式复古夏季气质收腰蕾丝连衣长裙,338.00
WhyBerry Lab,WhyBerry 26SS“纯白茉莉”娃娃领修身连衣裙复古收腰灰裙千金风,329.00
poemlady旗舰店,诗绪法式方领印花粉色连衣裙2026夏季新款肌理感减龄中长裙68289,635.00
三吉黑花,三吉黑花【春酒】新中式丝绒烧花拼纱连衣裙子今年流行新款长裙潮,758.00
OfAkiva,OfAkiva“十四行诗”浪漫印花连衣裙女夏挂脖蕾丝拼接碎花吊带裙,489.00
DIAMOND STORE,DIAMOND◆浅浅琉璃 法式复古压褶重工长袖天丝度假风荷叶边连衣裙,389.00
安妮森林annforest设计师店,重工莱赛尔镂空绣金丝亮片花边斜襟旗袍连衣裙送吊带裙安妮森林,798.00
菀草壹女装旗舰店,菀草壹2026秋蕾丝印花吊带裙不规则荷叶边连衣裙Q02521639,910.00
香影官方旗舰店,香影波西米亚白色连衣裙女2026秋节新款长袖度假旅游穿搭a字短裙,569.00
熙地旗舰店,熙地2026夏季新款短袖连衣裙女天丝羊毛重工显瘦高垂感A字长裙子,578.00
樱桃线上品牌集合店,【现货正品】Reformation田曦薇同款纯欲波点V领挂脖吊带连衣裙女,588.00
OfAkiva,OfAkiva“云青青”新中式山海经缎面吊带连衣裙显瘦鱼尾长裙,379.00
Lazy Didi,LazyDidi莉莉丝 娃娃领显脸小莱赛尔双色蓬蓬A字裙少女感泡泡袖,339.00
oshea官方旗舰店,oshea高级感千金风无袖连衣裙女2026新款夏钉珠收腰蓬蓬裙a字短裙,790.00
菀草壹女装旗舰店,菀草壹夏季甜美减龄绣花泡泡袖短款连衣裙女Q18621521,910.00
Li Hui Er 李慧儿,LiHuiEr李慧儿【里加晚风】夏季轻奢V领宽松显瘦法式连衣长裙女,612.00
盈瓷 GA SEASONS,盈瓷真丝｜幻彩蝶 桑波缎重工新中式连衣裙女夏季新款小个子短裙,894.94
无艳一禾,无艳一禾【虞娇】2026巨好看绝美不撞款印花飘带人丝高质感连衣裙,661.25
北岛AMUU,「北岛AMUU原创」韩系绑带圆领碎褶连衣裙女春新款纯棉八分袖长裙,239.00
Babymoon 冷月,Babymoon 荷叶短袖印花连衣裙漂亮气质收腰长裙新款夏季裙子女,499.00
Lazy Didi,LazyDidi布拉格之恋 日系立体灵动连衣裙蝴蝶结可拆不对称荷叶边,369.00
北岛AMUU,「北岛AMUU原创」爱心绣花纯棉衬衫连衣裙女春季新款法式温柔长裙,199.00
今屿花花 tefamani,今屿花花 蓝色格子法式连衣裙春装女2023年新款露背无袖收腰长裙,358.00
WANGXO,WANGXO | 夏季清仓合集 | 连衣裙夏季专区2 库存有限，售完为止！,79.00
无艳一禾,无艳一禾【曼城都会】格雷灰莱赛尔亚麻收腰无袖翻领连衣裙-腰带,786.25
FIND YA WINGS,《赵奕欢同款》FIND YA WINGS...,3??
薇薇国际高端定制工作室,红色旗袍敬酒服套装新中式订婚晚礼服高级感...,3??
青翠曼旗舰店,晨袍女新娘宴会气质新中式订婚旗袍婚服鱼尾...,4??
OfAkiva,【李梦同款】OfAkiva“罗曼词”新中...,3??
柔裔旗舰店,新中式秀禾服2025新款明星同款新娘结婚...,2???
江南雨巷,【蔓枝】新中式改良旗袍少女感飞飞袖收腰小...,1??
闺小蜜旗舰店,新中式旗袍夏季香槟色订婚高端气质改良年轻...,2??
Blovelan藍,Blovelan步步生莲 温柔新中式立领...,2??
遇裁人旗舰店,黄色旗袍2026新款女秋冬季长袖新中式改...,2??
锦绣依人旗袍,锦绣依人粉色旗袍女新中式绝美年轻小个子订...,5??
dangdang Somes   当当,dangdangSomes“柳腰轻”1O...,3??
一城风絮丨复古原创女装,新款丨绣花复古民国风倒大袖全开襟立领旗袍,1???
无艳一禾旗舰店,无艳一禾【梳妆】新中式100人丝提花旗袍...,5??
艾诗霓婚纱旗舰店,艾诗霓《朱颜辞》新中式订婚旗袍敬酒礼服2...,7??
OfAkiva,OfAkiva“冷冽岩兰”新中式印花旗袍...,4??
无艳一禾,无艳一禾【白秀珠】原创新中式人棉亚麻提花...,9??
盈瓷 GA SEASONS,盈瓷真丝｜紫定成功 桑蚕丝新中式旗袍女夏...,1???
俏谷韩旗舰店,旗袍秀禾服2026年新款春夏结婚薄款中式...,7??
无艳一禾旗舰店,无艳一禾【红尘仙】新中式原创蕾丝提花无袖...,9??
宝石嫁衣,黑色无袖改良走秀旗袍女长款修身显瘦开叉鱼...,7??
苏玉豪旗舰店,新中式旗袍高端气质改良性感挂脖夏季连衣裙...,2??
优诗尚美服饰旗舰店,【金裳】秀禾服婚服2026新款新中式高端...,1???
云玺礼服,新中式旗袍敬酒服高级感2026新款绝美订...,3??
一城风絮丨复古原创女装,新款丨绣花立领复古民国风倒大袖全开襟旗袍,2???
月华倾礼服,yyds复古女神高腰显瘦婚礼必备,3??
艾诗霓婚纱旗舰店,艾诗霓《玉瑶》订婚礼服新中式旗袍敬酒20...,8??
Q女家chiwawameme,Q女家 紫汀序/新中式改良旗袍提花收腰伞...,3??
dangdang Somes   当当,dangdang“水云身”裙子夏2026...,5??
苏玉豪旗舰店,绿色旗袍高端气质少女新中式2026新款夏...,2??
HECO旗舰店,HECO【蝶栖】新中式复古改良旗袍裙气质...,5??
无艳一禾,无艳一禾【平生欢】新中式原创人丝提花重工...,7??
WANGXO,WANGXO丨月光鎏金蕾丝织韵丨重工立体...,3??
思青蔓旗舰店,2026新款黑色改良旗袍连衣裙高端复古高...,2??
伊茜礼服,香槟色订婚礼服旗袍敬酒服2026新款高级...,2??
BlankPalette 调色格,Blank palette|黑色新中式旗...,1??
大蜜cc 微胖定制,DMcc大蜜【东方韵】新中式改良旗袍年轻...,2??
初蝉新中式国风女装,初蝉衣事新中式国风改良旗袍女26夏新款设...,6??
初蝉新中式国风女装,初蝉衣事新中式国风改良旗袍女26夏装素雅...,5??
WANGXO,WANGXO｜重磅肌理提花水墨印花烫金|...,3??
云鬓斜簪 原创设计师品牌,云鬓斜簪 深咖锦鲤针织旗袍连衣裙 包臀鱼...,2??
优诗尚美服饰旗舰店,优诗尚美【枫晚】新中式金色旗袍套装新娘气...,7??
漫屿ManYu,2026春夏新中式国风改良旗袍连衣裙套装...,1??
MIMO DK,Mimo dk 国风手工花藤刺绣重工收腰...,6?
GJFD(Good Job小众限量定制),Good Job【枝慕月】新中式国风薄纱...,3??
锦绣依人旗袍,2026高端年轻款旗袍女夏季改良粉色订婚...,3??
逸红颜旗舰店,逸红颜《岚星》2026夏新款梦回唐朝定位...,6??
DearPeony亲爱的牡丹,亲爱的牡丹高级感宫廷黄晨袍两件套新娘无袖...,1???
DearPeony亲爱的牡丹,亲爱的牡丹订婚礼服裙中式无袖晨袍长裙红色...,1???
悟空有货原创设计师品牌,悟空有货重磅纯色马吉拉垂感运动卫裤男潮牌...,1??
FILA官方旗舰店,斐乐直筒裤丨FILA官方男士针织长裤秋冬...,7??
1NING一宁 高个子加长裤,Altezza Divina高个子软壳裤...,2??
ESSEFAUST潮牌店,ESSEFAUST设计感解构休闲卫裤男潮...,8?
lululemon官方旗舰店,Lightweight Softstre...,9??
KENABSTUDIO,KENABSTUDIO春秋新款美式黑色三...,3??
lululemon官方旗舰店,Swift 女士阔腿裤 *腰部徽标*亚洲...,1???
瞬时山野Monterest,瞬时山野Monterest户外无氟防水休...,3??
悟空有货原创设计师品牌,悟空有货美式复古褶皱水洗运动卫裤男女潮牌...,1??
DRK,【蒋劲夫同款】DRK提花腰双褶速干运动裤...,2??
我需要一个潮牌,美式复古潮牌豹纹条纹休闲裤男女款秋冬新款...,1??
AFGK线上商店,AFGK25SS美式复古多口袋褶皱迷彩工...,1??
FFR 原F383,F383 美式复古蓝色阔腿裤男女宽松垂感...,1??
蓝岐旗舰店,蓝岐SOLOTEX弹力休闲裤男士2026...,4??
bodydream旗舰店,【穿云裤】BODYDREAM秋新款廓形长...,2??
STAW世拓旗舰店,STAW世拓趣跑二合一3.0短裤带内衬抗...,5??
柳步旗舰店,黑色三条杠速干裤子男夏季薄款美式高街直筒...,1??
瞬时山野Monterest,瞬时山野Monterest户外直筒软壳裤...,4??
ROSTAT(原ROAST LUCKY),Roast lucky 中缝线单褶轻微喇...,2??
KENABSTUDIO,KENABSTUDIO春秋蓝色抽绳休闲运...,3??
AERLIMITEDD专柜定制,鼎级品质！26ss韩系urban小众火柴...,2??
MEBXX,美式复古灰色卫裤男女设计感小众解构宽松显...,1??
WIE STUDIO,谁能拒绝这运动裤太实用了防水透气速干,1??
真维斯休闲旗舰店,真维斯裤子男秋款美式cleanfit休闲...,1??
柳步旗舰店,深蓝色格子裤男女秋季高级感痞帅微喇裤子美...,1??
ackdcs旗舰店,Ackdcs瑜伽裤女新款遮臀显瘦训练健身...,9?
Alleys Gallery线上商店,Alleys Gallery雪花灰色夏季...,2??
BLACKLISTS黑泽川,BLACKLISTS美式基础款刺绣抽绳休...,1??
SMFK旗舰店,【娜扎同款】SMFK黑花园阔腿运动裤P0...,9??
启健旗舰店,黑色弯刀斜切微喇卫裤男款秋季cleanf...,1??
李宁官方旗舰店,李宁奶芙裤丨阔腿裤女款秋季新款慵懒垂感直...,2??
BLACKLISTS黑泽川,BLACKLISTS美式条纹撞色刺绣运动...,1??
boneless官方旗舰店,【商场同款】BONELESS反光牙条拼接...,3??
胖胖哥大码男装8090,胖胖哥灰色休闲直筒裤男夏季痞帅宽松跑步五...,5?
bodydream旗舰店,BODYDREAM华夫格速干裤休闲裤男秋...,1??
严选精品上等男装,冰丝裤子夏季男士2026新款速干直筒宽松...,1??
qotriock官方旗舰店,美式高街弯刀休闲裤子男秋季潮牌宽松重磅运...,1??
gigt极吉官方旗舰店,畅动裤gigt极吉瑜伽裤女运动普拉提健身...,2??
kwer旗舰店,KWER秋季黑色直筒卫裤男款潮牌宽松百搭...,1??
CTB CaptainBeer啤酒队长,CTB啤酒队长 美式星星贴布绣阔腿卫衣裤...,1??
安踏官方旗舰店,安踏奶芙裤丨校服卫裤秋季女裤新款针织运动...,1??
帛先生旗舰店,秋季天丝莱赛尔男裤2026新款垂感直筒裤...,1??
boneless官方旗舰店,BONELESS功能性撞色户外运动休闲长...,3??
帛先生旗舰店,灰色弯刀卫裤男士休闲裤春秋运动阔腿直筒裤...,1??
FPA,FPA户外轻量运动风洞透气冰丝凉感软弹长...,2??
RCDB人间指南,RCDB山系户外防泼水速干工装裤男女中性...,1??
skechers官方旗舰店,斯凯奇卫裤抗起球秋季长裤运动裤直筒糯米裤...,3??
卡帝兽旗舰店,裤子男士秋季宽松休闲长裤2026新款男生...,1??
Bananain蕉内旗舰店,一不小心就入手！夏季透气多尺码睡衣,299.00
言仓广州专卖店,言仓线条小狗短袖睡衣套装新疆棉凉感家居服男女情侣生日礼物,158.00
宫蝶官方旗舰店,宫蝶【2套价】迪士尼米奇红色情侣居家服女长袖纯棉新婚睡衣春季,778.00
都市丽人官方旗舰店,都市丽人优可丝【三件套】睡衣女秋季新款甜美碎花吊带长裤家居服,239.90
都市丽人内衣旗舰店,都市丽人纯棉睡衣女春秋季2026新款长袖甜美可爱小个子家居服套装,129.90
甜氧少女睡衣sleep,夏季短袖巨好看米菲兔睡衣女凉感棉韩可爱小个子少女公主风家居服,69.90
Sinbounboun Homedress馨帮帮,馨帮帮Homedress 波点开衫睡衣裤套装女早秋可外穿长袖长裤家居服,89.90
Bananain蕉内旗舰店,王一博同款蕉内棉棉3系情侣睡衣纯棉短,219.00
缪黛旗舰店,三件套睡衣女款夏季纯棉短袖长裤2026新款夏天带胸垫全棉绸家居服,128.00
棉花泡泡家居服,棉花泡泡 星星泡泡袖A类双层纱纯棉睡衣女款夏全棉短袖家居服套装,155.00
奈奈屿nny,简约风撞色条纹纯棉睡衣女款秋春长袖长裤全棉家居服2026新款秋季,170.00
VESSIA  DREAMS丨轻奢分享,维家杨幂同款仿真丝睡衣女春秋月光绸高级感长袖冰丝家居服套装,268.00
Sinbounboun Homedress馨帮帮,馨帮帮Homedress 小清新碎花花边家居服初秋长袖长裤女款睡衣套装,89.90
奈奈屿nny,秋季日系甜美蓝色纯棉睡衣套装女款春秋2026新款可外穿长袖家居服,170.00
软软梦 Softdream,软软梦「天使内心」原创款可爱印花冰丝睡衣女春夏家居服长袖短袖,118.00
rainbow club日式杂货,晕染蔷薇花∣双层纱布全棉宽松长袖长裤休闲蔷薇花家居服睡衣套装,129.00
宫蝶官方旗舰店,宫蝶【轻柔软】史努比少女睡衣春秋款纯棉长袖防螨可爱家居服外穿,396.00
乐姿梦旗舰店,乐姿梦情侣睡衣女春秋款黑色高级感男士长袖冰丝可外穿家居服套装,298.00
Thesunの睡衣,『睡帽小狗』卡通睡衣女春秋季纯棉婴儿纱布可外穿长袖套装家居服,168.00
芬腾可安品牌家居服睡衣,芬腾可安睡衣女款夏季纯棉短袖短裤套装开衫带胸垫家居服可外穿,128.00
棉花泡泡家居服,棉花泡泡 米白天蓝波点a类纯棉睡衣女夏全棉双层纱短袖家居服套装,158.00
JoyceBra,JoyceBra  星星波点翻领德绒睡衣女秋冬新款舒适可外穿家居服套装,109.90
贝妍旗舰店,个性潮女|贝妍史努比长袖修身豹纹阔腿长裤睡衣套装,298.00
思莉太太旗舰店,思莉太太情侣睡衣女款夏季纯棉短袖2026新款超火男士夏天家居服,237.00
馨帮帮sinbounboun Acc配饰店,馨帮帮可爱花边波点开衫睡衣女秋季可外穿舒适长袖长裤家居服套装,89.90
都市丽人官方旗舰店,都市丽人秋冬季睡衣女款半边绒可外穿2026新款吊带家居服三件套装,299.00
miss cat ponyo家居服,MISSPONYO CCAT带胸垫坑条棉感睡衣女夏季短袖短裤碎花圆领家居服,169.00
芬腾可安品牌家居服睡衣,芬腾舒适无敌！家居休闲首选款！,188.00
小树梨家居服,可爱卡通甜点兔纯棉睡衣女夏款2026新款条纹短袖短裤家居服套装,71.50
乐姿梦旗舰店,家居简约从这款情侣睡衣开始多色选择轻松搭配,298.00
VINEEMAN维妮蔓,【粉兔眠眠】睡衣带胸垫女款2026新款冰丝长袖蕾丝花边居家服套装,55.40
JoyceBra,JoyceBra  韩系豹纹德绒睡衣套装女秋冬舒适翻领可外穿长袖家居服,109.90
ubras品牌官方店,刘雯同款ubras云棉家居服女士睡衣情侣套装男款冰丝短袖短裤26夏,329.00
馨帮帮sinbounboun Acc配饰店,馨帮帮波点翻领睡衣女初秋可外穿宽松休闲舒适长袖长裤家居服套装,69.90
Thesunの睡衣,『松荔花茶』全棉婴儿纱睡衣女款春秋季新款长袖套装可外穿家居服,115.00
悦内官方旗舰店,悦内睡衣女夏季夏天冰丝短袖短裤家居服时尚粉色条纹三件套高级感,338.00
奶喵的裙摆,奶喵【蓝莓兔兔】甜美娃娃领冰丝睡衣卡通春秋可爱长袖长裤家居服,135.00
ubras官方旗舰店,ubras云棉家居服情侣套装长袖长裤女士睡衣带胸垫翻领可外穿夏季,249.00
真丝睡衣家居服,【真丝】睡衣女夏季2026年新款长袖男大码情侣两件套卡通明星同款,428.00
暖暖の睡衣,睡衣女款夏纯棉带胸垫可爱卡通短袖长裤2026新款可外穿套装小个子,99.00
达尔丽官方旗舰店,达尔丽莫代尔棉带胸垫睡衣女春秋新款A类抗菌防螨长袖薄家居服夏,218.00
达尔丽官方旗舰店,达尔丽带胸垫莫代尔棉睡衣女春秋新款长袖A类抗菌防螨薄家居服夏,218.00
贝妍旗舰店,贝妍夏季薄款纯棉短袖情侣睡衣女史努比凉感家居服休闲大码男套装,228.00
家乐芬旗舰店,家乐芬睡衣男士春秋款纯棉长袖家居服条纹熊猫套装四季开衫可外穿,248.00
红豆居家官方旗舰店,红豆呼吸棉情侣睡衣女长袖中厚梭织磨毛纯棉家居服套装男春秋A类,378.00
棉竹屋官方旗舰店,棉竹屋情侣纯棉睡衣套装春夏季2026新款开衫短袖短裤可外穿家居服,220.00
Jennie 珍妮,纯棉睡衣女款2026新款夏季带胸垫短袖三件套卡通全棉春秋天家居服,108.00
芬腾可安 睡衣家居服企业店,芬腾可安睡衣女春秋款100%纯棉长袖条纹花边高级感宽松家居服套装,188.00
有棵树官方旗舰店,有棵树男士内裤纯棉抗菌四角裤2026新款男式平角裤男生短裤衩男款,133.00
Bananain蕉内旗舰店,3件|蕉内凉皮311男士冰丝内裤莫代尔纯棉透气裆四角短裤大码男生,198.00
CarreKenbt旗舰店,CarreKenbt男士内裤男生莫代尔抗菌四角裤纯棉透气平角裤头礼盒装,238.00
SecretWorld秘密世界,时尚潮品！抗菌内裤让你更健康！,79.98
Bananain蕉内旗舰店,3件|蕉内银皮511S男士内裤条纹款纯棉透气裆平角四角短裤高档男生,139.00
全棉时代服饰旗舰店,全棉时代男士内裤纯棉2026年夏季新款男生四角裤男款平角短裤透气,169.00
有棵树官方旗舰店,有棵树男士内裤2026新款纯棉裆四角裤男生莫代尔平角裤男式短裤衩,99.90
全棉时代官方旗舰店,全棉时代男士抗菌内裤纯棉裤头四角短裤平角裤四角短裤,188.00
少女美屋旗舰店,卡通猫内裤~A类纯棉夏季男士内裤抗菌哈喽可爱四角平角裤2026新款,29.85
元力象旗舰店,元力象男士内裤冰丝透气高档新款莫代尔短裤宽松官方男生平角裤头,229.00
全棉时代服饰旗舰店,全棉时代男士抗菌内裤纯棉透气裤头2024新款男生3条装平角裤短裤,188.00
ubras官方旗舰店,ubras纯棉男士内裤字母织带新疆棉7A级抗菌裆夏季薄款男生平角裤,149.00
蕉下官方旗舰店,蕉下男士内裤莫代尔透气运动不卡裆四角裤抑菌防夹臀男生平角短裤,79.00
CarreKenbt旗舰店,CarreKenbt礼盒内裤男士2026春秋新款四角裤抗菌纯棉透气平角裤头,299.00
森马内衣旗舰店,森马男士内裤男生10A级抗菌透气平角裤四角2026新款送男友短裤衩,99.00
雅鹿风之采专卖店,雅鹿男士内裤纯棉平角裤男生透气青少年男款四角短裤大码2026新款,39.90
都市丽人旗舰店,都市丽人男士内裤纯棉2026新款男生透气抗菌男式四角平角男款裤衩,49.90
有棵树企业店铺,有棵树男士内裤2026新款青少年纯棉10A抗菌平角裤无痕透气四角裤,111.90
真维斯天曼专卖店,真维斯男士内裤男生冰丝平角夏季薄款透气四角裤无痕青少年裤头男,49.00
MiiOW猫人内衣旗舰店,猫人男士内裤纯棉2026新款男生透气抗菌男式四角平角男款裤衩大码,49.90
Cukum Kboie品牌专柜店,CukumKboie男士内裤男款纯棉四角平角短裤头冰丝男生2026新款礼盒,359.00
吉良先生,男士内裤纯棉夏季薄款吸汗透气短裤男黑白色男生平角裤青年四角裤,39.00
猫人商务旗舰店,猫人男士内裤男款纯棉平角短裤男生2026新款7A抑菌透气运动四角裤,89.90
CAPABLE KYLIN 卡比雷尔文,CALIENKELER男士内裤男纯棉抗菌四角裤男生夏季透气薄款礼盒装,59.90
MiiOW猫人内衣旗舰店,猫人冰丝男士内裤夏季薄款2026新款平角男生抗菌透气大码四角短裤,59.90
真维斯天曼专卖店,真维斯纯棉男士内裤男生宽松运动透气平角短裤头青少年四角短裤衩,49.00
WEMOVE维姆工作室,维姆工作室 男士内裤纯棉男款平角裤内裤男生潮流四角裤短裤薄款,118.00
橙子先生内裤,内裤男生纯棉四角裤男款短裤青少年简约透气新款男士平角裤头舒适,59.00
南极人服饰旗舰店,南极人冰丝内裤男无痕抗菌纯棉裆透气2026新款青少年四角短裤头衩,59.90
驸马工作室,3条装 巨柔软莫代尔面料透气男士内裤无痕平角裤中腰四角底裤短裤,118.00
JYRH内衣店,内裤男纯棉四角贴身舒适男生潮流透气低腰土平角短裤男款男士裤头,138.00
Lee内衣旗舰店,Lee李牌80支云感棉男士内裤无痕透气10A级抗菌青少年四角裤平角裤,125.00
playboy内衣旗舰店,花花公子男士内裤冰丝无痕四角裤男生2026新款夏季短裤衩男款裤头,99.90
ChoiceKaiser旗舰店,ChoiceKaiser男士内裤男生纯棉莫代尔冰丝四角短裤男2026新款礼盒,228.00
啄木鸟官方旗舰店,啄木鸟官方旗舰店男士内裤男生冰丝轻薄2026夏季高档运动四角裤头,60.00
真维斯内衣旗舰店,真维斯男士内裤男纯棉平角裤抗菌透气四角裤大码裤头男生短裤裤衩,59.00
Celons Karter品牌自营店,CelonsKarter男士内衣裤四角平角纯棉男生款冰丝新款性感薄短裤衩,158.00
悦简内衣,男士内裤男生格子四角裤2026新款平角裤青年短裤运动透气裤头裤衩,39.00
恒源祥内衣旗舰店,恒源祥男士内裤男纯棉抗菌平角裤青年男生全棉四角短裤透气夏薄款,99.00
橙子先生内裤,男士冰丝内裤男生夏季薄款2026新款青少年潮流印花透气抗菌四角裤,50.00
CAREKOTY内衣旗舰店,CAREKOTY冰丝无痕男士内裤夏季奶皮舒适透气2026新款男生平角短裤,131.00
恒源祥内裤旗舰店,恒源祥男士内裤纯棉抗菌男款短裤男生2026新款青年男式四角平角裤,59.00
南极人官方旗舰店,南极人男士内裤冰丝无痕2026新款男生抗菌四角裤衩平角运动短裤男,39.90
蕉克旗舰店,冰丝轻奢缎面男士内裤高裆丝滑10A抑菌裆透气潮流平角四角短裤衩,59.90
clarkarida卡恩旗舰店,男生刚需正品 CK 内裤，简约百搭显品味,276.00
南极人旗舰店,南极人男士内裤平角冰丝男生纯棉裆2026新款四角短裤衩男款夏薄款,119.90
Cloud Krezz 品牌专柜店,Cloud Krezz男士内裤纯棉舒适抗菌礼盒装,99.00
俞兆林官方旗舰店,俞兆林男士内裤男生纯棉阿罗裤四角裤衩宽松透气青少年平角短裤头,55.90
tbh野兽派家居旗舰店,tbh野兽派家居三丽鸥Hello Kitty天丝棉家居服套装可外穿睡衣女,599.00
SecretWorld秘密世界,【赵今麦同款】SecretWorld睡衣女绵柔长袖长裤家居服套装春季夏,199.98
家乐芬旗舰店,家乐芬带胸垫睡衣女春秋款长袖莫代尔家居服夏季休闲可外穿三件套,308.00
奈奈屿nny,ins灰色蝴蝶结春秋睡衣女纯棉布料100全棉家居服秋季套装2026新款,180.00
于心于静家居服,纯棉睡衣布料100全棉春秋女款2026年新款甜美樱桃印花家居服套装,150.00
蘑菇咕咕,蘑菇咕咕娃娃领碎花纯棉双层纱睡衣女款夏薄款短袖全棉家居服套装,155.00
于心于静家居服,双层棉纱睡衣套装女款夏季2026新款甜美可外穿白色纯棉家居服夏款,150.00
奈奈屿nny,秋款韩系撞色拼接纯棉纱睡衣女款春秋季双层纱长袖家居服2026新款,170.00
小新宅家,可爱赫拉兔睡衣女夏季短袖短裤长裤纯棉薄款三件套卡通粉色家居服,178.00
乐菲儿家居服,情侣睡衣女春秋款长袖纯棉网红风ins学生,118.00
Combimini旗舰店,康贝Combi mini春夏季新款碎花睡衣套装小花纯棉长袖家居服套装,299.00
JoyceBra,JoyceBra韩系粉条纹豹纹印花睡衣女秋款长袖棉质可外穿家居服套装,119.90
卡琪柔家居服,100%纯棉新婚结婚睡衣情侣春秋季新人红色女套装家居服高级感轻奢,288.00
贝妍旗舰店,个性潮女|贝妍史努比长袖修身豹纹阔腿长裤睡衣套装,298.00
陌娇旗舰店,"陌娇""甜美白月光""睡衣女春秋款纯棉长袖彩色波点全棉绸家居服套装",268.00
JoyceBra,JoyceBra韩版星星印花睡衣女2026秋季新款圆领软糯舒适家居服套装,129.90
逸品棉情侣睡衣企业店,2026年新款情侣睡衣夏季纯棉短袖一男一女卡通可爱夏天家居服套装,158.00
小新宅家,黄色鼻孔鸡睡衣女夏纯棉短袖短裤长裤薄款三件套可爱轻松熊家居服,188.00
陌娇旗舰店,陌娇睡衣女春秋款条纹纯棉长袖三件套女士2026秋季新款家居服套装,228.00
MiiOW猫人集团旗舰店,【田栩宁同款】猫人水光丝小猫爪家居服夏季冰丝男女睡衣2026新款,269.00
唯君之爱家居服,纯棉自嘲熊睡衣男女春秋季长袖情侣可爱开衫日系网红风,136.00
向檬家居服,男士睡衣秋冬季珊瑚绒加绒加厚保暖男款青少年大码冬天家居服套装,99.00
怀尔蔚旗舰店,男士睡衣长袖纯棉春秋四季款2026新款大码大学男生青年家居服套装,99.90
ubras品牌官方店,刘雯同款ubras云棉家居服女士睡衣情侣套装男款冰丝短袖短裤26夏,329.00
宫蝶官方旗舰店,宫蝶【轻柔软】苹果小狗情侣睡衣女春秋款纯棉长袖腊肠狗家居服男,328.00
亲嘴猫旗舰店,亲嘴猫蜡笔小新纯棉情侣短袖可外穿凉感睡衣卡通家居服套装男女夏,289.00
馨帮帮sinbounboun Acc配饰店,馨帮帮波点翻领睡衣女初秋可外穿宽松休闲舒适长袖长裤家居服套装,69.90
芬腾可安汕头企业店,芬腾可安睡衣女春秋款纯棉长袖2026年新款秋季全棉大码家居服套装,298.00
馨帮帮sinbounboun Acc配饰店,馨帮帮可爱花边波点开衫睡衣女秋季可外穿舒适长袖长裤家居服套装,89.90
韩姿朵旗舰店,史努睡衣女三件套装夏季纯棉短袖长裤可爱夏天春秋款全棉家居服比,139.00
滨滨宝贝旗舰店,婴儿秋衣套装男童家居服分体纯棉女宝宝睡衣春秋儿童长袖内衣秋裤,168.00
肌肤芝士,纯棉磨毛睡衣女士家居服2026春秋冬季新款夏天大码男情侣长袖套装,105.00
Double oo小钱,double oo开衫仿水貂绒家居服纯色女宽松慵懒气质可外穿睡衣软糯,289.00
衣心衣意的小衣橱,情侣装睡衣女加厚珊瑚绒秋冬季大码卡通可爱恐龙款男士保暖家居服,185.00
Coy Kiss 轻奢睡衣,Coy Kiss真丝睡衣男款2026新款秋长袖轻奢简约纯色高级感礼盒套装,388.00
苏豆童装旗舰店,婴儿套装羊毛蚕丝加绒加厚A类男女宝宝高腰护肚家居睡衣,89.90
都市丽人官方旗舰店,都市丽人睡衣女款秋冬季珊瑚绒加厚保暖法兰绒家居服可外穿两件套,299.00
品牌睡衣形象店,浪莎纯棉男士睡衣夏季短袖长裤三件套装全棉大码男款夏天家居服,168.00
miiow猫人专卖店,猫人妈妈睡衣女2026春秋新款中老年人宽松大码长袖套头家居服套装,119.00
同语旗舰店,同语睡衣女款夏季凉感莫代尔棉薄款短袖豹纹小猫可外穿家居服套装,139.00
Combimini旗舰店,康贝Combi mini春夏男女童婴幼儿童纯棉长袖格子睡衣家居服套装,299.00
家乐芬旗舰店,睡衣女士春秋款春秋季纯棉长袖家居服薄款秋冬款冬季大码套装,228.00
肌肤芝士,纯棉磨毛睡衣女士家居服2026春秋冬季新款夏天大码男情侣长袖套装,105.00
NAJO睡饱饱家居服,春季可爱情侣华夫格棉睡衣女款2026新款史努比男士家居服套装,89.60
猫人家居服旗舰店,猫人睡衣女款2026新款高级感夏季纯棉女士夏天短袖粉格家居服套装,119.00
韩姿朵旗舰店,史努情侣睡衣女春秋款冰丝长袖可爱卡通仿真丝绸男士夏季家居服比,139.00
miiow猫人官方旗舰店,猫人睡衣女款秋冬季2025新款空气夹层棉加厚格子家居服可外穿套装,199.00
公主不吃饭,睡衣女夏季纯棉短袖大码带胸垫26新款凉感卡通狗套装可外穿家居服,128.00
KISKO的店,KISKO美式新款莱赛尔打褶阔腿休闲西裤男女cleanfit宽松直筒裤子,398.00
悟空有货原创设计师品牌,悟空有货立体褶皱A字廓形老钱风长裤子男高级感通勤百搭休闲西裤,178.00
lululemon官方旗舰店,Stretch Woven 女士阔腿裤 拒水*亚洲版型丨lululemon丨LW5HTOA,1080.00
PAIKI,PAIKI2025SS「阶级」剑痕/水洗立体猫须弯刀版型高弹百搭牛仔裤子,315.00
悟空有货原创设计师品牌,悟空有货老钱风腰带亚麻纹弯刀西裤男松弛感宽松阔腿休闲西装长裤,196.00
三福官方旗舰店,三福女休闲裤2026秋季新款抽绳松紧腰工装裤阔腿宽松休闲裤子女装,349.00
ABWLR (原ABWEAR),ABWLR色彩幻境-原创渐变晕染阔腿牛仔裤女秋季新款宽松直筒拖地裤,558.00
ONLPP,ONLPP美式复古设计感螺纹腰头牛仔裤女做旧水洗宽松直筒拖地长裤,228.00
三福官方旗舰店,三福休闲裤2026秋季新款休闲松紧腰个性宽松阔腿直筒裤长裤女装,179.00
NAWS (NOTAWEAR),NAWS【腻腻同款】陶瓷牛仔麻袋裤 水洗反做口袋阔腿裤牛仔裤长裤,670.00
Moment 1991,moment灰色西裤女垂坠高级感宽松设计感显瘦阔腿裤女春秋季日系,367.00
MJMT自制,美式复古星星印花休闲裤女春秋高腰垂感拖地慵懒宽松运动阔腿裤子,199.00
Ja1CBAY (原Ja1从不熬夜),Ja1从不熬夜 高腰显瘦阔腿工装裤男女同款百搭拖地情侣款弯刀裤子,168.00
ABWLR (原ABWEAR),ABWLR 记忆碎片-秋季毛呢阔腿裤女2026新款直筒宽松休闲卫裤,358.00
POJNN,POJNN美式高级感弯刀黑色西裤cleanfit廓形阔腿镰刀休闲裤子男女,138.00
lululemon官方旗舰店,Seersucker WovenAir 女士泡泡纱褶饰长裤丨lululemon丨LW5JHEA,1180.00
Lost myself线上商店,LostMyself 海岛度假多巴胺穿搭彩色亮色系休闲裤长裤水洗牛仔裤,339.00
Have Rice 饭馆 摩登品牌店,量感杨桃裤 立体廓形微肌理感盐缩皱感休闲裤长裤,259.00
时尚速递店,美式复古牛仔裤女春秋季新款折痕阔腿休闲设计感显瘦宽松梧桐裤子,69.80
兰梦娅旗舰店,白色糯米裤女春秋季2026新款垂感小个子直筒裤宽松bf慵懒风阔腿裤,36.92
Sleep at 11,Sleep at 11 韩系白色裙边屁帘裤假两件阔腿裤女休闲裤弯刀长裤子,149.00
9002UP,9002up美式cleanfit灰色休闲弯刀西裤垂坠感高级感宽松阔腿长裤子,199.00
兰梦娅旗舰店,白灰色运动裤女春秋2026新款小个子直筒阔腿裤宽松bf慵懒风卫裤子,61.12
VNOOK,VNOOK 黑色垂感褶间直筒西裤女新款通勤休闲裤百搭纯色宽松阔腿裤,239.00
NERESUM,NERESUM美式复古星星印花牛仔短裤女做旧水洗宽松阔腿休闲七分裤,118.00
it品牌企业店,it:CHOCOOLATE高腰牛仔裤女植物花卉宽松休闲花朵图案显瘦阔腿裤,1099.00
KTONE,KTONE秋季新款蓝色高腰宽松牛仔裤女显瘦常规阔腿裤直筒长裤子,279.00
莱伦斯布正装店,莱伦斯布高腰显瘦弹力微喇裤女秋宽松垂感直筒西裤灰色时髦西装裤,318.00
ISLAND,夏季美式三条杠弯刀卫裤男女宽松百搭垂感街舞阔腿休闲裤子,199.00
DailyScene,DailyScene「从轻」垂感口袋捏褶廓形空气阔腿裤百搭休闲棕色长裤,389.00
ziziFei原创少女装,ziziFei夏美式设计感深灰色高腰蝴蝶结阔腿直筒工装休闲七分裤女,259.00
Thumpup,THUMPUP美式复古垂感剑道弯刀西裤男宽松休闲高级感直筒阔腿裤子,258.00
aoxiaotu,2026春夏新薄款棉麻米白色直筒裤女宽松九分 百搭窄版阔腿工装裤,199.00
sun柚,sun柚 条纹宽松休闲裤抽绳高腰夏季简约松紧腰慵懒松弛阔腿长裤,149.90
马勺旗舰店,cleanfit美式高街原牛水洗七分牛仔裤男夏季百搭休闲A字阔腿中裤,119.00
Moment 1991,moment纯亚麻白色阔腿裤西裤女2026夏季新款简约设计小众复古日系,598.00
ONLPP,ONLPP美式复古粉色阔腿运动卫裤女宽松松紧腰百搭休闲垂感长裤子,228.00
港风时尚女装  小个子定制,小个子杏色裤子女款阔腿裤女装低腰牛仔裤宽松bf慵懒风直筒休闲裤,63.90
FKUG南相酱,FKUG美式复古高个子卡其色休闲阔腿裤女宽松显瘦慵懒加长版拖地裤,99.00
BTSG,BTSG 复古做旧酵素洗450g酶蓝色休闲卫裤 baggy街头感阔腿运动裤,188.00
时尚速递店,波点休闲裤女冬日新款时尚个性高街松驰风拼接腰头白色印花卫裤子,79.80
语熹旗舰店,美式灰色运动裤女秋季2026新款宽松卫裤高腰垂感休闲弯刀阔腿裤子,148.00
Ja1CBAY (原Ja1从不熬夜),Ja1从不熬夜 高级感精帆布弯刀工装裤中性风百搭cleanfit阔腿裤子,188.00
玥可馨旗舰店,美式复古卡其色牛仔裤小个子秋季宽松显瘦女款裤子直筒阔腿休闲裤,73.90
哈齿小姐,哈齿小姐 显瘦无压力高密高支宽松垂感廓形系带高腰遮肉阔腿长裤,569.00
VNOOK,VNOOK 亚麻混纺阔腿裤女夏薄款2026新款宽松慵懒风直筒休闲垂垂裤,239.00
i.t 品牌店,it :CHOCOOLATE撞色拼接休闲阔腿裤女春秋新款宽松慵懒西装裤子,382.00
中老年爸妈装,2026夏季新款舒适高腰女士阔腿裤冰丝印花宽松九分裤简约通勤,5.88
羊好好旗舰店,新款白色蛋糕短裙女松紧腰半身裙高腰显瘦百搭通勤高端云朵a字裙,1288.00
羊好好旗舰店,中长款花苞云朵裙夏季新款时尚松紧腰半身裙女高腰显瘦百搭蓬蓬裙,1688.00
Luna7xi,Luna7xi 简约气质半身裙女秋季新款设计感高腰中长款半裙开叉长裙,399.00
三不原创女装,韩系甜美减龄泡泡花苞裙女夏季新款宽松休闲a字短裙蓬蓬半身裙子,179.00
热风官方旗舰店,热风女士白色半身裙2026年夏季新款简约分割伞裙蝴蝶结浪漫半裙,229.00
空栗鼠丸JK,学院风jk长裙百褶裙长款半身裙高腰显瘦小个子a字裙伞裙女jk裙夏,39.90
SUW 苏喂,早秋日系复古轻亚风花苞百搭褶皱蓬蓬灰色a字过膝中长裙半身裙女,119.00
落落狷介 LUOLUOJUANJIE,落落狷介半身裙女2026新款绿色蕾丝拼接波点半裙小个子松紧腰裙子,358.00
林大事LINTINGXIN,灰色百褶西装裙女半身裙高腰休闲a字春夏季过膝中长裙,59.00
LotusRoot三寸藕,三寸藕【秋分麦浪】复古格子花边半身裙新款秋季通勤显瘦A字裙女,79.55
靓小靓女装 LiangxiaoLiang,靓小靓高货抗皱超态棉法式伞裙一抚即平氧气小白裙小黑裙,158.00
爱情魔鬼鱼女装馆,爱情魔鬼鱼 纯色系带半身裙女2026夏季新款高腰通勤百搭A字裙长裙,169.00
Luna7xi,Luna7xi 黑色设计感半身裙女夏季百搭休闲高腰显瘦直筒裙开叉长裙,399.00
爱情魔鬼鱼女装馆,爱情魔鬼鱼 纯色垂感不规则半身裙女2026夏季新款气质宽松长裙子,259.00
ZRCIR,藏青色复古长款半身裙2026早秋新款小个子高腰显瘦A字轻薄花苞裙,139.00
一颗小野莓,一颗小野莓a字高腰半身裙女2026年夏季新款超好看的法式复古长裙,149.99
Korean  Girl,美拉德咖色拼接格子长款半身裙女春秋季高腰显瘦灯芯绒A字长裙子,98.00
YUQIPAO STUDIO,大码胖mm复古格纹半身裙女秋冬新款高腰显瘦A字裙不规则中长裙子,99.80
依艾格旗舰店,学院风灰色西装百褶裙中裙女夏季小个子百搭高腰A字半身裙JK裙子,139.90
RCDB人间指南,RCDB户外机能风轻量化A字裙裤女防风速干防泼水宽松抽褶半身裙子,229.00
依艾格旗舰店,卡其色高腰a字半身裙女2026新款春夏韩系显瘦通勤包臀短裙小个子,109.90
MoXiuYi STUDIO,M【现货】新款设计感卡其色不规则腰带百褶半身裙女夏高腰A字短裙,199.00
阿肉Ree,秒变女神灰色高腰裙显瘦A字版型职场穿搭,49.90
LISA家 简约实用型女装,法式通勤松紧腰裙子毛呢高腰显瘦大摆气质伞裙女秋季26新款半身裙,159.00
BBT Sweety,BBT Sweety白色花边设计感蛋糕裙短裙女夏季系带低腰显瘦半身裙,109.99
韩流风小女人,2026年夏季新款复古做旧水洗蓝高腰牛仔短裙A字显瘦遮胯包臀版型,139.00
裤邦人旗舰店,裤邦人咖色褶皱花苞半身裙女2026年秋季新款高腰辣妹a字裙长裙子,178.00
芊蕙自制女装,一步半身裙女夏季2026新款中长款小个子半身长裙高腰开叉包臀裙子,141.00
MASS Boutique,MASS灰色半身裙女2026春夏新款高腰显瘦A字裙小个子包臀裙防走光,128.00
Go Girl Go,Go Girl Go 自制欧美风白色垂顺半身裙女夏中腰修身鱼尾裙a字短裙,99.00
红人馆女装店,红人馆包臀半身裙女2026秋季今年流行爆款中长款巨好看麂皮绒裙子,279.80
小丫头衣社,韩系慵懒风波点半身裙女2026秋季新款松紧腰休闲A字花苞中裙1324Q,81.09
BBT Sweety,BBT Sweety咖色蛋糕裙木耳边蓬蓬半身裙女夏季抽褶透气A字短裙,129.99
雨气泡微胖大码女装,大码胖mm粉色碎花雪纺半身裙女春夏长款垂感包臀鱼尾裙不规则长裙,99.80
MASS Boutique,MASS 美拉德咖色灯芯绒高腰a字半身裙女2025秋冬新款显瘦中长裙,128.00
小丫头衣社,韩系学院风波点毛呢半身裙女2026秋季新款A字百搭休闲半裙1381A,81.09
vivicathy旗舰店,VIVICATHY2026秋冬美拉德不规则麂皮绒半身裙女辣妹高腰a字中长裙,239.00
素典旗舰店,【绿茵】素典法式波点高腰半身裙女夏季松紧腰A字通勤百搭长裙,237.00
红人馆女装店,红人馆a字半身裙女2026新款秋季包臀咖色高智感穿搭麂皮绒裙子女,129.90
YUQIPAO STUDIO,大码胖mm咖色碎花高腰a字半身裙女秋季微胖显瘦一步包臀裙短裙子,88.70
morning bloom,morning bloom美式麂皮绒半身裙女早秋格纹拼接高腰a字包臀短裙子,199.80
RCDB人间指南,RCDB山系户外速干工装半身裤裙女夏季宽松运动大摆伞裙a字长裙子,189.00
lululemon官方旗舰店,Groove 女士折叠腰部中腰短裙丨lululemon丨LW8AV5S,780.00
百洛安旗舰店,百洛安白色半身裙女2026夏新款松紧高腰显瘦中长款蛋糕裙a字裙,298.00
Hhyii,Hhyii 格纹note 复古格纹半身裙女2026春秋百搭高腰a字包臀短裙,173.75
耶古旗舰店,不对称斜裁复古格子半身裙女春夏秋藏青色格纹长裙飘逸雪纺大摆裙,199.00
芊蕙自制女装,直筒半身裙黑色包臀裙春秋2023新款高腰,168.00
IT'SXIAOK 小康家女装,天啊这卡其色裙子太百搭了秋冬必入,130.00
夕洛茜旗舰店,夕洛茜粉色汉服女成人仙气飘飘大袖衫武侠全套古装一整套演出服装,399.00
夕洛茜旗舰店,夕洛茜仙侠风汉服女2026新款白色改良古装套装仙气飘飘武剑演出服,399.00
串恬猴旗舰店,儿童汉服夏季2026新款男童唐装国学服中国风女童春秋款中秋演出服,158.00
月梳茼旗舰店,月梳茼原创汉服女金台红袖汉元素齐胸衫裙刺绣改良款夏季日常,188.00
秋醇旗舰店,儿童汉服男童国学服套装三字经古装小学生中国风女春弟子规演出服,43.00
月梳茼旗舰店,金枫玉树原创汉服女重工刺绣诃子裙改良齐胸唐制冬款,268.00
安妮优儿意树专卖店,女童敦煌飞天古风汉服中秋新款女孩古装唐装儿童国风民族服装春秋,130.00
秋醇旗舰店,汉服男童国学服儿童马面裙女春季2025新款中国风古装演出服开笔礼,98.00
静还决汉服,静还决 繁华绮梦 原创明制汉服套装比甲长衫马面裙套装春秋季,207.00
静还决汉服,静还决 花间良缘 原创唐制婚服汉服大袖齐胸裙定制盖头婚扇中式,269.00
童宝贝服饰,儿童汉服古装小学生女童国庆舞蹈中国风男童国学服诗歌朗诵演出服,142.00
雨花央雪 原创汉服,秋冬女对襟汉服,236.00
锦屿禾汉服,原创汉服女【粉黛云裳】中式国风小个子粉色复古清汉马面套装春夏,191.50
山河辞令 服道具全,华夏武侠风汉服表演服出班中国风上下五千年古装黑红儿童成人街舞,79.00
月梳茼原创汉服店,月梳茼原创汉服女【月枝桂香】汉元素齐胸衫裙刺绣改良款秋季日常,148.00
爱森缘旗舰店,汉服男童夏季2026新款明制短袖古装儿童帅气男孩演出服国风侠客装,278.00
安妮优儿意树专卖店,马面裙女童夏季儿童汉服2026新款新中式古风套装春秋女孩国风古装,170.00
红纱帐旗舰店,敦煌飞天改良汉服沙漠异域风情刺绣古典舞蹈演出服仙气女艺考飘逸,386.00
柯雪旗舰店,毕业照改良古装汉服女中国风交领古风男武侠服学生情侣装班服套装,45.00
裳云兮旗舰店,裳云兮原创汉服女《春晓》新品唐制齐胸襦裙绣花大袖衫日常春夏款,999.00
爱美丽儿童礼服店,古风汉服女童中国风2026新款超仙蓝色小女孩唐装公主襦裙夏季薄款,328.00
风华正茂原创,魏晋风白色汉服小龙女古装白娘子仙气飘飘超仙古风女装2025新款,189.00
肯莎凯旗舰店,【花凤】原创明制汉服红色马面裙新中式订婚敬酒服2026新款婚服夏,222.00
妮莎倍儿童装,汉服女童超仙2026新款古风连衣裙女孩国风唐装儿童中秋节古装裙子,128.00
裳云兮旗舰店,裳云兮玉蝴蝶原创汉服女明制云肩齐腰褶裙轻薄透披风绣花中秋春夏,999.00
机器鸭旗舰店,中秋汉服男童演出服女童古风小少爷唐装儿童古装国学服幼儿园服装,80.00
爱美丽儿童礼服店,粉色儿童襦裙2026新款女童汉服中国风唐装连衣裙夏季薄款日常可穿,328.00
花上月令原创汉服企业店,原创汉服女【霁月瑶光】魏晋风重工刺绣异志阁古装春夏季款仙国风,319.00
乌扣旗舰店,乌扣.陌上 女童汉服春秋款儿童超仙长袖古装襦裙国风连衣裙中秋节,428.00
罗袖动香国风,罗袖动香【月兔棋遇】短袄吊带两片裙女26年春装新品日常汉服国风,49.00
一缕服饰专营店,粉色短款裙子新中式改良旗袍风吊带连衣裙国风汉元素少女罩衫套装汉服夏,444.00
锦绣阁汉服,2026女童汉服敦煌异域风情演出服小女孩沙漠西域苗疆少女古风套装,186.00
罗袖动香国风,罗袖动香【鸢色淮亭】清冷比甲对襟长袖短衫女汉元素秋冬汉服日常,219.00
玉术旗舰店,玉术新品【揽月裁樱】大袖衫吊带重工刺绣春夏款仙女改良款汉服女,358.00
嘉沐古风馆,汉服女霁月瑶光改良魏晋风重工刺绣仙侠古装汉元素超仙新款套装,328.00
异誌閣,异志阁原创汉服人鱼汉元素【织粼寻影】改良重工刺绣2024秋季新款,980.00
蜀司绣罗衣原创设计,蜀司绣罗衣丨定乾坤丨帅气酷飒侠客国风古风套装男女拍照古装cos,910.00
旺铭轩童装汉服,男童汉服春秋2026新款明制小少爷帅气男孩古装演出古风夏季儿童款,288.00
趣味衫国旗舰店,马面裙女童汉服套装春秋2026新款中国风儿童唐装中式女大童三件套,240.00
若普格旗舰店,2026新款马面裙女童古风汉服新中式大童儿童古装唐装套装国风春装,158.00
肯莎凯旗舰店,【凰羽】原创汉服女红色马面裙套装婚服订婚敬酒服2026新款拜年服,239.00
妃亦坊服饰旗舰店,妃亦坊原创汉服【拂铃花】唐制齐腰唐褙子襦裙绣花中国风日常夏款,158.00
考味佳华少专卖店,汉服女童2026新款儿童古风演出服男童古装中秋国风公主超仙襦裙秋,69.00
NEXT NOTE,NEXT NOTE汉服女童马面裙春秋款新中式儿童国风改良唐装交领套装,398.00
汉如初 汉服汉元素工作室,未知星辰授权狐踪秘录汉服女中国风汉元素新中式连衣裙套装春夏,628.00
异誌閣,异志阁原创改良【永宴瑶华】魏晋南北朝汉元素重工刺绣意向金定金,1080.00
小不点儿尚衣坊,女童汉服2026新款春秋战国袍国风超仙新中式洋气小女孩两件套唐装,218.00
青衫一笙汉服,汉服女童2026新款国风魏晋风古风唐装广袖交领飘逸仙气古装演出服,248.00
天猫超市,【祝绪丹同款】幸棉第二代前扣无肩带内衣女...,3??
Bananain蕉内旗舰店,蕉内舒服蕾303A文胸蕾丝美背内衣女薄款...,9?
Bananain蕉内旗舰店,蕉内凉皮511C凉感细肩带内衣女透气无痕...,1??
SecretWorld旗舰店,【王玉雯同款】粉底液内衣女小胸聚拢透气背...,1??
SecretWorld旗舰店,Secret World低领粉底液内衣女...,1??
VICTORIA'S SECRET官方旗舰店,直降208|维密杨幂同款反重力MAX大胸...,4??
好奇蜜斯旗舰店,好奇蜜斯小胸聚拢内衣女显大无钢圈文胸罩套...,1??
怡倩内衣旗舰店,怡倩【氧气杯2.0】大胸显小无痕内衣女薄...,2??
SecretWorld秘密世界,SecretWorld内衣女小胸聚拢收副...,7?
SecretWorld秘密世界,Secret World粉底液内衣女低领...,1??
好奇蜜斯旗舰店,好奇蜜斯大胸显小胸内衣女性感夏薄防下垂法...,1??
六只兔子内衣店,六只兔子蕾丝内衣女小胸聚拢显大性感文胸罩...,9?
vtt旗舰店,无痕内衣女士夏季薄小胸聚拢显大无钢圈收副...,1??
美丽密语520,维多利亚文胸性感蕾丝显大内衣女士小胸聚拢...,5??
内比旗舰店,内比浪漫少女内衣女2026新款聚拢小胸蕾...,6?
有棵树官方旗舰店,孟子义推荐有棵树内衣女小胸聚拢收副乳防下...,1??
都市丽人内衣旗舰店,都市丽人内衣女士收副乳防外扩上托夏薄款无...,1??
Beauty时尚甄选,【7A抑菌】内衣女夏季薄款冰丝隐形无痕大...,1??
都市丽人官方旗舰店,都市丽人夏薄款蕾丝内衣女小胸聚拢100%...,1??
ubras官方旗舰店,虞书欣同款ubras无尺码小奶皮无痕内衣...,1??
ELLEgirl内衣旗舰店,ELLEgirl少女文胸发育期背心青少年...,3??
娜彤蜜旗舰店,调整型内衣女小胸聚拢收副乳文胸塑形矫正防...,1??
棉先知旗舰店,法式蕾丝无痕内衣女薄款小胸显大无钢圈胸罩...,5?
都市丽人服饰旗舰店,都市丽人内衣女士小胸聚拢显大薄款无钢圈收...,1??
季下旗舰店,季下内衣女大胸显小文胸防下垂大码无痕聚拢...,1??
亲肤日记官方店,亲肤日记u领兔耳二分之一杯薄内衣女小胸轻...,1??
VICTORIA VIABIVGI品牌店,维多利亚薄款大胸显小内衣女收副乳防下垂胸...,4??
内衣工厂总店企业店,法式奢华复古缎面高级纯欲薄款内衣女小胸聚...,9?
六只兔子内衣店,六只兔子软支撑内衣女聚拢小胸无钢圈轻薄款...,8?
有棵树官方旗舰店,孟子义同款有棵树无尺码内衣女隐形无痕透气...,2??
小春更旗舰店,小春更高中生少女文胸青春发育期初中学生内...,1??
卉岩旗舰店,卉岩大杯文胸调整型收副乳全罩杯内衣大胸显...,2??
草本初色旗舰店,草本初色文胸内衣女生聚拢小胸收副乳防下垂...,5?
芬狄诗官方旗舰店,【吴昕同款】芬狄诗莫吉托内衣女粉底液三角...,1??
小春更旗舰店,小春更初中生内衣女高中学生青春期发育期背...,1??
维多利亚塑形品牌店,维多利亚小胸聚拢显大内衣女收副乳防下垂调...,2??
MiiOW猫人内衣旗舰店,猫人高中生少女运动内衣防震收副乳防下垂聚...,7?
都市丽人潮流旗舰店,都市丽人大码提拉内衣女聚拢防下垂收副乳大...,1??
伊丝艾拉官方旗舰店,伊丝艾拉性感纯欲内衣套装女夏薄款大胸显小...,4??
都市丽人旗舰店,都市丽人蕾丝内衣女显小收副乳聚拢防下垂无...,8?
猫人内搭旗舰店,猫人内衣女小胸聚拢无痕文胸立体杯果冻胶软...,9?
都市丽人服饰旗舰店,都市丽人蕾丝碎花内衣女小胸聚拢防下垂收副...,9?
miiow猫人官方旗舰店,猫人蕾丝内衣女士夏季薄款大胸显小胸性感法...,1??
轻奢YUINI品牌店,【韩国YUINI轻奢】薄款兔耳朵凉感无痕...,1??
维多利亚奢品代购店,维多利亚法式三角杯薄款性感美背内衣前扣大...,1??
猫人奥莱旗舰店,猫人细肩带内衣女夏季薄款冰丝兔耳朵显小无...,2??
MiiOW猫人内衣旗舰店,猫人内衣女法式三角杯聚拢小胸舒适不空杯新...,7?
维多利亚高端内衣馆,维多利亚调整型内衣小胸聚拢收副乳无钢圈防...,3??
XuLu Custom tailor,XULU原创卡戴珊慕斯棉法式性感U领纽扣开襟背心裙黄色针织连衣裙,299.00
dangdang Somes   当当,dangdang somes“古董情书”裙子女款2026中古蕾丝系带衬衫连衣裙,758.00
盈瓷 GA SEASONS,盈瓷真丝|万事顺荔 桑蚕丝大王缎连衣裙女夏季新中式小个子吊带裙,894.94
Valacy's 梵老师,Valacy's 海岛编织系列┋'风吹半夏'镂空肌理度假感针织连衣裙,1280.00
RICH IN CHEESE 舒胡蕾,法式白色吊带连衣裙女夏高级感气质收腰长款包臀礼服裙,211.00
WearKeki,WearKeki●无尽夏 苎麻塔克线小飞袖连衣裙女定染蕾丝拼接娃娃裙,399.00
FLONAKED旗舰店,FLONAKED设计师植庭定位印花层叠花边收腰无袖连衣裙小众设计,1080.00
FLONAKED旗舰店,FLONAKED杏色中式晕染金纱蕾丝层叠荷叶边长袖连衣裙小众设计,1780.00
XuLu Custom tailor,XULU原创法式油画碎花深V弹力网纱抽皱包臀裙挂脖海边度假连衣裙,599.00
SHENSHEN with U,深深定制 法式高级感露肩连衣裙女白色缎面订婚礼服领证气质长裙,329.00
K姐KSOEUR 品质女装,K姐KSOEUR【午后漫步】重工镂空刺绣浪漫氛围感收腰蛋糕连衣裙女,489.00
OAKMOO橡木苔,"OAKMOO/""她的诗""莱赛尔不规则裙夏无袖收腰高级垂感背心连衣长裙",588.00
安妮森林annforest设计师店,一不小心就收藏！绿色亲肤透气连衣裙,859.00
Valacy's 梵老师,Valacy's 南法假日系列┋'泰兰德之夏'鸢尾印花1OO真丝吊带/长裙,1044.70
Lazy Didi,LazyDidi奥德琳千金 天鹅系列 缎光钉珠立裁收腰A字裙鎏金连衣裙,329.00
吴零零轻奢女装,吴零零白羽法式白月光大摆长款连衣裙夏日露背海边度假V领吊带裙,458.90
K姐KSOEUR 品质女装,K姐KSOEUR【秘境】香云纱蜡染拓印风格吊带连衣裙女,369.00
杜总家原创设计XINUD,杜总家 千穗小姐*原创日系度假氛围碎花连衣短裙显瘦收腰气质绑带,368.00
Skk Store,Skk Store 原地封神 高品肌理重工蕾丝吊带连衣裙长/短款春夏女,351.50
THESOONG「宋宋得宋」,THESOONG/间奏夏日 纯苎麻定制印花洗水对丝波点背心连衣裙7439,611.76
poemlady旗舰店,诗绪法式方领印花蓝色连衣裙2026夏季新款肌理感减龄中长裙68289,635.00
美妃服饰旗舰店,美妃连衣裙子2026流行新款连身裙大裙摆爆款礼服好看气质米白女装,768.00
SNIDEL官方旗舰店,SNIDEL2026春夏新品甜美双层荷叶领露肩收腰提花连衣裙SWFO262306,1500.00
菀草壹女装旗舰店,【商场同款】菀草壹26秋蕾丝吊带长裙收腰不规则连衣裙Q10811631,1799.00
Muggle Studio 主线,muggle studio 原创设计法式复古夏季气质收腰蕾丝连衣长裙,338.00
樱桃线上品牌集合店,【现货正品】Reformation田曦薇同款纯欲波点V领挂脖吊带连衣裙女,588.00
张大人订制大码女装,张大人大码女装微胖mm韩系清新风波浪边针织裙短袖收腰显瘦A字裙,189.90
OAKMOO橡木苔,"OAKMOO/""等你下课硕士版""法式蕾丝边莱赛尔收腰亚麻衬衫连衣裙子",569.00
郭卷毛,郭卷毛 深灰褶皱网纱无袖连衣裙女夏新款收腰显瘦A字大裙摆长裙子,340.00
OfAkiva,OfAkiva“十四行诗”浪漫印花连衣裙女夏挂脖蕾丝拼接碎花吊带裙,489.00
Lazy Didi,LazyDidi莉莉丝 娃娃领显脸小莱赛尔双色蓬蓬A字裙少女感泡泡袖,339.00
三吉黑花,三吉黑花【春酒】新中式丝绒烧花拼纱连衣裙子今年流行新款长裙潮,758.00
无艳一禾,无艳一禾【虞娇】2026巨好看绝美不撞款印花飘带人丝高质感连衣裙,661.25
OfAkiva,【李梦同款】OfAkiva“水生系列”原创油画印花吊带连衣裙鱼尾裙,469.00
三吉黑花,三吉黑花【镜花月】新中式绣花早春漂亮连衣裙子国风蕾丝拼纱长裙,728.00
poemlady旗舰店,诗绪法式方领印花粉色连衣裙2026夏季新款肌理感减龄中长裙68289,635.00
菀草壹女装旗舰店,菀草壹2026秋蕾丝印花吊带裙不规则荷叶边连衣裙Q02521639,910.00
oshea官方旗舰店,oshea高级感千金风无袖连衣裙女2026新款夏钉珠收腰蓬蓬裙a字短裙,790.00
DIAMOND STORE,DIAMOND◆浅浅琉璃 法式复古压褶重工长袖天丝度假风荷叶边连衣裙,389.00
安妮森林annforest设计师店,重工莱赛尔镂空绣金丝亮片花边斜襟旗袍连衣裙送吊带裙安妮森林,798.00
盈瓷 GA SEASONS,盈瓷真丝｜蓝雾谣 桑蚕丝收腰连衣裙女夏季小个子时尚度假长裙,894.94
Li Hui Er 李慧儿,LiHuiEr李慧儿【巴厘岛入梦】夏气质亚麻法式度假收腰红色连衣裙,588.00
香影官方旗舰店,香影波西米亚白色连衣裙女2026秋节新款长袖度假旅游穿搭a字短裙,569.00
YUYUWANG包姐,YUYU WANG【安漾】无袖V领连衣裙女夏季蕾丝拼接气质直筒微A长裙,622.35
LOWEY,[现货]lowey 素描庄园 法式连衣裙女印花复古浪漫宫廷方领茶歇裙,599.00
熙地旗舰店,熙地2026夏季新款短袖连衣裙女天丝羊毛重工显瘦高垂感A字长裙子,578.00
YAGONGZHU 高定,YAGONGZHU 吊带连衣裙长款法式荷叶边拼接a字裙子度假风飘逸长裙,964.00
MAXRIENY旗舰店,MAXRIENY复古宫廷风蕾丝连衣裙25秋款端庄领证裙x型收腰鱼尾长裙,2289.00
FIND YA WINGS,《赵奕欢同款》FIND YA WINGS...,3??
青翠曼旗舰店,晨袍女新娘宴会气质新中式订婚旗袍婚服鱼尾...,4??
江南雨巷,【蔓枝】新中式改良旗袍少女感飞飞袖收腰小...,1??
OfAkiva,【李梦同款】OfAkiva“罗曼词”新中...,3??
无艳一禾,无艳一禾【白秀珠】原创新中式人棉亚麻提花...,9??
闺小蜜旗舰店,新中式旗袍夏季香槟色订婚高端气质改良年轻...,2??
无艳一禾旗舰店,无艳一禾【红尘仙】新中式原创蕾丝提花无袖...,9??
一缕服饰专营店,粉色短款裙子新中式改良旗袍风吊带连衣裙国...,4??
锦绣依人旗袍,锦绣依人粉色旗袍女新中式绝美年轻小个子订...,5??
柔裔旗舰店,新中式秀禾服2025新款明星同款新娘结婚...,2???
遇裁人旗舰店,长袖旗袍2026新款女秋改良新中式年轻款...,3??
遇裁人旗舰店,黄色旗袍2026新款女秋冬季长袖新中式改...,2??
Blovelan藍,Blovelan步步生莲 温柔新中式立领...,2??
艾诗霓婚纱旗舰店,艾诗霓《朱颜辞》新中式订婚旗袍敬酒礼服2...,7??
盈瓷 GA SEASONS,盈瓷真丝｜紫定成功 桑蚕丝新中式旗袍女夏...,1???
俏谷韩旗舰店,旗袍秀禾服2026年新款春夏结婚薄款中式...,7??
无艳一禾旗舰店,无艳一禾【梳妆】新中式100人丝提花旗袍...,5??
薇妮纱,新中式晨袍女红色挂脖高端新娘旗袍订婚裙气...,4??
HECO旗舰店,HECO【蝶栖】新中式复古改良旗袍裙气质...,5??
dangdang Somes   当当,dangdangSomes“柳腰轻”1O...,3??
无艳一禾,无艳一禾【玉思黛】2026巨好看不撞款高...,4??
云玺礼服,新中式旗袍敬酒服高级感2026新款绝美订...,3??
一城风絮丨复古原创女装,新款丨绣花复古民国风倒大袖全开襟立领旗袍,1???
Q女家chiwawameme,Q女家 紫汀序/新中式改良旗袍提花收腰伞...,3??
苏玉豪旗舰店,新中式旗袍高端气质改良性感挂脖夏季连衣裙...,2??
OfAkiva,OfAkiva“黑蔷薇”印象派原创印花旗...,4??
春风十里古装工厂店,民国风古装太太贵妇人装酒会礼服舞台表演服,1??
艾诗霓婚纱旗舰店,艾诗霓《玉瑶》订婚礼服新中式旗袍敬酒20...,8??
初蝉新中式国风女装,初蝉衣事新中式国风改良旗袍女26夏新款设...,6??
HiimDai,【赵昭仪同款】HiimDai 夜灼花 新...,3??
WANGXO,WANGXO丨月光鎏金蕾丝织韵丨重工立体...,3??
WANGXO,WANGXO｜重磅肌理提花水墨印花烫金|...,3??
一城风絮丨复古原创女装,新款丨绣花立领复古民国风倒大袖全开襟旗袍,2???
苏玉豪旗舰店,绝美旗袍新中式订婚日常可穿2026新款高...,2??
十六祯,[顺丰] 十六祯「银扇」银色金丝复古港工...,8??
优诗尚美服饰旗舰店,优诗尚美【枫晚】新中式金色旗袍套装新娘气...,7??
月华倾礼服,一不小心就惊艳！高端轻奢小众新娘敬酒服,3??
BlankPalette 调色格,Blank palette|黑色新中式旗...,1??
DearPeony亲爱的牡丹,亲爱的牡丹高级感宫廷黄晨袍两件套新娘无袖...,1???
初蝉新中式国风女装,初蝉衣事新中式国风改良旗袍女26夏装素雅...,5??
蛋妹是个胖仙女,吴珍媛观与微胖大码新中式国风提花刺绣立领...,3??
大蜜cc 微胖定制,DMcc大蜜【东方韵】新中式改良旗袍年轻...,2??
优诗尚美服饰旗舰店,【金裳】秀禾服婚服2026新款新中式高端...,1???
漫屿ManYu,新中式国风改良旗袍连衣裙小个子收腰汉服长...,5?
漫屿ManYu,2026新中式国风旗袍连衣裙女改良琉光薄...,1??
蛋妹是个胖仙女,蛋妹观与大码秋季季胖MM新中式刺绣改良收...,2??
盈瓷 GA SEASONS,盈瓷品质｜海蓝绣 重工国风刺绣改良旗袍女...,4??
小孩子才做选择,『一梦江南』新中式少女高级改良旗袍流行收...,1??
KISKO的店,KISKO美式新款莱赛尔打褶阔腿休闲西裤男女cleanfit宽松直筒裤子,398.00
悟空有货原创设计师品牌,悟空有货立体褶皱A字廓形老钱风长裤子男高级感通勤百搭休闲西裤,178.00
PAIKI,PAIKI2025SS「阶级」剑痕/水洗立体猫须弯刀版型高弹百搭牛仔裤子,315.00
lululemon官方旗舰店,Stretch Woven 女士阔腿裤 拒水*亚洲版型丨lululemon丨LW5HTOA,1080.00
悟空有货原创设计师品牌,悟空有货美式复古迷彩工装牛仔裤男潮牌嘻哈高街hiphop直筒阔腿裤,156.00
4JUNKS,懒人格子休闲裤*4JUNKS*盐缩泡泡纱 松弛A字抽绳松紧腰Gala长裤,169.00
ABWLR (原ABWEAR),ABWLR色彩幻境-原创渐变晕染阔腿牛仔裤女秋季新款宽松直筒拖地裤,558.00
三福官方旗舰店,三福女休闲裤2026秋季新款抽绳松紧腰工装裤阔腿宽松休闲裤子女装,349.00
ONLPP,ONLPP美式复古设计感螺纹腰头牛仔裤女做旧水洗宽松直筒拖地长裤,228.00
SMFK旗舰店,【娜扎同款】SMFK黑花园阔腿运动裤P0009BG满印十字花休闲裤合集,950.00
三福官方旗舰店,三福休闲裤2026秋季新款休闲松紧腰个性宽松阔腿直筒裤长裤女装,179.00
MJMT自制,美式复古星星印花休闲裤女春秋高腰垂感拖地慵懒宽松运动阔腿裤子,199.00
Ja1CBAY (原Ja1从不熬夜),Ja1从不熬夜 高腰显瘦阔腿工装裤男女同款百搭拖地情侣款弯刀裤子,168.00
lululemon官方旗舰店,Seersucker WovenAir 女士泡泡纱褶饰长裤丨lululemon丨LW5JHEA,1180.00
NAWS (NOTAWEAR),NAWS【腻腻同款】陶瓷牛仔麻袋裤 水洗反做口袋阔腿裤牛仔裤长裤,670.00
甄枚前JimmyChan,【法工蓝双膝】甄枚前美式休闲cleanfit双膝设计宽松休闲工装裤潮,148.00
POJNN,POJNN美式高级感弯刀黑色西裤cleanfit廓形阔腿镰刀休闲裤子男女,138.00
兰梦娅旗舰店,白色糯米裤女春秋季2026新款垂感小个子直筒裤宽松bf慵懒风阔腿裤,36.92
ABWLR (原ABWEAR),ABWLR 记忆碎片-秋季毛呢阔腿裤女2026新款直筒宽松休闲卫裤,358.00
时尚速递店,美式复古牛仔裤女春秋季新款折痕阔腿休闲设计感显瘦宽松梧桐裤子,69.80
Lost myself线上商店,LostMyself 海岛度假多巴胺穿搭彩色亮色系休闲裤长裤水洗牛仔裤,339.00
Have Rice 饭馆 摩登品牌店,量感杨桃裤 立体廓形微肌理感盐缩皱感休闲裤长裤,259.00
it品牌企业店,it:CHOCOOLATE高腰牛仔裤女植物花卉宽松休闲花朵图案显瘦阔腿裤,1099.00
Sleep at 11,Sleep at 11 韩系白色裙边屁帘裤假两件阔腿裤女休闲裤弯刀长裤子,149.00
MEBXX,美式复古灰色卫裤男女设计感小众解构宽松显瘦直筒阔腿弯刀运动裤,119.00
KENABSTUDIO,KENABSTUDIO春秋新款复古直筒牛仔裤女美式宽松设计拖地阔腿裤子,358.00
BTSG,BTSG 复古做旧酵素洗450g酶蓝色休闲卫裤 baggy街头感阔腿运动裤,188.00
兰梦娅旗舰店,藏青色山本裤女秋季2026新款小个子高腰垂感宽松版直筒薄款阔腿裤,42.23
FILA官方旗舰店,FILA FUSION斐乐潮牌梭织长裤女26秋季新款宽松休闲裤阔腿裤子,880.00
9002UP,9002up美式cleanfit灰色休闲弯刀西裤垂坠感高级感宽松阔腿长裤子,199.00
KTONE,KTONE秋季新款蓝色高腰宽松牛仔裤女显瘦常规阔腿裤直筒长裤子,279.00
ISLAND,ISLAND美式复古三条杠弯刀卫裤男女宽松百搭垂感街舞阔腿休闲裤子,199.00
NERESUM,NERESUM美式复古星星印花牛仔短裤女做旧水洗宽松阔腿休闲七分裤,118.00
莱伦斯布正装店,莱伦斯布高腰显瘦弹力微喇裤女秋宽松垂感直筒西裤灰色时髦西装裤,318.00
马勺旗舰店,cleanfit美式高街原牛水洗七分牛仔裤男夏季百搭休闲A字阔腿中裤,119.00
DailyScene,DailyScene「从轻」垂感口袋捏褶廓形空气阔腿裤百搭休闲棕色长裤,389.00
Thumpup,THUMPUP美式复古垂感剑道弯刀西裤男宽松休闲高级感直筒阔腿裤子,258.00
XinDUguan,韩系慵懒感蓝色设计拼接休闲裤女夏季2026新款荷叶边格纹阔腿长裤,89.90
ziziFei原创少女装,ziziFei夏美式设计感深灰色高腰蝴蝶结阔腿直筒工装休闲七分裤女,259.00
sun柚,sun柚 条纹宽松休闲裤抽绳高腰夏季简约松紧腰慵懒松弛阔腿长裤,149.90
Frustration Garden失落后花园,失落后花园街头朋克复古水洗破洞压褶弯刀牛仔裤宽松廓形阔腿裤女,399.00
IWTFF,IWTFF 黑爵士明线解构莱赛尔羊毛直筒阔腿喇叭西裤垂感抗皱休闲裤,299.00
时尚速递店,波点休闲裤女冬日新款时尚个性高街松驰风拼接腰头白色印花卫裤子,79.80
港风时尚女装  小个子定制,小个子杏色裤子女款阔腿裤女装低腰牛仔裤宽松bf慵懒风直筒休闲裤,63.90
ACTHBKIC中国,ACRARDIC2026老钱风灰色打褶A字阔腿西裤男女廓形通勤条纹休闲裤,148.00
FKUG南相酱,FKUG美式复古高个子卡其色休闲阔腿裤女宽松显瘦慵懒加长版拖地裤,99.00
ONLPP,ONLPP美式复古粉色阔腿运动卫裤女宽松松紧腰百搭休闲垂感长裤子,228.00
zckw旗舰店,高级感阔腿牛仔裤女2026新款今年流行爆款小个子高腰直筒裤子春季,498.00
RICH IN CHEESE 舒胡蕾,法式吊带连衣裙女夏高级感气质收腰长款包臀...,211.00
张大人订制大码女装,张大人大码女装胖mm韩系显瘦小清新宝蓝色...,89.90
张大人订制大码女装,张大人大码女装微胖mm韩系清新风波浪边针...,189.90
Ranwear official,Ranwear 这是一个有着香气的晚上 ...,296.00
香影官方旗舰店,香影波西米亚白色连衣裙女2026秋节新款...,569.00
WearKeki,WearKeki●无尽夏 苎麻塔克线小飞...,399.00
哈齿小姐,哈齿小姐 流动折扇美学重工立体褶皱宽松显...,799.00
吴零零轻奢女装,吴零零白羽法式白月光大摆长款连衣裙夏日露...,458.90
安妮森林annforest设计师店,耗料2.78米仙气花卉刺绣纯苎麻定染绿色...,859.00
今屿花花 tefamani,今屿花花 蓝色格子法式连衣裙春装女202...,358.00
记忆的起点女装直营官方店,记忆的起点连衣裙套装2026夏季新款韩系...,499.00
RICH IN CHEESE 微胖定制,RICHINCHEESE 茶香可颂【系列...,164.00
小镇姗姗TOWN33,小镇姗姗 那不勒斯少女~白色连衣裙女春秋...,269.00
dangdang Somes   当当,dangdang somes“古董情书”...,758.00
Bluee 33,Bluee33 夏日氧气感清新蓝碎花吊带...,99.00
K姐KSOEUR 品质女装,K姐KSOEUR【莫奈花园】百百兰精天丝...,199.00
哈齿小姐,哈齿小姐 重工镂空立体浮雕刺绣高支100...,769.00
Rucoo入乔,法式复古收腰连衣裙女泡泡袖夏季遮肉显瘦小...,289.00
吴零零轻奢女装,吴零零【黛西】法式吊带连衣裙露背海沙滩边...,458.90
郭卷毛,郭卷毛 冰蓝条纹荡领连衣裙女夏季新款修身...,293.00
Muggle Studio 主线,muggle studio 原创设计法式...,338.00
WhyBerry Lab,WhyBerry 26SS“纯白茉莉”娃...,329.00
Li Hui Er 李慧儿,LiHuiEr李慧儿 简雾 黑色连衣裙女...,443.00
无以幻象 x WUYIHUANXIANG,无以幻象 WUYIHUANXIANG 浪...,368.00
三吉黑花,三吉黑花【镜花月】新中式绣花早春漂亮连衣...,728.00
OfAkiva,OfAkiva“十四行诗”浪漫印花连衣裙...,489.00
桥分野色,桥分野色“颂夏” 法式蕾丝古典刺绣叠搭吊...,459.00
一颗小野莓,一颗小野莓碎花吊带连衣裙女夏2026新款...,119.99
FLONAKED旗舰店,FLONAKED设计师植庭定位印花层叠花...,1080.00
钱安安 JIANO FOREVER,钱安安短款法式气质吊带小礼服修身收腰包臀...,413.00
MUNNS RUIXI,"MUNNS RUIXI""田园花事""淡紫晕...",439.00
LOWEY,[现货]lowey 素描庄园 法式连衣裙...,599.00
Freja旗舰店,Freja25SS Florina Dr...,2880.00
郭卷毛,郭卷毛 深灰褶皱网纱无袖连衣裙女夏新款收...,340.00
DIAMOND STORE,DIAMOND◆麻本麦浪 自制直筒A版宽...,169.00
WANGXO,WANGXO | 夏季清仓合集 | 连衣...,79.00
HooLast设计馆,清新小众绿色碎花连衣裙2026年秋新款原...,998.00
圣多墨原创服饰,咖色一字领短袖连衣裙女夏季收腰褶皱显瘦通...,228.00
YuQian私服定制,云朵气泡蓝设计感可调节肩带吊带连衣裙温柔...,169.00
YAGONGZHU 高定,YAGONGZHU 吊带连衣裙长款法式荷...,964.00
盈瓷 GA SEASONS,盈瓷真丝｜妃子笑 100桑蚕丝连衣裙女夏...,823.35
VASSE   [原Veee],Veee 浪漫夜玫瑰 黑色碎花显瘦泡泡袖...,189.00
无艳一禾,无艳一禾【荔夏】设计感晕染印花蕾丝拼接V...,298.75
芊蕙自制女装,莫代尔垂感吊带裙女灰色背心裙夏季新款打底...,188.00
K姐KSOEUR 品质女装,K姐KSOEUR【午后漫步】重工镂空刺绣...,489.00
FT GUOGE 果哥家,FT GUOGE果哥家2026夏装新款气...,199.99
EGGKA,EGGKA蝴蝶结波点拼接假两件短袖连衣裙...,129.90
LOWEY,[现货]lowey海浪协奏曲'flowi...,559.00
无艳一禾,无艳一禾【平生欢】新中式原创人丝提花重工刺绣旗袍连衣裙,711.25
锦绣依人旗袍,锦绣依人粉色旗袍女新中式绝美年轻小个子订婚短袖收腰连衣裙女夏,599.00
一城风絮丨复古原创女装,新款丨绣花复古民国风倒大袖全开襟立领旗袍,1739.00
Blovelan藍,Blovelan步步生莲 温柔新中式立领提花收腰轻国风旗袍鱼尾连衣裙,249.00
dangdang Somes   当当,dangdangSomes“柳腰轻”1OO人丝斜裁小个子短款绿色旗袍女新中式,388.00
苏玉豪旗舰店,绝美旗袍新中式订婚日常可穿2026新款高端气质印花改良年轻款少女,228.00
OfAkiva,【李梦同款】OfAkiva“罗曼词”新中式印花旗袍连衣裙女背心长裙,399.00
十六梅,十六梅《笑春风》新款新中式提成改良原创设计小个子日常可穿旗袍,599.00
苏玉豪旗舰店,绿色旗袍高端气质少女新中式2026新款夏季提花连衣裙年轻款小个子,228.00
逸红颜旗舰店,逸红颜《欢笺》26年秋新人丝亚麻混纺晕染合欢花刺绣喇叭袖旗袍女,728.00
初蝉新中式国风女装,初蝉衣事新中式国风改良旗袍女26夏新款设计感粉色剪花收腰连衣裙,698.00
无艳一禾旗舰店,无艳一禾【梳妆】新中式100人丝提花旗袍连衣裙+珠片绣云肩,586.25
盈瓷 GA SEASONS,盈瓷真丝｜紫定成功 桑蚕丝新中式旗袍女夏季小个子国风连衣裙,1058.64
无艳一禾,无艳一禾【白秀珠】原创新中式人棉亚麻提花珠链收腰旗袍连衣裙,948.75
锦绣依人旗袍,2026高端年轻款旗袍女夏季改良粉色订婚礼服新中式日常绝美高级感,399.00
Rian trea雨婷,Rian trea雨婷 新中式复古旗袍连衣裙女绿色花卉蕾丝拼接气质旗袍,389.00
盈瓷 GA SEASONS,盈瓷真丝|海蓝兔兔 桑蚕丝新中式旗袍裙女夏小个子修身国风连衣裙,894.94
dangdang Somes   当当,dangdang “柳腰轻2.0”100人丝连衣裙2026新款长款旗袍女新中式,528.00
APOZi collection,APOZi collection【衍生水墨】水墨印花高开旗袍国风改良日常长裙,199.00
一城风絮丨复古原创女装,天姿雪丨一城风絮丨复古立领盘扣全开襟无省古法平裁旗袍日常长款,1759.00
鹿野纱,新中式晨袍女新娘订婚礼服高端轻奢敬酒服2026新款红色旗袍两件套,317.00
吃绿色菜,吃绿色菜【鸢紫】复古新中式改良旗袍连衣裙女无袖收腰印花长裙子,325.00
OfAkiva,OfAkiva“冷冽岩兰”新中式印花旗袍连衣裙女复古盘扣拼接鱼尾裙,439.00
HooLast设计馆,新中式国风碎花旗袍裙女26年秋季新款高腰显瘦小众设计感高品质,998.00
逸红颜旗舰店,逸红颜《寻馥》2026秋新款重工金桂刺绣新中式素雅改良修身旗袍女,798.00
MIMO DK,Mimo dk 国风手工花藤刺绣重工收腰显瘦温柔气质改良旗袍连衣裙,69.80
CERFMIA 小鹿弥雅,小鹿弥雅《花盈》原创新中式复古甜美收腰无袖显瘦旗袍连衣裙夏,299.00
伊茜礼服,香槟色订婚礼服旗袍敬酒服2026新款高级感新中式回门答谢宴两件套,222.00
艾诗霓婚纱旗舰店,艾诗霓《玉瑶》订婚礼服新中式旗袍敬酒2026新娘流苏云肩套装女夏,869.00
艺桥写真馆,2025新中式改良旗袍女新款轻款气质高端提花紫色性感包臀连衣裙服,118.00
大蜜cc 微胖定制,DMcc大蜜【东方韵】新中式改良旗袍年轻款微胖mm显瘦大码连衣裙夏,229.90
云鬓斜簪 原创设计师品牌,云鬓斜簪 深咖锦鲤针织旗袍连衣裙 包臀鱼尾新中式长裙度假日常女,279.00
十六梅,十六梅《双栖》100%桑蚕丝45姆米重缎香云纱复古手工原创设计旗袍,1099.00
初蝉新中式国风女装,初蝉衣事新中式国风改良旗袍女26夏装素雅杏色立体绣花收腰连衣裙,596.00
拾吾梦,拾吾梦新中式黑色改良旗袍流苏刺绣云肩连衣裙修身显瘦连身裙长裙,398.00
维娜新娘旗舰店,旗袍晚礼服女2026新款新中式订婚连衣裙流苏披肩平时可穿回门便装,498.00
墨黛兰旗舰店,绿色小清新旗袍2026新款改良年轻款小个子复古新中式连衣裙女长袖,209.00
CTheMoon,CTheMoon【马年限定正版】小马刺绣旗袍裙新中式连衣裙订婚裙礼服,398.00
馨缘礼服馆,新中式晨袍女新娘敬酒服高级感高端轻奢亮片订婚礼服裙连衣裙旗袍,338.00
一梦芳华 高级定制,藏蓝色高级感旗袍日常新中式夏秋季2026素雅民国风改良新款连衣裙,729.00
漫屿ManYu,新中式国风改良旗袍连衣裙小个子收腰汉服长裙古风礼服绝美初恋,59.90
Babymoon 冷月,Babymoon 新中式改良绣花旗袍连衣裙,299.00
无艳一禾旗舰店,无艳一禾【红尘仙】新中式原创蕾丝提花无袖立领连衣裙,911.25
Blovelan藍,Blovelan幻紫流云 新中式改良国风暗纹印花旗袍收腰琉光纱裙,269.00
云玺礼服,新中式晨袍女新娘旗袍敬酒服高级感结婚订婚礼服两件套出阁宴便装,358.00
维娜新娘旗舰店,改良旗袍敬酒服新娘新中式流苏订婚礼服连衣裙平时可穿回门服晨袍,528.00
艾诗霓婚纱旗舰店,艾诗霓《云禧》新中式改良旗袍连衣裙女新娘结婚小个子红色敬酒服,498.00
墨黛兰旗舰店,紫色素雅奥黛旗袍2026新款改良小清新日常可穿新中式茶服连衣裙女,299.00
东京岁时记JK,东京岁时记JK原创正版制服纯色秋季学院风...,298.00
蓝瑟旗舰店,高腰蓝色牛仔短裙女2026春夏新款a字裙...,139.00
SUW 苏喂,早秋日系复古轻亚风花苞百搭褶皱蓬蓬灰色a...,119.00
落落狷介 LUOLUOJUANJIE,落落狷介半身裙女2026新款绿色蕾丝拼接...,358.00
YUQIPAO STUDIO,大码胖mm复古波点半身裙女秋冬遮胯显瘦蛋...,88.70
LotusRoot三寸藕,三寸藕【秋分麦浪】复古格子花边半身裙新款...,79.55
Dazi金大支,Dazi金大支蕾丝拼接撞色百褶半身裙20...,329.00
爱情魔鬼鱼女装馆,爱情魔鬼鱼 纯色垂感不规则半身裙女202...,259.00
Luna7xi,Luna7xi 蓝色设计感格纹荷叶边不对...,499.00
羊好好旗舰店,新款白色蛋糕短裙女松紧腰半身裙高腰显瘦百...,1288.00
林大事LINTINGXIN,灰色百褶西装裙女半身裙高腰休闲a字春夏季...,59.00
爱情魔鬼鱼女装馆,爱情魔鬼鱼 纯色系带半身裙女2026夏季...,169.00
红人馆女装店,红人馆a字半身裙女2026新款巨好看的长...,279.80
小丫头衣社,韩系学院风波点毛呢半身裙女2026秋季新...,81.09
Luna7xi,Luna7xi 蓝色复古水洗牛仔裙半身裙...,399.00
热风官方旗舰店,热风女士白色半身裙2026年夏季新款简约...,229.00
空栗鼠丸JK,学院风jk长裙百褶裙长款半身裙高腰显瘦小...,39.90
阿一 realeasy,阿一 气质拉满 UMA飘逸长裙女夏季高腰...,159.90
韩流风小女人,2026年夏季新款复古做旧水洗蓝高腰牛仔...,139.00
红人馆女装店,红人馆包臀半身裙女2026秋季今年流行爆...,279.80
小丫头衣社,韩系慵懒风波点半身裙女2026秋季新款松...,81.09
橘子酱YO,橘子酱YO满印星星条纹拼接Y2K古早味蛋...,78.00
YUQIPAO STUDIO,大码胖mm复古格纹半身裙女秋冬新款高腰显...,99.80
ZOCHEEO,ZOCHEEO 灯芯绒a字半身裙女秋冬直...,299.00
Fn Clean Explain,Fn Clean Explain 简约老...,380.00
Chetoor,黑色半身裙女春秋2025年新款芭蕾学院风...,79.90
阿肉Ree,2025春季新款半身裙!巨遮胯巨显瘦!!,49.90
VNOOK,VNOOK肌理流光压褶半身裙女新款松紧腰...,239.00
PINKEEN STUDIO,PINKEEN白色高腰半身裙女装2026...,159.99
馨帮帮sinbounboun,馨帮帮 蕾丝拼接不规则半身裙女秋高腰大摆...,138.00
lululemon官方旗舰店,Groove 女士折叠腰部中腰短裙丨lu...,780.00
阿一 realeasy,阿一扎染上线 半身裙女秋季高腰雪纺小众鱼...,99.90
Crucreamsu叙白,CRUCREAMSU 白色半身裙不规则蕾...,199.00
芊蕙自制女装,直筒半身裙黑色包臀裙春秋2023新款高腰,168.00
依艾格旗舰店,学院风灰色西装百褶裙中裙女夏季小个子百搭...,139.90
MASS Boutique,MASS 美拉德咖色灯芯绒高腰a字半身裙...,128.00
芊蕙自制女装,长款一步裙半身裙女设计感裙子春秋款拖地高...,189.00
北岛AMUU,「北岛AMUU原创」韩系大口袋绿色a字短...,118.00
雨气泡微胖大码女装,大码胖mm日系黑色拼接半身裙女夏褶皱高腰...,88.70
谢荞荞,谢荞荞「轻音摇曳」松紧腰木耳边长裙休闲百...,198.58
岛歌夫人,岛歌夫人重工花型蕾丝半身裙女秋季新款半裙...,159.00
洋橙home,2026春夏秋新款高腰显瘦百搭垂感卡其色...,199.00
恩眷 (原路加LUJIA),【白月光】恩眷_白色花苞裙女2026春夏...,999.00
依艾格旗舰店,卡其色高腰a字半身裙女2026新款春夏韩...,109.90
哈齿小姐,哈齿小姐 复古勃更第细条纹西装通勤直筒高...,539.00
Cozy Days 舒舒的日记本,cozydays绿色格纹半身裙女早秋新款...,199.00
MoXiuYi STUDIO,M【现货】新款设计感卡其色不规则腰带百褶...,199.00
miss大小姐韩国女装,韩国东大门夏季新款韩版复古波点百搭花苞松...,276.00
李宁冠宁专卖店,李宁运动裤男士夏季新款透气直筒裤青少年卫...,249.00
明翼男装,三条杠运动裤男士春秋款宽松直筒大码裤子垂...,158.00
wassupnuraya旗舰店,WASSUPNURAYA纯色休闲卫裤男女...,109.00
拓路者官方旗舰店,【木兰三季】拓路者户外徒步裤女显瘦微喇裤...,789.00
deeplink运动旗舰店,deeplink2026新款假两件瑜伽裤...,140.00
Keep运动服旗舰店,Keep运动短裤女速干透气瑜伽跑步健身短...,169.00
xnun旗舰店,儿童紧身衣训练服速干衣男童秋冬篮球足球打...,76.00
腾途森旗舰店,校服裤子小学生初中高中生一道杠二条杠夏季...,120.00
paulfrank官方旗舰店,PaulFrank/大嘴猴2026新款休...,339.00
FILA官方旗舰店,斐乐直筒裤丨FILA官方男士针织长裤秋冬...,740.00
ESSEFAUST潮牌店,ESSEFAUST设计感解构休闲卫裤男潮...,87.60
KENABSTUDIO,KENABSTUDIO春秋新款美式黑色三...,398.00
悟空有货原创设计师品牌,悟空有货美式解构拼接水洗运动卫裤男女潮牌...,176.00
国货严选旗舰,裤子男款WASSUP TREE春秋季20...,89.00
HTL 回头率,HuiTouLv重磅卫裤男款秋季宽松20...,296.00
悟空有货原创设计师品牌,悟空有货潮牌复古高级感纯色垂感休闲裤男美...,136.00
猫人户外旗舰店,黑色微喇春秋休闲阔腿裤女2026新款夏季...,279.80
bodydream旗舰店,BODYDREAM简单裤 秋季舒适健身卫...,219.00
RAINEECC女装旗舰店,深灰色糯米裤女春秋季2026新款高腰宽松...,259.00
瞬时山野Monterest,瞬时山野Monterest户外无氟防水休...,379.00
lululemon官方旗舰店,Lightweight Softstre...,980.00
lululemon官方旗舰店,Lightweight Softstre...,980.00
我需要一个潮牌,美式复古潮牌豹纹条纹休闲裤男女款秋冬新款...,168.98
真维斯男装总店,真维斯裤子男款春秋2026夏季薄款青少年...,168.00
bodydream旗舰店,【穿云裤】BODYDREAM秋新款廓形长...,289.00
瞬时山野Monterest,瞬时山野Monterest户外吸湿速干轻...,369.00
KENABSTUDIO,KENABSTUDIO春秋蓝色抽绳休闲运...,358.00
李宁官方旗舰店,李宁运动裤男款秋季黑色裤子男士休闲裤跑步...,199.00
FFR 原F383,F383 美式复古蓝色阔腿裤男女宽松垂感...,153.00
安踏官方旗舰店,安踏奶芙裤丨卫裤秋季透气女裤新款针织运动...,199.00
ilovechoc旗舰店,ILOVECHOC美式街头爱心印花拼接春...,379.00
AERLIMITEDD专柜定制,鼎级品质！26ss韩系urban小众火柴...,239.00
AUTICUP线上商店,夏季凉感透气户外速干轻薄高密度尼龙织带打...,89.99
星期十青少年生活馆,美式条纹休闲裤男生春季大童运动裤卫裤宽松...,164.00
MEBXX,美式复古灰色卫裤男女设计感小众解构宽松显...,119.00
vesibo旗舰店,美式解构弯刀卫裤男秋季潮牌宽松垂感运动长...,98.00
柳步旗舰店,黑色三条杠速干裤子男夏季薄款美式高街直筒...,110.00
ROSTAT(原ROAST LUCKY),Roast lucky 中缝线单褶轻微喇...,278.00
臣目旗舰店,cleanfit条纹运动卫裤男款秋季美式...,140.00
李宁官方旗舰店,李宁户外CF溯丨卫裤男士新款长裤男装宽松...,299.00
mpf服饰旗舰店,裤子男士秋季2026新款宽松直筒休闲长裤...,130.00
1NING一宁 高个子加长裤,Altezza Divina「薄爽康宁裤...,269.00
STAW世拓旗舰店,STAW世拓趣跑二合一3.0短裤带内衬抗...,599.00
RCDB人间指南,RCDB轻户外速干工装伞兵裤男女宽松防风...,169.00
卡帝兽旗舰店,裤子男士秋季宽松休闲长裤2026新款男生...,146.00
RCDB人间指南,RCDB户外风防泼水速干阔腿裤男女轻量化...,169.00
SIMPLE 简单主义,420G重磅毛圈布运动短裤男夏季宽松纯色...,109.00
严选精品上等男装,冰丝裤子夏季男士2026新款速干直筒宽松...,119.00
ubras品牌官方店,刘雯同款ubras云棉家居服女士睡衣情侣套装男款冰丝短袖短裤26夏,3??
家乐芬旗舰店,【柔感】家乐芬睡衣女士春秋款秋季纯棉长袖家居服薄款高级感套装,2??
猫人家居服旗舰店,猫人吊带睡裙女款2026新款高级感夏季拉架棉带胸垫婥约性感睡衣女,1??
秋鹿官方旗舰店,秋鹿超柔软莫代尔棉睡衣女士冰丝凉感七分袖家居服套装春夏季薄款,2??
家乐芬旗舰店,家乐芬睡衣男士夏季夏款丝绸冰丝短袖长裤大码家居服男款休闲套装,2??
Bananain蕉内旗舰店,终于找到了一款舒适又时尚的睡衣，简约设计，多种颜色！,2??
ubras品牌官方店,【新品】ubras流光家居服长袖长裤套装带胸垫缎面外穿26秋冬睡衣,3??
贝妍旗舰店,个性潮女|贝妍史努比长袖修身豹纹阔腿长裤睡衣套装,2??
EMXEE嫚熙官方旗舰店,嫚熙秋冬季纯棉吸汗月子服带胸垫孕妇哺乳丝柔棉睡衣产后家居服,6??
宫蝶官方旗舰店,宫蝶【2套价】迪士尼米奇红色情侣居家服女长袖纯棉新婚睡衣春季,7??
宫蝶官方旗舰店,宫蝶【3件套】迪士尼维尼熊长袖睡衣女款秋季纯棉带胸垫吊带套装,4??
Coy Kiss 轻奢睡衣,Coy kiss真丝睡衣女款2026新款秋长袖送女生礼物纯色高档礼盒套装,3??
靓衣邦旗舰店,2026夏季【A类双层棉纱】甜美睡衣套装女轻薄宽松100%纯棉居家服,9?
SecretWorld秘密世界,【赵今麦同款】SecretWorld睡衣女绵柔长袖长裤家居服套装春季夏,1??
Bananain蕉内旗舰店,蕉内丝丝520HPets冰丝可外穿家居服男款情侣长袖睡衣套装女士新款,3??
都市丽人官方旗舰店,都市丽人优可丝【三件套】睡衣女秋季新款甜美碎花吊带长裤家居服,2??
Sinbounboun Homedress馨帮帮,馨帮帮Homedress 波点开衫睡衣裤套装女早秋可外穿长袖长裤家居服,8?
以橘,日系ins自嘲熊睡衣男士春秋季长袖长裤纯棉宽松大码家居服可外穿,1??
芬腾可安品牌家居服睡衣,芬腾可安睡衣女款夏季纯棉短袖短裤套装开衫带胸垫家居服可外穿,1??
奈奈屿nny,甜美韩系少女撞色条纹纯棉纱睡衣女夏2026新款家居服外穿短袖短裤,1??
猫猫猪,日系小狗睡衣女薄款春夏季可外穿纯棉纱短袖学生家居服棉绸三件套,1??
NANS工作室,高级感拉满！小众睡衣推荐！！,4?
Sinbounboun Homedress馨帮帮,馨帮帮Homedress 彩色海星印花睡衣女秋季长袖长裤可爱家居服套装,8?
正品GP Madam家居服,GP Madam蚕丝睡衣男女丝绸长袖春秋情侣真丝小狗明星同款家居服夏,5??
棉花泡泡家居服,棉花泡泡 紫格小灰猫a类纯棉双层纱睡衣女款夏全棉短袖家居服套装,1??
南极人官方旗舰店,南极人纯棉睡衣女款秋冬2026新款宽松长袖甜美可爱大码家居服套装,9?
山橘月家居服品牌店,显瘦带胸垫大码胖mm睡衣女款2025新款夏短袖三件套格子家居服外穿,7?
小新宅家,可爱赫拉兔睡衣女夏季短袖短裤长裤纯棉薄款三件套卡通粉色家居服,1??
乔益の家居服,小狗冰丝睡衣情侣装一男一女带胸垫夏季短袖高级感夏天薄款家居服,1??
JoyceBra,JoyceBra  夏季新款冰丝波点睡衣套装女款韩系高级感可外穿家居服,9?
贝妍旗舰店,贝妍夏季薄款纯棉短袖情侣睡衣女史努比凉感家居服休闲大码男套装,2??
红豆居家官方旗舰店,红豆呼吸棉睡衣女士长袖套装格纹梭织磨毛宽松甜美春秋纯棉家居服,3??
棉花泡泡家居服,棉花泡泡 星星泡泡袖A类双层纱纯棉睡衣女款夏全棉短袖家居服套装,1??
JoyceBra,JoyceBra甜美花边圆领睡衣女2026秋季新款可爱小熊印花家居服套装,1??
轩靓官方旗舰店,轩靓睡衣男秋冬季加厚加绒套头保暖珊瑚绒海岛绒春秋款家居服套装,3??
艾贝娇家居服,带胸垫睡衣女夏季纯棉2026新款睡裙三件套加大码胖mm200斤家居服,1??
兔淼淼家居服,玉桂狗冰丝情侣睡衣女夏季短袖长裤可爱卡通夏天三件套家居服套装,9?
卷毛小熊睡衣店,蜡笔小新情侣睡衣男女夏季短袖短裤三件套纯棉卡通可爱家居服套装,1??
奈奈屿nny,简约ins风夏季全棉睡衣套装可外穿夏2026新款纯棉少女蓝色家居服,1??
蘑菇咕咕,蘑菇咕咕 原创紫格小灰猫纯棉双层纱睡衣女夏全棉短袖家居服套装,1??
乐姿梦旗舰店,乐姿梦情侣睡衣女春秋款黑色高级感男士长袖冰丝可外穿家居服套装,2??
红豆居家官方旗舰店,终于找到了一款好看又舒适的纯棉家居服，米黄可选，柔软贴身！,3??
猫猫猪,圆点刺绣KT猫三件套装睡衣女款薄夏季纯棉短袖学生开衫棉绸家居服,1??
十年好店  MoLi莫莉公主,带胸垫一体睡衣女夏天三件套短袖长裤大码200斤胖m宽松波点家居服,8?
思莉太太旗舰店,思莉太太情侣睡衣女款夏季纯棉短袖2026新款超火男士夏天家居服,2??
景町品牌家居服,奶fufu冰丝睡衣女款2026新款夏季薄款短袖套装带胸垫家居服可外穿,1??
欧诗帛旗舰店,2026新款缎面冰丝睡衣女士夏季天高级感短袖带胸垫大码家居服套装,9?
山橘月家居服品牌店,2026年新款带胸垫大码胖mm睡衣女夏季短袖三件套可爱家居服可外穿,7?
Bananain蕉内旗舰店,蕉内棉棉506Sleep家居服套装男士莫...,2??
Bananain蕉内旗舰店,【王一博同款】蕉内氮气505Dry家居服...,2??
ubras品牌官方店,刘雯同款ubras云棉家居服女士睡衣情侣...,3??
珈诗芬睡衣家居服,100%纯棉男士睡衣春秋季长袖青少中年睡...,8?
家乐芬旗舰店,家乐芬睡衣女款春秋款秋季纯棉长袖家居服条...,2??
眠岛睡衣Somnus island,『眠岛』2026春秋睡衣女纯棉纱布长袖套...,2??
家乐芬旗舰店,家乐芬睡衣男士夏季夏款丝绸冰丝短袖长裤大...,2??
芬腾可安品牌家居服睡衣,芬腾可安睡衣女款夏季纯棉短袖短裤套装开衫...,1??
松山棉店旗舰店,松山棉店家居服套装莫代尔情侣新中式长袖男...,3??
秋鹿官方旗舰店,秋鹿纯棉睡衣女士10A抑菌法式绝美蕾丝九...,2??
ubras品牌官方店,【新品】ubras流光家居服长袖长裤套装...,3??
贝妍旗舰店,个性潮女|贝妍史努比长袖修身豹纹阔腿长裤...,2??
EMXEE嫚熙官方旗舰店,嫚熙秋冬季纯棉吸汗月子服带胸垫孕妇哺乳丝...,6??
Coy Kiss 轻奢睡衣,Coy kiss真丝睡衣女款2026新款...,3??
奈奈屿nny,ins灰色蝴蝶结春秋睡衣女纯棉布料100...,1??
红豆居家官方旗舰店,红豆呼吸棉睡衣女士长袖套装格纹梭织磨毛宽...,3??
都市丽人官方旗舰店,都市丽人优可丝【三件套】睡衣女秋季新款甜...,2??
domiamia旗舰店,Domiamia纯棉月子服春夏季孕妇睡衣...,7??
红豆居家官方旗舰店,红豆呼吸棉情侣睡衣女长袖中厚梭织磨毛纯棉...,3??
奈奈屿nny,秋款韩系撞色拼接纯棉纱睡衣女款春秋季双层...,1??
悦内官方旗舰店,悦内睡衣女夏季夏天冰丝短袖短裤家居服时尚...,3??
猫人优品旗舰店,猫人睡衣女款夏薄款100%纯棉短袖短裤卡...,1??
miss cat ponyo家居服,MISSPONYO CCAT甜美碎花睡衣...,1??
ubras官方旗舰店,ubras云棉家居服情侣套装长袖长裤女士...,2??
同语旗舰店,同语莫代尔棉儿童睡衣春秋男童女童可爱小猫...,1??
山橘月家居服品牌店,显瘦带胸垫大码胖mm睡衣女款2025新款...,7?
乔益の家居服,小狗冰丝睡衣情侣装一男一女带胸垫夏季短袖...,1??
棉花泡泡家居服,棉花泡泡 原创海盐小兔纯棉睡衣女夏A类全...,1??
悦内官方旗舰店,悦内情侣睡衣女款带胸垫夏季夏天短袖度假沙...,1??
乐姿梦旗舰店,乐姿梦情侣睡衣女夏款冰丝高级感夏天短袖短...,2??
宫蝶官方旗舰店,宫蝶【轻柔软】苹果小狗情侣睡衣女春秋款纯...,3??
轩靓官方旗舰店,轩靓【7A抗菌】睡衣女夏季莱赛尔短袖短裤...,4??
达尔丽官方旗舰店,达尔丽带胸垫莫代尔棉睡衣女春秋新款长袖A...,2??
PJOCLOCK睡时记,PJOCLOCK睡时记睡衣女带胸垫202...,2??
同语旗舰店,同语儿童睡衣男孩春秋季新款长袖梭织纯棉女...,1??
Sinbounboun Homedress馨帮帮,馨帮帮Homedress 波点开衫睡衣裤...,8?
Sinbounboun Homedress馨帮帮,馨帮帮Homedress 少女风波点睡衣...,8?
棉花泡泡家居服,棉花泡泡 原创青苹果小狗A类纯棉睡衣女款...,1??
蘑菇咕咕,蘑菇咕咕 原创海盐小兔a类纯棉睡衣女夏双...,1??
蘑菇咕咕,蘑菇咕咕 淡紫晚安小象长袖纯棉睡衣女夏a...,1??
松山棉店旗舰店,松山棉店萌宠开衫长袖条纹家居服套装男士女...,3??
BE旗舰店,蜡笔小新纯棉睡衣女夏带胸垫情侣秋春家居服...,2??
宫蝶官方旗舰店,宫蝶【轻柔软】迪士尼玛丽猫豹纹家居服女秋...,4??
棉竹屋官方旗舰店,棉竹屋情侣纯棉睡衣套装春夏季2026新款...,2??
NANS工作室,豹纹控推荐！高级感睡衣首选,4?
小新宅家,可爱赫拉兔睡衣女夏季短袖短裤长裤纯棉薄款...,1??
JoyceBra,JoyceBra小清新碎花华夫格睡衣女舒...,1??
马克公主,马克公主莫代尔夏季睡衣女可爱少女风短袖长...,2??
HelloSunny官方旗舰店,王楚然同款HelloSunny森呼吸无痕粉底液内衣女士隐形肤色文胸美背,189.00
有棵树官方旗舰店,有棵树【大括号】外扩内衣小胸显大聚拢无痕透气文胸女辣妹漫画胸,216.50
古今服饰旗舰店,古今冰丝无痕内衣女夏薄款凉感透气无钢圈背心式文胸罩2026新款,149.98
ELLEgirl内衣旗舰店,ELLEgirl少女文胸发育期背心青少年女孩初高中学生可调节肩带内衣,399.00
天猫超市,【祝绪丹同款】幸棉第二代前扣无肩带内衣女小胸聚拢显大文胸抹胸,338.00
Kissy内衣正品折扣店,官网正品kissy内衣 一片式无痕无钢圈,162.90
多情猫旗舰店,多情猫2026秋季外扩低领内衣女小胸聚拢显大收副乳加厚无痕文胸罩,120.00
六只兔子内衣店,六只兔子小聚蛋内衣女小胸聚拢显大性感蕾丝收副乳无钢圈甜美文胸,109.90
Beauty时尚甄选,【7A抑菌】内衣女夏季薄款冰丝隐形无痕大胸显小聚拢防下垂文胸罩,198.00
维多利亚内衣高端店,维多利亚内衣套装女性感蕾丝小胸聚拢调整型收副乳薄款女士文胸罩,426.00
luckmeey幸棉官方旗舰店,幸棉粉底液内衣女速干隐形肤舒适无痕小胸聚拢防下垂夏薄文胸凉感,298.00
Bananain蕉内旗舰店,蕉内氧气501S文胸美背内衣女小胸聚拢显大收副乳无钢圈无痕胸罩,169.00
SecretWorld秘密世界,SecretWorld内衣女小胸聚拢收副乳防下垂无痕隐形夏季显大文胸罩,79.98
都市丽人内衣旗舰店,都市丽人无痕裸感内衣女小胸聚拢夏薄款软支撑收副乳防下垂文胸罩,199.00
VICTORIA'S SECRET官方旗舰店,直降208|维密杨幂同款反重力MAX大胸显小无钢圈无痕文胸女夏薄,428.00
VICTORIA'S SECRET官方旗舰店,直降238|维密明星同款ACE三角杯蕾丝叠穿LOGO字母肩带文胸女夏,526.00
Bananain蕉内旗舰店,蕉内凉皮511C凉感细肩带内衣女透气无痕小胸聚拢胸罩美背薄款文胸,169.00
好奇蜜斯旗舰店,好奇蜜斯小胸聚拢内衣女显大无钢圈文胸罩套装不空杯防下垂夏薄粉,119.80
猫人经典内衣旗舰店,猫人孕妇内衣无痕文胸怀孕期专用聚拢收副乳防下垂不勒胃哺乳胸罩,119.00
好奇蜜斯旗舰店,好奇蜜斯小胸聚拢内衣女夏薄显大无钢圈法式蕾丝文胸罩套装防下垂,99.80
芬格美旗舰店,内衣女大胸显小收副乳防下垂全罩杯薄款夏季文胸罩调整型大码无痕,119.00
曼妮芬官方旗舰店,曼妮芬魔力掌内衣性感蕾丝舒适聚拢文胸小胸显大女士无钢圈胸罩,358.00
theblender旗舰店,【新品】The Blender撞色固定胸垫可交叉肩带小三角杯内衣女早秋,199.00
六只兔子内衣店,六只兔子蕾丝内衣女小胸聚拢显大性感文胸罩套装上托防下垂收副乳,99.90
内比旗舰店,内比浪漫少女内衣女2026新款聚拢小胸蕾丝细肩带胸罩薄款无痕文胸,69.90
SecretWorld秘密世界,Secret World嘭嘭杯内衣女小胸聚拢收副乳防下垂上托显大无痕文胸,99.98
丰筱旗舰店,平胸专用细肩带粉底液内衣女超薄款美背隐形无痕小胸显大聚拢文胸,198.00
维多利亚高端内衣馆,维多利亚调整型内衣小胸聚拢收副乳无钢圈防下垂性感蕾丝文胸套装,328.00
完美记忆旗舰店,完美记忆粉底液内衣女文胸夏薄款隐形无痕美背细肩带小胸聚拢胸罩,57.00
都市丽人旗舰店,都市丽人法式蕾丝内衣女小胸聚拢显大夏薄款防下垂无痕舒适文胸罩,79.90
卡迪贝拉旗舰店,无痕舒适云朵内衣女士小胸聚拢上托收副乳防下垂薄款无钢圈文胸罩,70.00
都市丽人服饰旗舰店,都市丽人内衣女小胸聚拢显大防下垂收副乳舒适有型无钢圈蕾丝文胸,99.90
慕凯菲调整型内衣,网红推荐聚拢收副乳防下垂文胸,198.00
都市丽人精品旗舰店,都市丽人蕾丝内衣女夏薄款聚拢收副乳防下垂文胸罩女款2026新款,109.90
OOCO内衣旗舰店,内衣女文胸小胸不空杯夏甜美少女薄细肩带插片式法式三角杯无钢圈,128.00
迷尚萨拉旗舰店,内衣女学生初中大童无钢圈文胸发育期细肩带少女薄款胸罩无痕背心,56.00
有棵树官方旗舰店,孟子义推荐有棵树内衣女小胸聚拢收副乳防下垂无痕女士文胸,149.00
都市丽人服饰旗舰店,都市丽人内衣女士小胸聚拢显大薄款无钢圈收副乳防下垂蕾丝文胸罩,109.90
安比乐旗舰店,云朵无痕内衣女粉底液隐形美背心式运动夏季薄款大胸显小大码文胸,270.00
佰丝娜官方旗舰店,无痕裸感内衣女士小胸聚拢无钢圈收副乳防下垂美背文胸罩舒适薄款,66.00
都市丽人精品旗舰店,都市丽人蕾丝内衣女收副乳聚拢防下垂大胸显瘦无钢圈夏季文胸薄款,89.90
SecretWorld旗舰店,【赵今麦同款】Secret World内衣女小胸聚拢防下垂收副乳无痕薄款,199.00
HALOYOU小优内搭衣阁,甜美小蝴蝶结无痕少女碎花内衣女小胸聚拢防下垂学生美背运动文胸,69.90
MiiOW猫人内衣旗舰店,猫人高中生少女运动内衣防震收副乳防下垂聚拢夏薄款女大学生文胸,79.00
ubras官方旗舰店,虞书欣同款ubras无尺码小奶皮无痕内衣女夏薄款隐形背心运动文胸,169.00
都市丽人潮流旗舰店,都市丽人大码提拉内衣女聚拢防下垂收副乳大胸显小薄款全罩杯文胸,109.90
欧若纤旗舰店,夏薄款无痕内衣女小胸聚拢收副乳防下垂运动大学高中生少女士胸罩,58.00
MiiOW猫人内衣旗舰店,猫人内衣女夏超薄无痕大胸显小冰丝凉感软支撑聚拢防下垂透气文胸,79.00
荷香艺梦旗舰店,国学小达人·优质面料儿童汉服多款任选,74.00
安妮优儿意树专卖店,汉服女童中秋古装国风连衣裙2026新款儿童古风唐装公主裙女孩裙子,118.00
秋醇旗舰店,儿童汉服男童国学服套装三字经古装小学生中国风女春弟子规演出服,43.00
静还决汉服,静还决 繁华绮梦 原创明制汉服套装比甲长衫马面裙套装春秋季,207.00
沿调旗舰店,汉服男童秋季女童国风儿童古装国学服装古风开笔礼演出服春秋款,86.25
静还决汉服,静还决 青鸢芷 原创宋制汉服外褙子吊带三裥裙春款夏款新品,268.00
秋醇旗舰店,儿童国学服汉服男童中国风古装小学生书童服装开笔礼弟子规演出服,90.00
乌扣旗舰店,乌扣.锦瑟 女童汉服长袖襦裙春秋款儿童超仙古风连衣裙中秋节古装,408.00
皖裕旗舰店,女童汉服超仙中国风小女孩古装春夏季儿童古风2024新款唐装公主裙,269.00
月梳茼旗舰店,月梳茼原创汉服女金台红袖汉元素齐胸衫裙刺绣改良款夏季日常,188.00
汉韵轩汉服,粉色荷花汉服女夏魏晋风古装2026新款中国风仙气飘飘古风舞蹈服装,288.00
串恬猴旗舰店,儿童汉服夏季2026新款男童唐装国学服中国风女童春秋款中秋演出服,158.00
安妮优儿意树专卖店,女童敦煌飞天古风汉服中秋新款女孩古装唐装儿童国风民族服装春秋,130.00
乌扣旗舰店,乌扣.陌上 女童汉服春秋款儿童超仙长袖古装襦裙国风连衣裙中秋节,428.00
雨花央雪 原创汉服,秋冬女对襟汉服,236.00
乐彩服饰,男童汉服儿童,80.00
槿姿俏旗舰店,汉服男童2026春新款儿童超仙女童古装学生国风男孩唐装国学服中秋,39.90
月梳茼旗舰店,金枫玉树原创汉服女重工刺绣诃子裙改良齐胸唐制冬款,268.00
肯莎凯旗舰店,【花凤】原创明制汉服红色马面裙新中式订婚敬酒服2026新款婚服夏,222.00
柯雪旗舰店,毕业照改良古装汉服女中国风交领古风男武侠服学生情侣装班服套装,45.00
机器鸭旗舰店,中秋汉服男童演出服女童古风小少爷唐装儿童古装国学服幼儿园服装,80.00
夕洛茜旗舰店,夕洛茜刘亦菲同款汉服套装2026新款古风仙气飘逸小龙女舞蹈演出服,299.00
裳云兮旗舰店,裳云兮原创汉服女《春晓》新品唐制齐胸襦裙绣花大袖衫日常春夏款,999.00
爱美丽儿童礼服店,古风汉服女童中国风2026新款超仙蓝色小女孩唐装公主襦裙夏季薄款,328.00
青禾汉服,粉色荷花战国袍汉服女款2026新款交领大袖超仙气飘飘古风春夏古装,218.00
机器鸭旗舰店,中秋节汉服女童2026新款古装儿童古风超仙连衣裙幼儿园唐装演出服,71.00
爱美丽儿童礼服店,粉色儿童襦裙2026新款女童汉服中国风唐装连衣裙夏季薄款日常可穿,328.00
月梳茼原创汉服店,月梳茼原创汉服女【月枝桂香】汉元素齐胸衫裙刺绣改良款秋季日常,148.00
罗袖动香国风,罗袖动香【月兔棋遇】短袄吊带两片裙女26年春装新品日常汉服国风,49.00
若普格旗舰店,2026新款马面裙女童古风汉服新中式大童儿童古装唐装套装国风春装,158.00
花梦令旗舰店,花梦令【青提啵啵】原创汉服2026年新款琵琶袖马面裙汉洋折衷套装,104.00
沿调旗舰店,汉服男童2026新款女童儿童古装国学服装春季古风帅气唐装演出服,83.75
山河辞令 服道具全,华夏武侠风汉服表演服出班中国风上下五千年古装黑红儿童成人街舞,79.00
青衫一笙汉服,渐变色设计·汉服女童夏季舒适大袖衫,198.00
异誌閣,异志阁原创汉服【青山引】改良魏晋重工刺绣神明少女汉元素夏新款,968.00
花仙记汉服,花仙记【小羊庄园】原创汉服琵琶袖马面裙汉洋折衷套装2026年新款,69.00
小步走路旗舰店,【惊喜特惠】唐装汉服2026春夏季新款超仙绿古风长袖大袖衫,298.00
裳云兮旗舰店,裳云兮玉蝴蝶原创汉服女明制云肩齐腰褶裙轻薄透披风绣花中秋春夏,999.00
槿姿俏旗舰店,汉服男童春新款儿童国风古装新款古风男孩帅气秋季国学飞鱼唐装,39.90
龙悦古典服饰,簪花仕女汉服诃子裙大袖衫舞蹈演出服唐制中国古典舞纱衣开场拖尾,628.00
妮莎倍儿童装,汉服女童超仙2026新款古风连衣裙女孩国风唐装儿童中秋节古装裙子,128.00
揽风华,揽风华【鱼宴灯宵】原创汉服半身裙双经轴马面裙鱼骨胸衣抹胸套装,348.00
花间酒精品汉服,成人汉服女学生春秋【桂花兔】明制立领刺绣琵琶袖对襟马面裙套装,280.00
青禾汉服,绿色女童汉服2026新款魏晋风战国袍儿童古装超仙女孩生日演出服装,148.00
羽毛鱼旗舰店,汉服男童女童折洋汉衷洛丽塔小少爷公主裙唐装中国风儿童演出服春,116.67
暖色原创汉服,暖色【青衣】宋制原创汉服女对襟大袖衫长干寺一片式齐腰褶裙夏季,19.90
芭米诺旗舰店,女童汉服春秋中国风唐装敦煌飞天异域风情古装儿童秋季超仙连衣裙,130.00
花上月令原创汉服企业店,原创汉服女【霁月瑶光】魏晋风重工刺绣异志阁古装春夏季款仙国风,319.00
雅鹿内衣旗舰店,雅鹿男士内裤头冰丝平角纯棉裆四角短裤衩男...,4?
猫人商务旗舰店,猫人男士内裤纯棉四角2026新款防阴囊抗...,7?
有棵树官方旗舰店,有棵树冰丝男士内裤无痕透气男生四角短裤2...,1??
南极人潮搭旗舰店,南极人男士内裤男生纯棉透气四角裤头男款2...,6?
古今服饰旗舰店,古今男士内裤男款男生纯棉四角裤名牌正品高...,7?
海澜之家内衣旗舰店,海澜之家冰丝男士内裤无痕透气男生四角短裤...,8?
猫人商务旗舰店,猫人男士内裤男款纯棉平角短裤男生2026...,8?
真维斯天曼专卖店,真维斯男士内裤男生冰丝平角夏季薄款透气四...,4?
CarreKenbt旗舰店,CarreKenbt男士内裤男生莫代尔抗...,2??
miiow猫人官方旗舰店,猫人男士内裤纯棉男生2026新款四角短裤...,6?
南极人服饰旗舰店,南极人冰丝内裤男无痕抗菌纯棉裆透气202...,5?
猫人美体旗舰店,猫人纯棉男士内裤2026新款高档青少年男...,6?
元力象旗舰店,元力象男士内裤冰丝透气高档新款莫代尔短裤...,2??
全棉时代服饰旗舰店,全棉时代男士抗菌内裤纯棉透气裤头2024...,1??
MiiOW猫人内衣旗舰店,猫人男士内裤纯棉2026新款男生透气抗菌...,4?
PaiPaidx,10A抗菌100%全棉!无痕男士内裤纯棉...,6?
恒源祥内衣旗舰店,恒源祥男士内裤男纯棉抗菌平角裤青年男生全...,9?
ChoiceKaiser旗舰店,ChoiceKaiser男士内裤男生纯棉...,2??
草本初色集团旗舰店,草本初色男士内裤冰丝无痕透气超薄2026...,9?
Cukum Kboie品牌专柜店,CukumKboie男士内裤男款纯棉四角...,3??
全棉时代服饰旗舰店,全棉时代男士内裤纯棉2026年夏季新款男...,1??
CheekKiss吻印旗舰店,CheekKiss吻印男士内裤莫代尔无痕...,2??
南极人官方旗舰店,南极人男士内裤男生男款2026新款纯棉透...,4?
南极人旗舰店,南极人男士内裤头纯棉透气平角短裤衩四角男...,6?
棉竹屋官方旗舰店,男士内裤莫代尔男款10a抗菌透气纯棉裆2...,1??
Bananain蕉内旗舰店,3件|蕉内银皮301P莫代尔男士内裤平角...,8?
有棵树官方旗舰店,有棵树男士内裤纯棉抗菌四角裤2026新款...,1??
真维斯天曼专卖店,真维斯纯棉男士内裤男生宽松运动透气平角短...,4?
雅鹿旗舰店,雅鹿正品2026新款男士纯棉内裤男生平角...,3?
子墨棉品ZIMONS,子墨男士内裤80S莫代尔短裤10A级抗菌...,1??
蕉下官方旗舰店,蕉下男士内裤莫代尔透气运动不卡裆四角裤抑...,7?
海澜之家容墨专卖店,海澜之家纯棉内裤男士2026新款全棉抗菌...,8?
MiiOW猫人内衣旗舰店,猫人冰丝男士内裤夏季薄款2026新款平角...,5?
南极人旗舰店,南极人内裤男士纯棉男款四角底裤衩平角短裤...,7?
SecretWorld秘密世界,100支莫代尔男士内裤防潮湿15A抑菌2...,8?
七匹狼内搭旗舰店,七匹狼男士内裤男生纯棉四角短裤高档名牌透...,1??
playboy内衣旗舰店,花花公子男士内裤冰丝无痕四角裤男生202...,9?
名创优品内搭旗舰店,名创优品男士内裤纯棉10A抗菌全棉裆透气...,5?
森马内衣旗舰店,森马男士内裤男生10A级抗菌透气平角裤四...,9?
Bananain蕉内旗舰店,3件|蕉内银皮300S平角内裤男士纯棉透...,7?
都市丽人服饰旗舰店,都市丽人冰丝男士内裤2026新款100A...,1??
playboy内衣旗舰店,花花公子男士内裤纯棉新男款四角短裤衩平角...,9?
金特杨内裤店,内裤男生纯棉青少年抗菌四角裤头男童发育期...,6?
七匹狼内衣旗舰店,七匹狼男士内裤纯棉男生2026新款100...,1??
Celons Karter品牌自营店,CelonsKarter男士内衣裤四角平...,1??
七匹狼时尚旗舰店,七匹狼男士内裤男款纯棉2026新款男生大...,9?
帕兰朵服饰旗舰店,帕兰朵男士内裤男生男款2026新款纯棉透...,5?
啄木鸟官方旗舰店,啄木鸟官方旗舰店男士内裤男生冰丝轻薄20...,6?
韩国style女装馆,韩国灰色运动裤女春夏2026新款小个子直筒阔腿裤美式休闲束脚卫裤,198.00
nuthink旗舰店,Nuthink美式复古小狗牛仔裤阔腿水洗做旧垂感裤子男新款2026年秋,268.00
森马官方旗舰店,森柔森马牛仔裤女夏季凉感抑菌宽松毛边汉麻阔腿喇叭裤26新款长裤,259.00
森马官方旗舰店,商场同款|森马休闲裤女秋格子宽松抽绳长裤松紧腰2026新款阔腿裤,239.00
悟空有货原创设计师品牌,悟空有货美式潮牌褶皱水洗做旧直筒牛仔裤男复古宽松潮流百搭长裤,178.00
KTAP原KITTYLURE,美式高街阔腿牛仔迷彩裤女小个子2026早秋新款高腰宽松工装直筒裤,89.00
糖乐天旗舰店,咖色阔腿裤女夏季薄款2026新款宽松休闲裤冰丝山本小个子直筒裤子,200.00
悟空有货原创设计师品牌,悟空有货美式复古迷彩工装牛仔裤男潮牌嘻哈高街hiphop直筒阔腿裤,156.00
lululemon官方旗舰店,Stretch Woven 女士阔腿裤 拒水*亚洲版型丨lululemon丨LW5HTOA,1080.00
ilovechoc旗舰店,ILOVECHOC美式街头爱心印花拼接春秋时尚长裤运动裤潮垂感阔腿裤,379.00
三福官方旗舰店,三福女休闲裤2026秋季新款抽绳松紧腰工装裤阔腿宽松休闲裤子女装,349.00
NERESUM,NERESUM美式复古星星印花牛仔短裤女做旧水洗宽松阔腿休闲七分裤,118.00
兰梦娅旗舰店,白灰色运动裤女春秋2026新款小个子直筒阔腿裤宽松bf慵懒风卫裤子,61.12
MEBXX,美式复古灰色卫裤男女设计感小众解构宽松显瘦直筒阔腿弯刀运动裤,119.00
古怪舍原创设计肚皮衣饰局,新中式双层压褶大阔腿裙裤女黑色国风高腰显瘦裤子,209.00
ADPPP(原初恋人原创牛仔),绣标水洗复古蓝阔腿牛仔裤女2026夏季新款低腰宽松显瘦休闲直筒裤,198.99
KENABSTUDIO,KENABSTUDIO春秋新款复古直筒牛仔裤女美式宽松设计拖地阔腿裤子,358.00
三福官方旗舰店,三福休闲裤2026秋季新款休闲松紧腰个性宽松阔腿直筒裤长裤女装,179.00
出逃赤岗西,复古3D绣灰色西装裤女秋冬季垂感宽松直筒拖地高腰阔腿休闲西裤,286.00
兰梦娅旗舰店,白色阔腿裤女春秋季2026新款高腰垂感小个子直筒慵懒山本西装裤子,51.12
同同家自制 专注简约女装,同同家—自制 休闲阔腿牛仔棉气球裤子女宽松小个子松梨形秋季,125.00
Sleep at 11,Sleep at 11 韩系白色裙边屁帘裤假两件阔腿裤女休闲裤弯刀长裤子,149.00
XinDUguan,美式复古满印星星屁帘假两件阔腿裤女春慵懒垂感宽松运动休闲长裤,99.90
NAWS (NOTAWEAR),NAWS【腻腻同款】陶瓷牛仔麻袋裤 水洗反做口袋阔腿裤牛仔裤长裤,670.00
Black to vibe,复古格子休闲裤男女宽松慵懒风阔腿直筒排扣设计拖地裤赵露思同款,168.00
XinDUguan,韩系慵懒感蓝色设计拼接休闲裤女夏季2026新款荷叶边格纹阔腿长裤,89.90
AGUA STUDIOS,AGUA卡其色阔腿休闲裤女2026夏季薄款宽松显瘦慵懒风直筒长裤子,149.00
AGUA STUDIOS,AGUA美式波点抽绳阔腿休闲裤女夏季新款宽松显瘦低腰拖地直筒长裤,139.00
DailyScene,DailyScene「从轻」垂感口袋捏褶廓形空气阔腿裤百搭休闲棕色长裤,389.00
SGPSZ旗舰店,NASA联名潮牌牛仔裤2026新款春秋季男款宽松黑色青少年阔腿弯刀裤,99.00
哈齿小姐,哈齿小姐 显瘦无压力高密高支宽松垂感廓形系带高腰遮肉阔腿长裤,569.00
ABWLR (原ABWEAR),ABWLR 素素美女-秋季灰色简约风西装阔腿裤宽松高智感拖地休闲裤,358.00
POJNN,POJNN美式高级感弯刀黑色西裤cleanfit廓形阔腿镰刀休闲裤子男女,138.00
MATTUCLB STUDIO,MATTUCLB 美式复古水洗七分牛仔裤女夏季高腰显瘦秋宽松阔腿中裤,89.00
NERESUM,NERESUM甜美满印爱心卫裤女秋冬嘻哈跳舞裤子垂感显瘦直筒运动裤,128.00
哈齿小姐,哈齿小姐 夏日海蓝堡宽松阔腿双腰带天丝亚麻设计感高腰通勤长裤,329.00
RCDB人间指南,RCDB轻户外速干工装伞兵裤男女宽松防风防泼水休闲登山徒步长裤子,169.00
ONLPP,ONLPP美式复古慵懒风粉色阔腿裤女低腰显瘦宽松垂感休闲直筒长裤,228.00
ABWLR (原ABWEAR),ABWLR 记忆碎片-秋季毛呢阔腿裤女2026新款直筒宽松休闲卫裤,358.00
VNOOK,VNOOK 黑色垂感褶间直筒西裤女新款通勤休闲裤百搭纯色宽松阔腿裤,239.00
i.t 品牌店,it :CHOCOOLATE撞色拼接休闲阔腿裤女春秋新款宽松慵懒西装裤子,382.00
EGGSAYS,EGGSAYS满印星星休闲裤女夏季宽松直筒运动风长裤显瘦百搭阔腿裤,259.00
Moment 1991,moment白色灯芯绒阔腿裤女春秋季2023新款宽松直筒休闲垂感显瘦,498.00
RCDB人间指南,RCDB山系户外防泼水机能工装速干伞兵裤男女休闲宽松百搭阔腿长裤,199.00
Moment 1991,moment纯亚麻白色阔腿裤西裤女2026夏季新款简约设计小众复古日系,598.00
一个未来富豪买了,美式复古字母拼接格纹休闲裤男夏季新款宽松阔腿垂感拖地格子裤女,79.80
Thumpup,THUMPUP美式复古垂感剑道弯刀西裤男宽松休闲高级感直筒阔腿裤子,258.00
中老年爸妈装,2026夏季新款舒适高腰女士阔腿裤冰丝印花宽松九分裤简约通勤,5.88
WearKeki,WearKeki●无尽夏 苎麻塔克线小飞...,399.00
RICH IN CHEESE 舒胡蕾,法式白色吊带连衣裙女夏高级感气质收腰长款...,211.00
Freja旗舰店,Freja25SS Florina Dr...,2880.00
dangdang Somes   当当,dangdang somes“古董情书”...,758.00
香影官方旗舰店,香影波西米亚白色连衣裙女2026秋节新款...,569.00
FLONAKED旗舰店,FLONAKED设计师植庭定位印花层叠花...,1080.00
盈瓷 GA SEASONS,盈瓷真丝｜妃子笑 100桑蚕丝连衣裙女夏...,823.35
K姐KSOEUR 品质女装,K姐KSOEUR【莫奈花园】百百兰精天丝...,199.00
歌莉娅官方旗舰店,歌莉娅黑色连衣裙女2026新款夏季重要场...,499.00
RICH IN CHEESE 微胖定制,RICHINCHEESE 茶香可颂【系列...,164.00
盈瓷 GA SEASONS,盈瓷真丝|万事顺荔 桑蚕丝大王缎连衣裙女...,894.94
K姐KSOEUR 品质女装,K姐KSOEUR【午后漫步】重工镂空刺绣...,489.00
Muggle Studio 主线,muggle studio 原创设计法式...,338.00
安妮森林annforest设计师店,一不小心就收藏！绿色亲肤透气连衣裙,859.00
Valacy's 梵老师,Valacy's 海岛编织系列┋'风吹半...,1280.00
KROCHE,王可同款 Kroche「浪漫七夕」法式船...,469.00
小镇姗姗TOWN33,小镇姗姗 那不勒斯少女~白色连衣裙女春秋...,269.00
吴零零轻奢女装,吴零零白羽法式白月光大摆长款连衣裙夏日露...,458.90
FLONAKED旗舰店,FLONAKED杏色中式晕染金纱蕾丝层叠...,1780.00
无以幻象 x WUYIHUANXIANG,无以幻象 WUYIHUANXIANG 浪...,368.00
LOWEY,[现货]lowey 素描庄园 法式连衣裙...,599.00
edition官方奥莱旗舰店,【奥莱独享】edition吊带裙白玉兰绣...,2399.00
OfAkiva,OfAkiva“十四行诗”浪漫印花连衣裙...,489.00
哈齿小姐,哈齿小姐 温柔须臾蕾丝拼接皱感光泽宽松显...,1069.00
钱安安 JIANO FOREVER,钱安安短款法式气质吊带小礼服修身收腰包臀...,413.00
Ranwear official,Ranwear 这是一个有着香气的晚上 ...,296.00
SHENSHEN with U,深深定制 法式高级感露肩连衣裙女白色缎面...,329.00
吴零零轻奢女装,吴零零【黛西】法式吊带连衣裙露背海沙滩边...,458.90
哈齿小姐,哈齿小姐 草莓庆典轻盈朦胧泡泡纱宽松A字...,639.00
无艳一禾,无艳一禾【虞娇】2026巨好看绝美不撞款...,661.25
YAGONGZHU 高定,【赵丽颖 朱珠同款】YAGONGZHU ...,915.00
安妮森林annforest设计师店,仙气炒色纯苎麻定位花卉刺绣紫色优雅连衣裙...,955.00
郭卷毛,郭卷毛 深灰褶皱网纱无袖连衣裙女夏新款收...,340.00
张大人订制大码女装,张大人大码女装微胖mm韩系清新风波浪边针...,189.90
CHICHY旗舰店,【慵懒度假风】CHICHY法式复古v领连...,1299.00
菀草壹女装旗舰店,菀草壹2026秋蕾丝印花吊带裙不规则荷叶...,910.00
POPCHRIO欧可芮旗舰店,POPCHRIO欧可芮◆法式荷叶边蕾丝长...,590.00
Li Hui Er 李慧儿,LiHuiEr李慧儿【巴厘岛入梦】夏气质...,588.00
YUYUWANG包姐,YUYU WANG【安漾】无袖V领连衣裙...,622.35
OAKMOO橡木苔,"OAKMOO/""树的心跳""海边度假风露背...",399.00
Jamais  Vu,JAMAIS VU【郁金香】摇曳下摆 双...,183.00
郭卷毛,郭卷毛 冰蓝条纹荡领连衣裙女夏季新款修身...,293.00
HooLast设计馆,清新小众绿色碎花连衣裙2026年秋新款原...,998.00
OfAkiva,【李梦同款】OfAkiva“水生系列”原...,469.00
Li Hui Er 李慧儿,LiHuiEr李慧儿 简雾 黑色连衣裙女...,443.00
dodc旗舰店,dodc青花瓷碎花吊带裙女夏季新款裙子海...,499.00
三吉黑花,三吉黑花【镜花月】新中式绣花早春漂亮连衣...,728.00
Bluee 33,Bluee33 夏日氧气感清新蓝碎花吊带...,99.00
无艳一禾,无艳一禾【平生欢】新中式原创人丝提花重工刺绣旗袍连衣裙,711.25
Blovelan藍,Blovelan步步生莲 温柔新中式立领提花收腰轻国风旗袍鱼尾连衣裙,249.00
OfAkiva,【李梦同款】OfAkiva“罗曼词”新中式印花旗袍连衣裙女背心长裙,399.00
一缕服饰专营店,粉色短款裙子新中式改良旗袍风吊带连衣裙国风汉元素少女罩衫套装汉服夏,444.00
锦绣依人旗袍,锦绣依人粉色旗袍女新中式绝美年轻小个子订婚短袖收腰连衣裙女夏,599.00
一城风絮丨复古原创女装,新款丨绣花复古民国风倒大袖全开襟立领旗袍,1739.00
无艳一禾,无艳一禾【白秀珠】原创新中式人棉亚麻提花珠链收腰旗袍连衣裙,948.75
盈瓷 GA SEASONS,盈瓷品质｜海蓝绣 重工国风刺绣改良旗袍女夏季收腰新中式连衣裙,434.95
锦衣玉琦新中式旗袍,锦衣玉琦新中式红色真丝结婚旗袍2026新款订婚敬酒服新娘礼服裙女,679.00
十六梅,十六梅《笑春风》新款新中式提成改良原创设计小个子日常可穿旗袍,599.00
优诗尚美服饰旗舰店,【金裳】秀禾服婚服2026新款新中式高端敬酒服礼服小个子金色旗袍,1566.00
漫屿ManYu,2026新中式国风旗袍连衣裙女改良琉光薄纱收腰复古仙女日常,139.90
汀玥苓旗舰店,汀玥苓旗袍2026新款改良高级感连衣裙国风少女秋季原创新中式长袖,248.00
OfAkiva,OfAkiva“冷冽岩兰”新中式印花旗袍连衣裙女复古盘扣拼接鱼尾裙,439.00
盈瓷 GA SEASONS,盈瓷真丝｜紫定成功 桑蚕丝新中式旗袍女夏季小个子国风连衣裙,1058.64
漫屿ManYu,新中式国风改良旗袍连衣裙小个子收腰汉服长裙古风礼服绝美初恋,59.90
dangdang Somes   当当,dangdangSomes“柳腰轻”1OO人丝斜裁小个子短款绿色旗袍女新中式,388.00
Babymoon 冷月,Babymoon 新中式改良绣花旗袍连衣裙,299.00
苏玉豪旗舰店,绝美旗袍新中式订婚日常可穿2026新款高端气质印花改良年轻款少女,228.00
HooLast设计馆,新中式国风碎花旗袍裙女26年秋季新款高腰显瘦小众设计感高品质,998.00
无艳一禾旗舰店,无艳一禾【梳妆】新中式100人丝提花旗袍连衣裙+珠片绣云肩,586.25
锦绣依人旗袍,2026高端年轻款旗袍女夏季改良粉色订婚礼服新中式日常绝美高级感,399.00
艺桥写真馆,2025新中式改良旗袍女新款轻款气质高端提花紫色性感包臀连衣裙服,118.00
云鬓斜簪 原创设计师品牌,云鬓斜簪 深咖锦鲤针织旗袍连衣裙 包臀鱼尾新中式长裙度假日常女,279.00
HiimDai,HiimDai 叶罗丽女王 新中式国风辣妹旗袍裙 烫金弹力包臀鱼尾长裙,399.00
苏玉豪旗舰店,绿色旗袍高端气质少女新中式2026新款夏季提花连衣裙年轻款小个子,228.00
逸红颜旗舰店,逸红颜《欢笺》26年秋新人丝亚麻混纺晕染合欢花刺绣喇叭袖旗袍女,728.00
MIMO DK,Mimo dk 国风手工花藤刺绣重工收腰显瘦温柔气质改良旗袍连衣裙,69.80
BlankPalette 调色格,Blank palette|蓝色扎染旗袍女新中式连衣裙女夏裙子质感高级感,185.00
Rian trea雨婷,Rian trea雨婷 新中式复古旗袍连衣裙女绿色花卉蕾丝拼接气质旗袍,389.00
初蝉新中式国风女装,初蝉衣事新中式国风改良旗袍女26夏新款设计感粉色剪花收腰连衣裙,698.00
艾诗霓婚纱旗舰店,艾诗霓《朱颜辞》新中式订婚旗袍敬酒礼服2026新娘气质结婚套装夏,789.00
无艳一禾旗舰店,无艳一禾【红尘仙】新中式原创蕾丝提花无袖立领连衣裙,911.25
一城风絮丨复古原创女装,天姿雪丨一城风絮丨复古立领盘扣全开襟无省古法平裁旗袍日常长款,1759.00
BlankPalette 调色格,Blank palette|黑色新中式旗袍改良年轻款少女高级感显瘦连衣裙女,175.00
大蜜cc 微胖定制,DMcc大蜜【东方韵】新中式改良旗袍年轻款微胖mm显瘦大码连衣裙夏,229.90
伊茜礼服,香槟色订婚礼服旗袍敬酒服2026新款高级感新中式回门答谢宴两件套,222.00
花满絮  旗袍日记,花满絮红色旗袍订婚礼服女新中式2026新款小个子敬酒服大码连衣裙,599.00
吃绿色菜,吃绿色菜【鸢紫】复古新中式改良旗袍连衣裙女无袖收腰印花长裙子,325.00
WANGXO,WANGXO丨月光鎏金蕾丝织韵丨重工立体刺绣镂空开叉旗袍无袖连衣裙,398.00
CERFMIA 小鹿弥雅,小鹿弥雅《花盈》原创新中式复古甜美收腰无袖显瘦旗袍连衣裙夏,299.00
小孩子才做选择,『一梦江南』新中式少女高级改良旗袍流行收腰气质国风连衣裙春夏,198.00
郭卷毛,郭卷毛 黑色新中式连衣裙女夏季新款收腰显瘦旗袍长裙,281.00
APOZi collection,APOZi collection【衍生水墨】水墨印花高开旗袍国风改良日常长裙,199.00
GJFD(Good Job小众限量定制),Good Job【枝慕月】新中式国风薄纱拼接连衣裙亮片蕾丝复古旗袍裙,339.00
十六梅,十六梅《烟雨棠》100%桑蚕丝27姆米提花红云纱新款新中式改良旗袍,499.00
墨黛兰旗舰店,绿色小清新旗袍2026新款改良年轻款小个子复古新中式连衣裙女长袖,209.00
Blovelan藍,Blovelan碧海游鳞 清冷气质旗袍新中式晕染印花鎏光纱改良鱼尾裙,269.00
Bananain蕉内旗舰店,【王一博同款】蕉内氮气505Dry家居服...,2??
Bananain蕉内旗舰店,蕉内·落肩短袖设计凉感透气睡衣,2??
松山棉店旗舰店,松山棉店家居服套装莫代尔情侣新中式长袖男...,3??
芬腾可安品牌家居服睡衣,芬腾可安睡衣女款夏季纯棉短袖短裤套装开衫...,1??
松山棉店旗舰店,松山棉店萌宠开衫长袖条纹家居服套装男士女...,3??
贝妍旗舰店,个性潮女|贝妍史努比长袖修身豹纹阔腿长裤...,2??
domiamia旗舰店,Domiamia纯棉月子服春夏季孕妇睡衣...,7??
都市丽人官方旗舰店,都市丽人优可丝【三件套】睡衣女秋季新款甜...,2??
红豆居家官方旗舰店,红豆呼吸棉睡衣女士长袖套装格纹梭织磨毛宽...,3??
奈奈屿nny,ins灰色蝴蝶结春秋睡衣女纯棉布料100...,1??
Sinbounboun Homedress馨帮帮,馨帮帮Homedress 波点开衫睡衣裤...,8?
ubras官方旗舰店,ubras云棉家居服情侣套装长袖长裤女士...,2??
棉花泡泡家居服,棉花泡泡 原创海盐小兔纯棉睡衣女夏A类全...,1??
红豆居家官方旗舰店,红豆呼吸棉情侣睡衣女长袖中厚梭织磨毛纯棉...,3??
棉花泡泡家居服,棉花泡泡 原创小鱼泡泡长袖纯棉双层纱睡衣...,1??
蘑菇咕咕,蘑菇咕咕 原创海盐小兔a类纯棉睡衣女夏双...,1??
蘑菇咕咕,蘑菇咕咕小猫和木屋a类纯棉睡衣女夏双层纱...,1??
猫人优品旗舰店,猫人睡衣女款夏薄款100%纯棉短袖短裤卡...,1??
奈奈屿nny,秋款韩系撞色拼接纯棉纱睡衣女款春秋季双层...,1??
BE旗舰店,蜡笔小新纯棉睡衣女夏带胸垫情侣秋春家居服...,2??
PJOCLOCK睡时记,PJOCLOCK睡时记睡衣女带胸垫202...,2??
宫蝶官方旗舰店,宫蝶【轻柔软】小马宝莉少女睡衣秋季长袖轻...,3??
Sinbounboun Homedress馨帮帮,馨帮帮Homedress 小清新碎花花边...,8?
轩靓官方旗舰店,轩靓【7A抗菌】睡衣女夏季莱赛尔短袖短裤...,4??
尘熙旗舰店,尘熙睡衣女春秋款法式长袖套装棉家居服宫廷...,3??
悦内官方旗舰店,悦内睡衣女夏季夏天冰丝短袖短裤家居服时尚...,3??
miss cat ponyo家居服,MISSPONYO CCAT甜美碎花睡衣...,1??
小新宅家,可爱赫拉兔睡衣女夏季短袖短裤长裤纯棉薄款...,1??
SecretWorld秘密世界,【赵今麦同款】SecretWorld睡衣...,1??
同语旗舰店,同语莫代尔棉儿童睡衣春秋男童女童可爱小猫...,1??
乔益の家居服,小狗冰丝睡衣情侣装一男一女带胸垫夏季短袖...,1??
达尔丽官方旗舰店,达尔丽带胸垫莫代尔棉睡衣女春秋新款长袖A...,2??
悦内官方旗舰店,悦内睡衣男士夏季冰丝短袖短裤家居服夏款丝...,2??
同语旗舰店,同语儿童睡衣女童新款春秋柔软莫代尔棉长袖...,1??
JoyceBra,JoyceBra  星星波点翻领德绒睡衣...,1??
马克公主,马克公主莫代尔夏季睡衣女可爱少女风短袖长...,2??
JoyceBra,JoyceBra  温柔碎花棉纱纯棉睡衣...,1??
山橘月家居服品牌店,显瘦带胸垫大码胖mm睡衣女款2025新款...,7?
轩靓官方旗舰店,轩靓睡衣女春秋款莫代尔薄款长袖休闲时尚冰...,3??
都市丽人官方旗舰店,都市丽人睡衣女款秋冬季珊瑚绒加厚保暖法兰...,2??
宫蝶官方旗舰店,宫蝶【轻柔软】苹果小狗情侣睡衣女春秋款纯...,3??
天猫超市,OAKFAMILY孕妇月子服春秋竹棉纱布...,4??
無印折扣工厂网店,纯棉睡衣女双层纱全棉睡衣长袖春夏薄款情侣...,8?
miiow猫人官方旗舰店,猫人冰丝睡衣女款2026新款夏季短袖薄款...,9?
棉竹屋官方旗舰店,棉竹屋情侣纯棉睡衣套装春夏季2026新款...,2??
韩黛语旗舰店,春夏纯棉短袖八分裤睡衣女大码加肥加大胖m...,1??
山橘月家居服品牌店,2026年新款带胸垫大码胖mm睡衣女夏季...,7?
暖暖の睡衣,带胸垫纯棉睡衣女款夏短袖长裤2026新款...,9?
蓝瑟旗舰店,高腰蓝色牛仔短裙女2026春夏新款a字裙...,139.00
Dazi金大支,Dazi金大支蕾丝拼接撞色百褶半身裙20...,329.00
羊好好旗舰店,新款白色蛋糕短裙女松紧腰半身裙高腰显瘦百...,1288.00
热风官方旗舰店,热风女士白色半身裙2026年夏季新款简约...,229.00
落落狷介 LUOLUOJUANJIE,落落狷介半身裙女2026新款绿色蕾丝拼接...,358.00
爱情魔鬼鱼女装馆,爱情魔鬼鱼 纯色垂感不规则半身裙女202...,259.00
Luna7xi,Luna7xi 简约气质半身裙女秋季新款...,399.00
Luna7xi,Luna7xi 杏色不规则半身裙女夏季高...,399.00
BIGGOLD STUDIO,BIGGOLD设计感条纹荷叶边蛋糕裙裙裤...,118.00
爱情魔鬼鱼女装馆,爱情魔鬼鱼 纯色系带半身裙女2026夏季...,169.00
阿一 realeasy,阿一 气质拉满 UMA飘逸长裙女夏季高腰...,159.90
SUW 苏喂,早秋日系复古轻亚风花苞百搭褶皱蓬蓬灰色a...,119.00
LotusRoot三寸藕,三寸藕【秋分麦浪】复古格子花边半身裙新款...,79.55
ZOCHEEO,ZOCHEEO 灯芯绒a字半身裙女秋冬直...,299.00
哈齿小姐,哈齿小姐 优雅定制光泽感挺括高腰立体压褶...,569.00
Fn Clean Explain,Fn Clean Explain 简约老...,380.00
MoXiuYi STUDIO,M【现货】新款设计感卡其色不规则腰带百褶...,199.00
林大事LINTINGXIN,灰色百褶西装裙女半身裙高腰休闲a字春夏季...,59.00
阿一 realeasy,阿一扎染上线 半身裙女秋季高腰雪纺小众鱼...,99.90
Go Girl Go,Go Girl Go 自制欧美风白色垂顺...,99.00
YUQIPAO STUDIO,大码胖mm复古格纹半身裙女秋冬新款高腰显...,99.80
LotusRoot三寸藕,三寸藕【奶油甜屿】奶油风少女感杏色A字半...,119.65
AcupStudio 江右上,AcupStudio江右上 高腰褶皱开叉...,178.00
芊蕙自制女装,一步半身裙女夏季2026新款中长款小个子...,141.00
PINKEEN STUDIO,PINKEEN白色高腰半身裙女装2026...,159.99
裤邦人旗舰店,裤邦人咖色褶皱花苞半身裙女2026年秋季...,178.00
馨帮帮sinbounboun,馨帮帮 蕾丝拼接不规则半身裙女秋高腰大摆...,138.00
Hhyii,Hhyii 格纹note 复古格纹半身裙...,173.75
芊蕙自制女装,直筒半身裙黑色包臀裙春秋2023新款高腰,168.00
依艾格旗舰店,卡其色高腰a字半身裙女2026新款春夏韩...,109.90
依艾格旗舰店,学院风灰色西装百褶裙中裙女夏季小个子百搭...,139.90
YUQIPAO STUDIO,大码胖mm复古波点半身裙女秋冬遮胯显瘦蛋...,88.70
橘子酱YO,橘子酱YO满印星星条纹拼接Y2K古早味蛋...,78.00
红人馆女装店,红人馆a字半身裙女2026新款巨好看的长...,279.80
BBT Sweety,BBT Sweety咖色蛋糕裙木耳边蓬蓬...,129.99
馨帮帮sinbounboun,馨帮帮   文艺复古拼接感镂空蕾丝钩花高...,112.00
小溜的线上商店,SMALLIU MODE 低腰拼接伞裙半...,329.00
小丫头衣社,韩系慵懒风波点半身裙女2026秋季新款松...,81.09
零度苏打,零度苏打 早秋高级感粉紫色蛋糕裙女高腰绝...,169.00
韩流风小女人,2026年夏季新款复古做旧水洗蓝高腰牛仔...,139.00
小丫头衣社,韩系学院风波点毛呢半身裙女2026秋季新...,81.09
雨气泡微胖大码女装,大码胖mm粉色碎花雪纺半身裙女春夏长款垂...,99.80
红人馆女装店,红人馆包臀半身裙女2026秋季今年流行爆...,279.80
素典旗舰店,素典复古波点压褶半身裙女秋季新款松紧腰百...,287.00
岛歌夫人,岛歌夫人重工花型蕾丝半身裙女秋季新款半裙...,159.00
素典旗舰店,【绿茵】素典法式波点高腰半身裙女夏季松紧...,237.00
海盐糖YUJU,海盐糖YUJU甜美蕾丝系带蝴蝶结蓬蓬蛋糕...,165.00
Chetoor,复古波点半身裙女低腰显瘦A字短裙防走光百...,109.90
Bananain蕉内旗舰店,一不小心就入手！多色可选舒适透气蕉内睡衣,2??
贝妍旗舰店,个性潮女|贝妍史努比长袖修身豹纹阔腿长裤睡衣套装,2??
宫蝶官方旗舰店,宫蝶【3件套】迪士尼维尼熊长袖睡衣女款秋季纯棉带胸垫吊带套装,4??
靓衣邦旗舰店,2026夏季【A类双层棉纱】甜美睡衣套装女轻薄宽松100%纯棉居家服,9?
宫蝶官方旗舰店,宫蝶【2套价】迪士尼米奇红色情侣居家服女长袖纯棉新婚睡衣春季,7??
Bananain蕉内旗舰店,蕉内丝丝520HPets冰丝可外穿家居服男款情侣长袖睡衣套装女士新款,3??
都市丽人官方旗舰店,都市丽人优可丝【三件套】睡衣女秋季新款甜美碎花吊带长裤家居服,2??
SecretWorld秘密世界,【赵今麦同款】SecretWorld睡衣女绵柔长袖长裤家居服套装春季夏,1??
Sinbounboun Homedress馨帮帮,馨帮帮Homedress 波点开衫睡衣裤套装女早秋可外穿长袖长裤家居服,8?
尘熙旗舰店,尘熙原创设计睡衣女春秋款长袖V领套装宽松家居服复古宫廷风纯棉,3??
贝妍旗舰店,贝妍夏季薄款纯棉短袖情侣睡衣女史努比凉感家居服休闲大码男套装,2??
红豆居家官方旗舰店,红豆呼吸棉睡衣女士长袖套装格纹梭织磨毛宽松甜美春秋纯棉家居服,3??
棉花泡泡家居服,棉花泡泡 紫格小灰猫a类纯棉双层纱睡衣女款夏全棉短袖家居服套装,1??
小新宅家,可爱赫拉兔睡衣女夏季短袖短裤长裤纯棉薄款三件套卡通粉色家居服,1??
蘑菇咕咕,蘑菇咕咕 原创紫格小灰猫纯棉双层纱睡衣女夏全棉短袖家居服套装,1??
奈奈屿nny,甜美韩系少女撞色条纹纯棉纱睡衣女夏2026新款家居服外穿短袖短裤,1??
棉花泡泡家居服,棉花泡泡 星星泡泡袖A类双层纱纯棉睡衣女款夏全棉短袖家居服套装,1??
轩靓官方旗舰店,轩靓睡衣男秋冬季加厚加绒套头保暖珊瑚绒海岛绒春秋款家居服套装,3??
Sinbounboun Homedress馨帮帮,馨帮帮Homedress 小樱桃条纹睡衣女早秋款甜美翻领开衫家居服套装,8?
乐菲儿家居服,日系熊猫情侣睡衣女春秋款纯棉长袖套装2025新款夏冬季男士家居服,1??
JoyceBra,JoyceBra  夏季新款冰丝波点睡衣套装女款韩系高级感可外穿家居服,9?
JoyceBra,JoyceBra  星星波点翻领德绒睡衣女秋冬新款舒适可外穿家居服套装,1??
奶喵的裙摆,奶喵【蓝莓兔兔】甜美娃娃领冰丝睡衣卡通春秋可爱长袖长裤家居服,1??
乔益の家居服,小狗冰丝睡衣情侣装一男一女带胸垫夏季短袖高级感夏天薄款家居服,1??
蘑菇咕咕,蘑菇咕咕 蓝格小黑狗a类纯棉睡衣女款夏短袖双层纱全棉家居服套装,1??
山橘月家居服品牌店,显瘦带胸垫大码胖mm睡衣女款2025新款夏短袖三件套格子家居服外穿,7?
奈奈屿nny,香槟色少女蝴蝶缎面冰丝睡衣女款带胸垫2026新款夏季小飞袖家居服,1??
乐姿梦旗舰店,乐姿梦情侣睡衣女春秋款黑色高级感男士长袖冰丝可外穿家居服套装,2??
轩靓官方旗舰店,轩靓睡衣女春秋款纯棉长袖松弛感双层纱布全棉四季大码家居服套装,5??
红豆居家官方旗舰店,红豆居家柔柔棉O2睡衣女长袖春秋纯棉甜美开衫抗菌防螨家居服套装,3??
都市丽人官方旗舰店,都市丽人秋冬季睡衣女款半边绒可外穿2026新款吊带家居服三件套装,2??
思莉太太旗舰店,思莉太太情侣睡衣女款夏季纯棉短袖2026新款超火男士夏天家居服,2??
芬腾可安品牌家居服睡衣,芬腾可安睡衣女款夏季纯棉短袖短裤套装开衫带胸垫家居服可外穿,1??
达尔丽官方旗舰店,达尔丽带胸垫莫代尔棉睡衣女春秋新款长袖A类抗菌防螨薄家居服夏,2??
芬腾官方旗舰店,芬腾红色睡衣女春秋款结婚新婚情侣纯棉家居服男士大码本命年套装,3??
欧诗帛旗舰店,2026新款缎面冰丝睡衣女士夏季天高级感短袖带胸垫大码家居服套装,9?
NANS工作室,怎么自拍都好看的睡衣,4?
乐姿梦旗舰店,家居简约从这款情侣睡衣开始多色选择轻松搭配,2??
软软梦 Softdream,软软梦「天使内心」原创款可爱印花冰丝睡衣女春夏家居服长袖短袖,1??
ubras品牌官方店,刘雯同款ubras云棉家居服女士睡衣情侣套装男款冰丝短袖短裤26夏,3??
山橘月家居服品牌店,2026年新款带胸垫大码胖mm睡衣女夏季短袖三件套可爱家居服可外穿,7?
VINEEMAN维妮蔓,【粉兔眠眠】睡衣带胸垫女款2026新款冰丝长袖蕾丝花边居家服套装,5?
miiow猫人官方旗舰店,猫人冰丝睡衣女款2026新款夏季短袖薄款可爱少女家居服套装可外穿,9?
鹿可思家居服,情侣可爱猪猪短袖睡衣女夏季薄款冰丝凉感爽棉男生大码卡通家居服,6?
惠子家睡衣品牌店,纯棉睡衣女春秋季大码短袖七分裤带胸垫26新款小狗套装夏天家居服,1??
睡尚美服饰旗舰店,睡衣女夏季开衫长袖长裤纯棉套装夏天女士2025新款卡通春秋家居服,9?
ubras官方旗舰店,ubras云棉家居服情侣套装长袖长裤女士睡衣带胸垫翻领可外穿夏季,2??
吱歌睡衣,可外穿棉绸睡衣女士2026新款春秋季带胸垫一体夏天大码长袖家居服,9?
YOUSHU 有术,有术老钱风垂感宽松抽绳直筒休闲裤男202...,699.00
FILA官方旗舰店,斐乐直筒裤丨FILA官方男士针织长裤秋冬...,740.00
lululemon官方旗舰店,Lightweight Softstre...,980.00
ESSEFAUST潮牌店,ESSEFAUST设计感解构休闲卫裤男潮...,87.60
KENABSTUDIO,KENABSTUDIO春秋新款美式黑色三...,398.00
bodydream旗舰店,四季皆宜从这款休闲裤开始多色可选潮流必备,219.00
lululemon官方旗舰店,Pull-On 女士松紧腰锥形裤腿中腰中...,750.00
bodydream旗舰店,【穿云裤】BODYDREAM秋新款廓形长...,289.00
我需要一个潮牌,美式复古潮牌豹纹条纹休闲裤男女款秋冬新款...,168.98
悟空有货原创设计师品牌,悟空有货重磅纯色马吉拉垂感运动卫裤男潮牌...,176.00
BENLAI旗舰店,本来BENLAI男士华夫格弯刀裤宽松抽绳...,269.00
瞬时山野Monterest,瞬时山野Monterest户外无氟防水休...,379.00
悟空有货原创设计师品牌,悟空有货美式解构拼接水洗运动卫裤男女潮牌...,176.00
gigt极吉官方旗舰店,畅动裤gigt极吉瑜伽裤女运动普拉提健身...,268.00
AERLIMITEDD专柜定制,鼎级品质！26ss韩系urban小众火柴...,239.00
STAW世拓旗舰店,STAW世拓趣跑二合一3.0短裤带内衬抗...,599.00
柳步旗舰店,深蓝色格子裤男女秋季高级感痞帅微喇裤子美...,118.00
FFR 原F383,F383 美式复古蓝色阔腿裤男女宽松垂感...,153.00
1NING一宁 高个子加长裤,Altezza Divina「薄爽康宁裤...,269.00
AFGK线上商店,AFGK25SS美式复古多口袋褶皱迷彩工...,199.00
BENLAI旗舰店,全能裤|本来BENLAI男士凉感抗皱防晒...,199.00
安踏官方旗舰店,安踏奶芙裤丨卫裤秋季透气女裤新款针织运动...,199.00
瞬时山野Monterest,瞬时山野Monterest户外吸湿速干轻...,369.00
ROSTAT(原ROAST LUCKY),Roast lucky 中缝线单褶轻微喇...,278.00
KENABSTUDIO,KENABSTUDIO春秋蓝色抽绳休闲运...,358.00
柳步旗舰店,黑色三条杠速干裤子男夏季薄款美式高街直筒...,110.00
李宁官方旗舰店,李宁运动裤男款秋季黑色裤子男士休闲裤跑步...,199.00
李宁官方旗舰店,李宁运动裤男士2026新款户外裤秋季黑色...,299.00
FORSTNES,FORSTNES2026美式解构重磅弯刀...,143.00
MEBXX,美式复古灰色卫裤男女设计感小众解构宽松显...,119.00
AUTICUP线上商店,夏季凉感透气户外速干轻薄高密度尼龙织带打...,89.99
蓝岐旗舰店,蓝岐SOLOTEX弹力休闲裤男士2026...,499.00
RCDB人间指南,RCDB户外风防泼水速干阔腿裤男女轻量化...,169.00
ONLPP,ONLPP美式复古字母印花条纹褶皱弯刀裤...,228.00
BLACKLISTS黑泽川,BLACKLISTS美式基础款刺绣抽绳休...,117.00
RCDB人间指南,RCDB轻户外速干工装伞兵裤男女宽松防风...,169.00
帛先生旗舰店,秋季天丝莱赛尔男裤2026新款垂感直筒裤...,181.00
qotriock官方旗舰店,美式高街褶皱降落伞兵裤男女秋季潮户外运动...,138.00
FPA,FPA户外轻量运动风洞透气冰丝凉感软弹长...,249.00
qotriock官方旗舰店,美式高街弯刀休闲裤子男秋季潮牌宽松重磅运...,128.00
BLACKLISTS黑泽川,BLACKLISTS美式复古运动风条纹拼...,128.00
CTB CaptainBeer啤酒队长,CTB啤酒队长 美式星星贴布绣阔腿卫衣裤...,148.00
SAMUSAN三亩三,黑色休闲运动裤女宽松慵懒风抽绳阔腿裤爵士...,159.80
SPRAYGROUND旗舰,SprayGround鲨鱼嘴卫裤男202...,439.00
国货严选旗舰,裤子男款WASSUP TREE春秋季20...,89.00
gigt极吉官方旗舰店,gigt极吉五分瑜伽裤短裤女跑步新款健身...,398.00
boneless官方旗舰店,BONELESS功能性撞色户外运动休闲长...,399.00
VIN MUK,VINMUK美式慵懒低腰休闲裤女早秋通勤...,148.00
HelloSunny官方旗舰店,王楚然同款HelloSunny森呼吸无痕粉底液内衣女士隐形肤色文胸美背,189.00
六只兔子内衣店,六只兔子小聚蛋内衣女小胸聚拢显大性感蕾丝收副乳无钢圈甜美文胸,109.90
天猫超市,【祝绪丹同款】幸棉第二代前扣无肩带内衣女小胸聚拢显大文胸抹胸,338.00
Bananain蕉内旗舰店,蕉内氧气501S文胸美背内衣女小胸聚拢显大收副乳无钢圈无痕胸罩,169.00
Kissy内衣正品折扣店,官网正品kissy内衣 一片式无痕无钢圈,162.90
VICTORIA'S SECRET官方旗舰店,直降208|维密杨幂同款反重力MAX大胸显小无钢圈无痕文胸女夏薄,428.00
VICTORIA'S SECRET官方旗舰店,直降238|维密明星同款ACE三角杯蕾丝叠穿LOGO字母肩带文胸女夏,526.00
SecretWorld秘密世界,SecretWorld内衣女小胸聚拢收副乳防下垂无痕隐形夏季显大文胸罩,79.98
好奇蜜斯旗舰店,好奇蜜斯芭比联名闪水钻内衣女聚拢小胸夏薄款文胸罩套装性感粉色,189.00
Bananain蕉内旗舰店,蕉内凉皮511C凉感细肩带内衣女透气无痕小胸聚拢胸罩美背薄款文胸,169.00
theblender旗舰店,【新品】The Blender撞色固定胸垫可交叉肩带小三角杯内衣女早秋,199.00
艾莎雅旗舰店,加厚6cm小胸显大聚拢内衣女聚拢防滑裹抹胸隐形无痕前扣无肩带文胸罩,115.00
好奇蜜斯旗舰店,好奇蜜斯小胸聚拢内衣女夏薄显大无钢圈法式蕾丝文胸罩套装防下垂,99.80
芬格美旗舰店,内衣女大胸显小收副乳防下垂全罩杯薄款夏季文胸罩调整型大码无痕,119.00
SecretWorld秘密世界,Secret World嘭嘭杯内衣女小胸聚拢收副乳防下垂上托显大无痕文胸,99.98
六只兔子内衣店,六只兔子蕾丝内衣女小胸聚拢显大性感文胸罩套装上托防下垂收副乳,99.90
丰筱旗舰店,平胸专用细肩带粉底液内衣女超薄款美背隐形无痕小胸显大聚拢文胸,198.00
维多利亚高端内衣馆,维多利亚调整型内衣小胸聚拢收副乳无钢圈防下垂性感蕾丝文胸套装,328.00
SecretWorld旗舰店,【赵今麦同款】细肩带内衣女聚拢小胸收副乳无痕粉底液文胸夏薄款,199.00
SecretWorld旗舰店,【赵今麦同款】Secret World无痕内衣女小胸聚拢细肩带文胸收副乳,199.00
有棵树官方旗舰店,四季通用有棵树女士文胸无痕聚拢防下垂舒适贴合,149.00
婷美服饰旗舰店,婷美无痕内衣女聚拢小胸显大上托防下垂收副乳无钢圈蕾丝文胸罩,199.00
古今服饰旗舰店,古今冰丝无痕内衣女夏薄款凉感透气无钢圈背心式文胸罩2026新款,149.98
娜彤蜜旗舰店,调整型内衣女小胸聚拢收副乳文胸塑形矫正防下垂五排扣防外扩胸罩,158.00
ELLEgirl内衣旗舰店,ELLEgirl少女文胸发育期背心青少年女孩初高中学生可调节肩带内衣,399.00
都市丽人内衣旗舰店,都市丽人无痕裸感内衣女小胸聚拢夏薄款软支撑收副乳防下垂文胸罩,199.00
Beauty时尚甄选,【7A抑菌】内衣女夏季薄款冰丝隐形无痕大胸显小聚拢防下垂文胸罩,198.00
MOMOPlGl品牌,【百万博主推荐】无痕隐形文胸夏季薄款女士小胸聚拢收副乳防下垂,198.00
都市丽人服饰旗舰店,都市丽人蕾丝碎花内衣女小胸聚拢防下垂收副乳舒适无痕薄款文胸罩,99.90
小春更旗舰店,小春更高中生少女文胸青春发育期初中学生内衣15岁青少年定型胸罩,129.00
都市丽人旗舰店,都市丽人法式蕾丝内衣女小胸聚拢显大夏薄款防下垂无痕舒适文胸罩,79.90
轻奢YUINI品牌店,【韩国YUINI轻奢】薄款兔耳朵凉感无痕内衣女大胸显小透气文胸罩,198.00
ubras官方旗舰店,虞书欣同款ubras无尺码小奶皮无痕内衣女夏薄款隐形背心运动文胸,169.00
迷尚萨拉旗舰店,内衣女学生初中大童无钢圈文胸发育期细肩带少女薄款胸罩无痕背心,56.00
维多利亚内衣高端店,维多利亚内衣套装女性感蕾丝小胸聚拢调整型收副乳薄款女士文胸罩,426.00
伊丝艾拉官方旗舰店,伊丝艾拉性感纯欲内衣套装女夏薄款大胸显小胸聚拢防下垂蕾丝文胸,498.00
小春更旗舰店,小春更初中生内衣女高中学生青春期发育期背心15岁女大童少女文胸,139.90
乔妃莎旗舰店,内衣女小胸聚拢收副乳防下垂无痕提拉上托性感女士塑形显大文胸罩,85.00
猫人商务旗舰店,猫人无痕内衣女大胸显小提拉防下垂聚拢收副乳裸感舒适全罩杯文胸,225.00
都市丽人服饰旗舰店,都市丽人内衣女小胸聚拢显大防下垂收副乳舒适有型无钢圈蕾丝文胸,99.90
贝盈达旗舰店,高中生内衣女学生初中少女文胸青春发育期青少年三阶定型女孩背心,149.90
verycode内衣旗舰店,维多利亚内衣女小胸聚拢调整型无痕光面性感无钢圈加厚文胸套装密,128.88
芬狄诗官方旗舰店,【吴昕同款】芬狄诗莫吉托内衣女粉底液三角杯小胸细肩带美背文胸,169.00
TENO旗舰店,日本TENO无痕内衣女小胸聚拢不空杯三角杯轻薄透气高颜值春夏文胸,288.00
花城诗旗舰店,美背内衣2026新款爆款聚拢抹胸背心女无痕细肩带一体吊带运动文胸,258.00
都市丽人旗舰店,都市丽人蕾丝内衣女显小收副乳聚拢防下垂无钢圈夏季薄款文胸2026,89.90
黛莎妃旗舰店,挂脖吊带裙专用细肩带内衣女小胸显大美背无痕粉底液肤夏天文胸罩,38.00
卡迪贝拉旗舰店,无痕舒适云朵内衣女士小胸聚拢上托收副乳防下垂薄款无钢圈文胸罩,70.00
有棵树官方旗舰店,有棵树冰丝男士内裤无痕透气男生四角短裤2...,1??
元力象旗舰店,元力象男士内裤冰丝透气高档新款莫代尔短裤...,2??
Bananain蕉内旗舰店,3件|蕉内凉皮5系冰丝男士内裤平角透气四...,1??
Calvin Klein官方旗舰店,【吸湿速干】CK内衣男士三条装提花舒适棉...,5??
少女美屋旗舰店,卡通猫内裤~A类纯棉夏季男士内裤抗菌哈喽...,2?
Bananain蕉内旗舰店,3件|蕉内银皮300S平角内裤男士纯棉透...,7?
有棵树官方旗舰店,有棵树男士内裤纯棉抗菌四角裤2026新款...,1??
Noah Wa Wa个性内裤,豹纹男士内裤粉色冰丝柔软平角男生可爱搞怪...,4?
有棵树企业店铺,有棵树男士内裤2026新款青少年纯棉10...,1??
驸马工作室,3条装 巨柔软莫代尔面料透气男士内裤无痕...,1??
有棵树旗舰店,有棵树冰丝男士内裤无痕透气四角短裤衩20...,8?
猫人商务旗舰店,猫人男士内裤纯棉四角2026新款防阴囊抗...,7?
古今服饰旗舰店,古今男士内裤男款男生纯棉四角裤名牌正品高...,7?
真维斯天曼专卖店,真维斯男士内裤男生冰丝平角夏季薄款透气四...,4?
蕉下官方旗舰店,蕉下男士内裤莫代尔透气运动不卡裆四角裤抑...,7?
Cukum Kboie品牌专柜店,CukumKboie男士内裤男款纯棉四角...,3??
森马内衣旗舰店,森马男士内裤男生10A级抗菌透气平角裤四...,9?
有棵树内衣旗舰店,有棵树男士内裤纯棉抗菌透气平角裤男生四角...,1??
天天特卖工厂,男士内裤CALIENKELER正品男四角...,2?
ChoiceKaiser旗舰店,ChoiceKaiser男士内裤男生纯棉...,2??
猫人商务旗舰店,猫人男士内裤男款纯棉平角短裤男生2026...,8?
真维斯天曼专卖店,真维斯纯棉男士内裤男生宽松运动透气平角短...,4?
尤米服饰店,男士内裤时尚青少年男生透气抗菌平角裤衩个...,2?
尤米服饰店,新款男士内裤青少年运动潮流四角裤头莫代尔...,1?
CAPABLE KYLIN 卡比雷尔文,CALIENKELER男士内裤男纯棉抗菌...,5?
南极人服饰旗舰店,南极人冰丝内裤男无痕抗菌纯棉裆透气202...,5?
MiiOW猫人内衣旗舰店,猫人冰丝男士内裤夏季薄款2026新款平角...,5?
WEMOVE维姆工作室,男士内裤纯棉男款平角裤内裤男生潮流透气青...,1??
Cloud Krezz 品牌专柜店,Cloud Krezz男士内裤纯棉舒适抗...,9?
CarreKenbt旗舰店,CarreKenbt男士内裤男生莫代尔抗...,2??
miiow猫人洋翊专卖店,猫人网眼男士内裤冰丝四角裤男生网孔防阴囊...,7?
SecretWorld秘密世界,男士内裤A类彩棉10A抑菌全棉裆透气四角...,8?
全棉时代服饰旗舰店,全棉时代男士内裤纯棉2026年夏季新款男...,1??
橙子先生内裤,男士冰丝内裤男生夏季薄款2026新款青少...,5?
橙子先生内裤,内裤男生纯棉四角裤男款短裤青少年简约透气...,5?
playboy内衣旗舰店,花花公子男士内裤纯棉新男款四角短裤衩平角...,9?
帕兰朵服饰旗舰店,帕兰朵男士内裤男生男款2026新款纯棉透...,5?
Celons Karter品牌自营店,CelonsKarter男士内衣裤四角平...,1??
Color karat旗舰店,ColorKarat男士内裤男款莫代尔2...,1??
猫人服饰旗舰店,猫人男士内裤莫代尔100支透气无痕新款平...,4??
Lee内衣旗舰店,Lee李牌80支云感棉男士内裤无痕透气1...,1??
QINEI旗内工作室,软糯透气男士内裤纯棉柔软亲肤透气中腰男生...,3?
playboy内衣旗舰店,花花公子男士内裤冰丝无痕四角裤男生202...,9?
都市丽人精品旗舰店,都市丽人本命年红色内裤男款纯棉2026新...,7?
CAREKOTY内衣旗舰店,CAREKOTY冰丝无痕男士内裤夏季奶皮...,1??
七匹狼诺姆专卖店,七匹狼男士内裤纯棉平角裤本命年大红色属马...,6?
七匹狼内衣旗舰店,七匹狼男士内裤纯棉男生2026新款100...,1??
time1991,男士内裤白色宽松平角裤纯棉薄款中腰大码深...,3?
MISS SIXTY官方旗舰店,【杨幂同款】Miss Sixty2026冬季牛仔裤女休闲广角裤微喇超模裤,1690.00
lululemon官方旗舰店,Stretch Woven 女士阔腿裤 拒水*亚洲版型丨lululemon丨LW5HTOA,1080.00
悟空有货原创设计师品牌,悟空有货立体褶皱A字廓形老钱风长裤子男高级感通勤百搭休闲西裤,178.00
悟空有货原创设计师品牌,悟空有货美式解构拼接水洗运动卫裤男女潮牌街头宽松阔腿百搭长裤,176.00
三福官方旗舰店,三福女休闲裤2026秋季新款抽绳松紧腰工装裤阔腿宽松休闲裤子女装,349.00
Lost myself线上商店,LostMyself 海岛度假多巴胺穿搭彩色亮色系休闲裤长裤水洗牛仔裤,339.00
KTAP原KITTYLURE,时尚达人·高街工装阔腿牛仔裤显瘦遮肉,89.00
三福官方旗舰店,三福休闲裤2026秋季新款休闲松紧腰个性宽松阔腿直筒裤长裤女装,179.00
古怪舍原创设计肚皮衣饰局,新中式系｜需要一些松弛感,209.00
Moment 1991,moment灰色西裤女垂坠高级感宽松设计感显瘦阔腿裤女春秋季日系,367.00
NAWS (NOTAWEAR),NAWS【腻腻同款】陶瓷牛仔麻袋裤 水洗反做口袋阔腿裤牛仔裤长裤,670.00
哈齿小姐,哈齿小姐 显瘦无压力高密高支宽松垂感廓形系带高腰遮肉阔腿长裤,569.00
Moment 1991,moment白色灯芯绒阔腿裤女春秋季2023新款宽松直筒休闲垂感显瘦,498.00
同同家自制 专注简约女装,同同家—自制 休闲阔腿牛仔棉气球裤子女宽松小个子松梨形秋季,125.00
KENABSTUDIO,KENABSTUDIO春秋新款复古直筒牛仔裤女美式宽松设计拖地阔腿裤子,358.00
Have Rice 饭馆 摩登品牌店,量感杨桃裤 立体廓形微肌理感盐缩皱感休闲裤长裤,259.00
NERESUM,NERESUM美式复古星星印花牛仔短裤女做旧水洗宽松阔腿休闲七分裤,118.00
ADPPP(原初恋人原创牛仔),绣标水洗复古蓝阔腿牛仔裤女2026夏季新款低腰宽松显瘦休闲直筒裤,198.99
POJNN,POJNN美式高级感弯刀黑色西裤cleanfit廓形阔腿镰刀休闲裤子男女,138.00
ABWLR (原ABWEAR),ABWLR 记忆碎片-秋季毛呢阔腿裤女2026新款直筒宽松休闲卫裤,358.00
AGUA STUDIOS,AGUA美式波点抽绳阔腿休闲裤女夏季新款宽松显瘦低腰拖地直筒长裤,139.00
时尚速递店,美式复古牛仔裤女春秋季新款折痕阔腿休闲设计感显瘦宽松梧桐裤子,69.80
Ja1CBAY (原Ja1从不熬夜),Ja1从不熬夜 高腰显瘦阔腿工装裤男女同款百搭拖地情侣款弯刀裤子,168.00
VNOOK,VNOOK 黑色垂感褶间直筒西裤女新款通勤休闲裤百搭纯色宽松阔腿裤,239.00
ABWLR (原ABWEAR),ABWLR 素素美女-秋季灰色简约风西装阔腿裤宽松高智感拖地休闲裤,358.00
莱伦斯布正装店,莱伦斯布高腰显瘦弹力微喇裤女秋宽松垂感直筒西裤灰色时髦西装裤,318.00
兰梦娅旗舰店,白灰色运动裤女春秋2026新款小个子直筒阔腿裤宽松bf慵懒风卫裤子,61.12
哈齿小姐,哈齿小姐 夏日海蓝堡宽松阔腿双腰带天丝亚麻设计感高腰通勤长裤,329.00
Sleep at 11,Sleep at 11 韩系白色裙边屁帘裤假两件阔腿裤女休闲裤弯刀长裤子,149.00
DailyScene,DailyScene「从轻」垂感口袋捏褶廓形空气阔腿裤百搭休闲棕色长裤,389.00
ONLPP,ONLPP美式复古慵懒风粉色阔腿裤女低腰显瘦宽松垂感休闲直筒长裤,228.00
XinDUguan,韩系慵懒感蓝色设计拼接休闲裤女夏季2026新款荷叶边格纹阔腿长裤,89.90
AGUA STUDIOS,AGUA卡其色阔腿休闲裤女2026夏季薄款宽松显瘦慵懒风直筒长裤子,149.00
BENLAI旗舰店,本来BENLAI女士凉感休闲户外工装宽松阔腿裤26秋季新款BNT660039,339.00
XinDUguan,美式复古满印星星屁帘假两件阔腿裤女春慵懒垂感宽松运动休闲长裤,99.90
马勺旗舰店,cleanfit美式高街原牛水洗七分牛仔裤男夏季百搭休闲A字阔腿中裤,119.00
柳步旗舰店,深蓝色格子裤男女秋季高级感痞帅微喇裤子美式复古休闲运动直筒裤,118.00
i.t 品牌店,it :CHOCOOLATE撞色拼接休闲阔腿裤女春秋新款宽松慵懒西装裤子,382.00
aoxiaotu,2026春夏新薄款棉麻米白色直筒裤女宽松九分 百搭窄版阔腿工装裤,199.00
时尚速递店,波点休闲裤女冬日新款时尚个性高街松驰风拼接腰头白色印花卫裤子,79.80
Awmumu,AWMUMU老钱风休闲长裤女春季新款宽松垂感高腰设计感压褶阔腿裤女,189.00
lululemon官方旗舰店,Seersucker WovenAir 女士泡泡纱褶饰长裤丨lululemon丨LW5JHEA,1180.00
ISLAND,ISLAND美式复古三条杠弯刀卫裤男女宽松百搭垂感街舞阔腿休闲裤子,199.00
AOLOL,aolol“冰川感”老钱风亚麻弯刀裤子女夏直筒显瘦休闲气球裤,399.00
ONLPP,ONLPP美式复古双排扣解构阔腿裤女黑色宽松直筒休闲百搭辣妹长裤,228.00
RCDB人间指南,RCDB轻户外速干工装伞兵裤男女宽松防风防泼水休闲登山徒步长裤子,169.00
川川也,川川也美式复古水洗做旧多口袋拼接剪裁工装裤男女宽松直筒休闲裤,158.00
中老年爸妈装,2026夏季新款舒适高腰女士阔腿裤冰丝印花宽松九分裤简约通勤,5.88
安妮优儿意树专卖店,汉服女童中秋古装国风连衣裙2026新款儿童古风唐装公主裙女孩裙子,118.00
荷香艺梦旗舰店,【儿童国学】荷香艺梦汉服舒适柔软透气,74.00
秋醇旗舰店,国学服儿童中国风汉服男童开笔礼表演服女童古装春秋弟子规演出服,90.00
秋醇旗舰店,儿童汉服男童国学服套装三字经古装小学生中国风女春弟子规演出服,43.00
月梳茼旗舰店,月梳茼原创汉服女金台红袖汉元素齐胸衫裙刺绣改良款夏季日常,188.00
汉韵轩汉服,粉色荷花汉服女夏魏晋风古装2026新款中国风仙气飘飘古风舞蹈服装,288.00
糖果家儿童汉服,汉服男童儿童国学服古装书童小学生国风马面裙套装春弟子规演出服,55.00
静还决汉服,静还决 明月拂松 明星同款原创汉服男女同款情侣款直裾齐胸裙腰封,215.00
静还决汉服,静还决 青鸢芷 原创宋制汉服外褙子吊带三裥裙春款夏款新品,268.00
沿调旗舰店,汉服男童秋季女童国风儿童古装国学服装古风开笔礼演出服春秋款,86.25
月梳茼旗舰店,金枫玉树原创汉服女重工刺绣诃子裙改良齐胸唐制冬款,268.00
柯雪旗舰店,毕业照改良古装汉服女中国风交领古风男武侠服学生情侣装班服套装,45.00
山河辞令 服道具全,华夏武侠风汉服表演服出班中国风上下五千年古装黑红儿童成人街舞,79.00
安妮优儿意树专卖店,女童敦煌飞天古风汉服中秋新款女孩古装唐装儿童国风民族服装春秋,130.00
皖裕旗舰店,女童汉服超仙中国风小女孩古装春夏季儿童古风2024新款唐装公主裙,269.00
夕洛茜旗舰店,夕洛茜刘亦菲同款汉服套装2026新款古风仙气飘逸小龙女舞蹈演出服,299.00
青青子衿成人汉服,【爆!限时特惠】汉服套装古风绣花连衣裙金缕百合齐胸古装,343.00
爱美丽儿童礼服店,古风汉服女童中国风2026新款超仙蓝色小女孩唐装公主襦裙夏季薄款,328.00
爱美丽儿童礼服店,粉色儿童襦裙2026新款女童汉服中国风唐装连衣裙夏季薄款日常可穿,328.00
雨花央雪 原创汉服,雨花央雪【鹤花羽】汉服女明制云肩对襟大袖衫刺绣仙气马面裙秋款,236.00
花间酒精品汉服,玉人歌汉服女原创唐制一片式齐胸裙超仙中国风绣花大袖衫春夏套装,220.00
花仙记汉服,花仙记【小羊庄园】原创汉服琵琶袖马面裙汉洋折衷套装2026年新款,69.00
月梳茼原创汉服店,月梳茼原创汉服女【月枝桂香】汉元素齐胸衫裙刺绣改良款秋季日常,148.00
暖色原创汉服,暖色原创汉服女【花神】唐制齐胸渐变襦裙花卉刺绣斗篷日常春夏款,358.00
花间酒精品汉服,成人汉服女学生春秋【桂花兔】明制立领刺绣琵琶袖对襟马面裙套装,280.00
异誌閣,异志阁原创改良【永宴瑶华】魏晋南北朝汉元素重工刺绣意向金定金,1080.00
裳云兮旗舰店,裳云兮原创汉服女《春晓》新品唐制齐胸襦裙绣花大袖衫日常春夏款,999.00
机器鸭旗舰店,中秋节汉服女童2026新款古装儿童古风超仙连衣裙幼儿园唐装演出服,71.00
槿姿俏旗舰店,汉服男童2026春新款儿童超仙女童古装学生国风男孩唐装国学服中秋,39.90
乌扣旗舰店,乌扣.锦瑟 女童汉服长袖襦裙春秋款儿童超仙古风连衣裙中秋节古装,408.00
若普格旗舰店,2026新款马面裙女童古风汉服新中式大童儿童古装唐装套装国风春装,158.00
扬州慢汉服工作室,汉元素宋制交领长衫褙子比甲彼岸花蜘黑红帅气男款情侣汉服套装,396.00
青伊阁汉服馆,蓝尾蝶汉服女古装重工刺绣齐腰大袖衫诃子裙超仙气国风大典走秀款,698.00
异誌閣,异志阁原创汉服【青山引】改良魏晋重工刺绣神明少女汉元素夏新款,968.00
暖色原创汉服,暖色【青衣】宋制原创汉服女对襟大袖衫长干寺一片式齐腰褶裙夏季,19.90
花上月令原创汉服企业店,原创汉服女【霁月瑶光】魏晋风重工刺绣异志阁古装春夏季款仙国风,319.00
机器鸭旗舰店,中秋汉服男童演出服女童古风小少爷唐装儿童古装国学服幼儿园服装,80.00
揽风华,揽风华【鱼宴灯宵】原创汉服半身裙双经轴马面裙鱼骨胸衣抹胸套装,348.00
青禾汉服,粉色荷花战国袍汉服女款2026新款交领大袖超仙气飘飘古风春夏古装,218.00
芭米诺旗舰店,女童汉服春秋中国风唐装敦煌飞天异域风情古装儿童秋季超仙连衣裙,130.00
乌扣旗舰店,乌扣.陌上 女童汉服春秋款儿童超仙长袖古装襦裙国风连衣裙中秋节,428.00
彬妃旗舰店,小龙女同款汉服女成人白色仙气古装古典舞蹈剑舞演出服装2026新款,298.00
仙楚姬旗舰店,仙楚姬原创汉服【木兰辞】侠客风汉服小师妹飘逸仙气齐腰日常春夏,398.00
罗袖动香国风,罗袖动香【月兔棋遇】短袄吊带两片裙女26年春装新品日常汉服国风,49.00
妮莎倍儿童装,汉服女童超仙2026新款古风连衣裙女孩国风唐装儿童中秋节古装裙子,128.00
裳云兮旗舰店,裳云兮原创汉服女【青谣】日常齐胸襦裙中国风新款古装汉元素春夏,268.00
肯莎凯旗舰店,【花凤】原创明制汉服红色马面裙新中式订婚敬酒服2026新款婚服夏,222.00
芭米诺旗舰店,汉服女童2026新款夏季古风超仙连衣裙女孩唐装中国风儿童古装公主,162.00
盈瓷 GA SEASONS,盈瓷真丝|万事顺荔 桑蚕丝大王缎连衣裙女...,894.94
RICH IN CHEESE 舒胡蕾,法式白色吊带连衣裙女夏高级感气质收腰长款...,211.00
dangdang Somes   当当,dangdang somes“古董情书”...,758.00
WearKeki,WearKeki●无尽夏 苎麻塔克线小飞...,399.00
Valacy's 梵老师,Valacy's 海岛编织系列┋'风吹半...,1280.00
盈瓷 GA SEASONS,盈瓷真丝｜妃子笑 100桑蚕丝连衣裙女夏...,823.35
香影官方旗舰店,香影波西米亚白色连衣裙女2026秋节新款...,569.00
Freja旗舰店,Freja25SS Florina Dr...,2880.00
RICH IN CHEESE 微胖定制,RICHINCHEESE 茶香可颂【系列...,164.00
edition官方奥莱旗舰店,【奥莱独享】edition吊带裙白玉兰绣...,2399.00
FLONAKED旗舰店,FLONAKED设计师植庭定位印花层叠花...,1080.00
K姐KSOEUR 品质女装,K姐KSOEUR【莫奈花园】百百兰精天丝...,199.00
FLONAKED旗舰店,FLONAKED杏色中式晕染金纱蕾丝层叠...,1780.00
安妮森林annforest设计师店,一不小心就收藏！绿色亲肤透气连衣裙,859.00
YUYUWANG包姐,YUYU WANG【安漾】无袖V领连衣裙...,622.35
无艳一禾,无艳一禾【虞娇】2026巨好看绝美不撞款...,661.25
K姐KSOEUR 品质女装,K姐KSOEUR【午后漫步】重工镂空刺绣...,489.00
歌莉娅官方旗舰店,歌莉娅黑色连衣裙女2026新款夏季重要场...,499.00
Valacy's 梵老师,Valacy's 南法假日系列┋'泰兰德...,1044.70
KROCHE,王可同款 Kroche「浪漫七夕」法式船...,469.00
CHICHY旗舰店,【慵懒度假风】CHICHY法式复古v领连...,1299.00
LOWEY,[现货]lowey 素描庄园 法式连衣裙...,599.00
菀草壹女装旗舰店,菀草壹2026秋蕾丝印花吊带裙不规则荷叶...,910.00
SHENSHEN with U,深深定制 法式高级感露肩连衣裙女白色缎面...,329.00
POPCHRIO欧可芮旗舰店,POPCHRIO欧可芮◆法式荷叶边蕾丝长...,590.00
小镇姗姗TOWN33,小镇姗姗 那不勒斯少女~白色连衣裙女春秋...,269.00
郭卷毛,郭卷毛 深灰褶皱网纱无袖连衣裙女夏新款收...,340.00
安妮森林annforest设计师店,仙气炒色纯苎麻定位花卉刺绣紫色优雅连衣裙...,955.00
吴零零轻奢女装,吴零零白羽法式白月光大摆长款连衣裙夏日露...,458.90
OAKMOO橡木苔,"OAKMOO/""树的心跳""海边度假风露背...",399.00
YAGONGZHU 高定,【赵丽颖 朱珠同款】YAGONGZHU ...,915.00
美妃服饰旗舰店,美妃连衣裙子2026流行新款连身裙大裙摆...,768.00
SNIDEL官方旗舰店,SNIDEL2026春夏新品甜美双层荷叶...,1500.00
Ranwear official,Ranwear 这是一个有着香气的晚上 ...,296.00
YUYUWANG包姐,YUYU WANG【墨柔】黑色桑蚕丝连衣...,570.58
无以幻象 x WUYIHUANXIANG,无以幻象 WUYIHUANXIANG 浪...,368.00
张大人订制大码女装,张大人大码女装微胖mm韩系清新风波浪边针...,189.90
Li Hui Er 李慧儿,LiHuiEr李慧儿【巴厘岛入梦】夏气质...,588.00
HooLast设计馆,清新小众绿色碎花连衣裙2026年秋新款原...,998.00
钱安安 JIANO FOREVER,钱安安短款法式气质吊带小礼服修身收腰包臀...,413.00
OfAkiva,OfAkiva“十四行诗”浪漫印花连衣裙...,489.00
OfAkiva,【李梦同款】OfAkiva“水生系列”原...,469.00
dodc旗舰店,dodc青花瓷碎花吊带裙女夏季新款裙子海...,499.00
哈齿小姐,哈齿小姐 温柔须臾蕾丝拼接皱感光泽宽松显...,1069.00
CHICHY旗舰店,【明星同款】CHICHY法式碎花荷叶边连...,1999.00
Muggle Studio 主线,muggle studio 原创设计法式...,338.00
无艳一禾,无艳一禾【曼城都会】格雷灰莱赛尔亚麻收腰...,786.25
MandyShen曼迪妈灵感店,曼迪妈 优逸度假舒适感 镂空刺绣小性感设...,3390.00
无艳一禾,无艳一禾【平生欢】新中式原创人丝提花重工刺绣旗袍连衣裙,711.25
OfAkiva,【李梦同款】OfAkiva“罗曼词”新中式印花旗袍连衣裙女背心长裙,399.00
Blovelan藍,Blovelan步步生莲 温柔新中式立领提花收腰轻国风旗袍鱼尾连衣裙,249.00
一缕服饰专营店,粉色短款裙子新中式改良旗袍风吊带连衣裙国风汉元素少女罩衫套装汉服夏,444.00
锦绣依人旗袍,锦绣依人粉色旗袍女新中式绝美年轻小个子订婚短袖收腰连衣裙女夏,599.00
十六梅,十六梅《笑春风》新款新中式提成改良原创设计小个子日常可穿旗袍,599.00
盈瓷 GA SEASONS,盈瓷品质｜海蓝绣 重工国风刺绣改良旗袍女夏季收腰新中式连衣裙,434.95
一城风絮丨复古原创女装,新款丨绣花复古民国风倒大袖全开襟立领旗袍,1739.00
汀玥苓旗舰店,优雅|大气|显瘦-新款中式旗袍,248.00
OfAkiva,OfAkiva“冷冽岩兰”新中式印花旗袍连衣裙女复古盘扣拼接鱼尾裙,439.00
无艳一禾,无艳一禾【白秀珠】原创新中式人棉亚麻提花珠链收腰旗袍连衣裙,948.75
优诗尚美服饰旗舰店,【金裳】秀禾服婚服2026新款新中式高端敬酒服礼服小个子金色旗袍,1566.00
锦衣玉琦新中式旗袍,锦衣玉琦新中式红色真丝结婚旗袍2026新款订婚敬酒服新娘礼服裙女,679.00
云玺礼服,新中式旗袍敬酒服高级感2026新款绝美订婚礼服修身出阁回门宴便装,358.00
盈瓷 GA SEASONS,盈瓷真丝｜紫定成功 桑蚕丝新中式旗袍女夏季小个子国风连衣裙,1058.64
Babymoon 冷月,Babymoon 新中式改良绣花旗袍连衣裙,299.00
锦绣依人旗袍,2026高端年轻款旗袍女夏季改良粉色订婚礼服新中式日常绝美高级感,399.00
dangdang Somes   当当,dangdangSomes“柳腰轻”1OO人丝斜裁小个子短款绿色旗袍女新中式,388.00
无艳一禾旗舰店,无艳一禾【梳妆】新中式100人丝提花旗袍连衣裙+珠片绣云肩,586.25
苏玉豪旗舰店,绝美旗袍新中式订婚日常可穿2026新款高端气质印花改良年轻款少女,228.00
HooLast设计馆,新中式国风碎花旗袍裙女26年秋季新款高腰显瘦小众设计感高品质,998.00
艾诗霓婚纱旗舰店,艾诗霓《朱颜辞》新中式订婚旗袍敬酒礼服2026新娘气质结婚套装夏,789.00
伊茜礼服,香槟色订婚礼服旗袍敬酒服2026新款高级感新中式回门答谢宴两件套,222.00
漫屿ManYu,2026新中式国风旗袍连衣裙女改良琉光薄纱收腰复古仙女日常,139.90
MIMO DK,Mimo dk 国风手工花藤刺绣重工收腰显瘦温柔气质改良旗袍连衣裙,69.80
漫屿ManYu,新中式国风改良旗袍连衣裙小个子收腰汉服长裙古风礼服绝美初恋,59.90
WANGXO,WANGXO丨月光鎏金蕾丝织韵丨重工立体刺绣镂空开叉旗袍无袖连衣裙,398.00
艺桥写真馆,2025新中式改良旗袍女新款轻款气质高端提花紫色性感包臀连衣裙服,118.00
云鬓斜簪 原创设计师品牌,云鬓斜簪 深咖锦鲤针织旗袍连衣裙 包臀鱼尾新中式长裙度假日常女,279.00
苏玉豪旗舰店,绿色旗袍高端气质少女新中式2026新款夏季提花连衣裙年轻款小个子,228.00
WANGXO,WANGXO丨沁雅重工立体刺绣丨镂空蕾丝修身旗袍裙开叉连衣裙短裙,368.00
大蜜cc 微胖定制,DMcc大蜜【东方韵】新中式改良旗袍年轻款微胖mm显瘦大码连衣裙夏,229.90
十六梅,十六梅《双栖》100%桑蚕丝45姆米重缎香云纱复古手工原创设计旗袍,1099.00
逸红颜旗舰店,逸红颜《欢笺》26年秋新人丝亚麻混纺晕染合欢花刺绣喇叭袖旗袍女,728.00
初蝉新中式国风女装,初蝉衣事新中式国风改良旗袍女26夏新款设计感粉色剪花收腰连衣裙,698.00
BlankPalette 调色格,Blank palette|蓝色扎染旗袍女新中式连衣裙女夏裙子质感高级感,185.00
HiimDai,HiimDai 叶罗丽女王 新中式国风辣妹旗袍裙 烫金弹力包臀鱼尾长裙,399.00
伊丽莎白婚纱,终于找到了一款精美又实惠的嫁衣，婚礼完美收官！,2099.00
逸红颜旗舰店,逸红颜《寻馥》2026秋新款重工金桂刺绣新中式素雅改良修身旗袍女,798.00
无艳一禾旗舰店,无艳一禾【红尘仙】新中式原创蕾丝提花无袖立领连衣裙,911.25
Rian trea雨婷,Rian trea雨婷 新中式复古旗袍连衣裙女绿色花卉蕾丝拼接气质旗袍,389.00
郭卷毛,郭卷毛 黑色新中式连衣裙女夏季新款收腰显瘦旗袍长裙,281.00
馨缘礼服馆,新中式晨袍女新娘敬酒服高级感高端轻奢亮片订婚礼服裙连衣裙旗袍,338.00
HECO旗舰店,HECO【玉络】新中式盘扣镂空旗袍连衣裙女夏季新款修身显瘦长裙子,599.00
花满絮  旗袍日记,花满絮红色旗袍订婚礼服女新中式2026新款小个子敬酒服大码连衣裙,599.00
一城风絮丨复古原创女装,天姿雪丨一城风絮丨复古立领盘扣全开襟无省古法平裁旗袍日常长款,1759.00
BlankPalette 调色格,Blank palette|黑色新中式旗袍改良年轻款少女高级感显瘦连衣裙女,175.00
小孩子才做选择,『一梦江南』新中式少女高级改良旗袍流行收腰气质国风连衣裙春夏,198.00
Bananain蕉内旗舰店,【时尚青年】夏季短袖短裤套装简约风格,2??
Bananain蕉内旗舰店,【王一博同款】蕉内氮气505Dry家居服...,2??
松山棉店旗舰店,松山棉店家居服套装莫代尔情侣新中式长袖男...,3??
松山棉店旗舰店,松山棉店萌宠开衫长袖条纹家居服套装男士女...,3??
芬腾可安品牌家居服睡衣,芬腾可安睡衣女款夏季纯棉短袖短裤套装开衫...,1??
贝妍旗舰店,个性潮女|贝妍史努比长袖修身豹纹阔腿长裤...,2??
domiamia旗舰店,Domiamia纯棉月子服春夏季孕妇睡衣...,7??
都市丽人官方旗舰店,都市丽人优可丝【三件套】睡衣女秋季新款甜...,2??
红豆居家官方旗舰店,红豆呼吸棉睡衣女士长袖套装格纹梭织磨毛宽...,3??
ubras官方旗舰店,ubras云棉家居服情侣套装长袖长裤女士...,2??
Sinbounboun Homedress馨帮帮,馨帮帮Homedress 波点开衫睡衣裤...,8?
奈奈屿nny,ins灰色蝴蝶结春秋睡衣女纯棉布料100...,1??
蘑菇咕咕,蘑菇咕咕小猫和木屋a类纯棉睡衣女夏双层纱...,1??
棉花泡泡家居服,棉花泡泡 原创小鱼泡泡长袖纯棉双层纱睡衣...,1??
红豆居家官方旗舰店,红豆呼吸棉情侣睡衣女长袖中厚梭织磨毛纯棉...,3??
猫人优品旗舰店,猫人睡衣女款夏薄款100%纯棉短袖短裤卡...,1??
棉花泡泡家居服,棉花泡泡 原创海盐小兔纯棉睡衣女夏A类全...,1??
蘑菇咕咕,蘑菇咕咕 原创海盐小兔a类纯棉睡衣女夏双...,1??
BE旗舰店,蜡笔小新纯棉睡衣女夏带胸垫情侣秋春家居服...,2??
宫蝶官方旗舰店,宫蝶【轻柔软】小马宝莉少女睡衣秋季长袖轻...,3??
达尔丽官方旗舰店,达尔丽带胸垫莫代尔棉睡衣女春秋新款长袖A...,2??
尘熙旗舰店,尘熙睡衣女春秋款法式长袖套装棉家居服宫廷...,3??
Sinbounboun Homedress馨帮帮,馨帮帮Homedress 小樱桃条纹睡衣...,8?
轩靓官方旗舰店,轩靓【7A抗菌】睡衣女夏季莱赛尔短袖短裤...,4??
PJOCLOCK睡时记,PJOCLOCK睡时记睡衣女带胸垫202...,2??
SecretWorld秘密世界,【赵今麦同款】SecretWorld睡衣...,1??
乔益の家居服,小狗冰丝睡衣情侣装一男一女带胸垫夏季短袖...,1??
miss cat ponyo家居服,MISSPONYO CCAT甜美碎花睡衣...,1??
奈奈屿nny,秋款韩系撞色拼接纯棉纱睡衣女款春秋季双层...,1??
小新宅家,可爱赫拉兔睡衣女夏季短袖短裤长裤纯棉薄款...,1??
都市丽人官方旗舰店,都市丽人睡衣女款秋冬季珊瑚绒加厚保暖法兰...,2??
悦内官方旗舰店,悦内睡衣男士夏季冰丝短袖短裤家居服夏款丝...,2??
轩靓官方旗舰店,轩靓睡衣女春秋款莫代尔薄款长袖休闲时尚冰...,3??
马克公主,马克公主莫代尔夏季睡衣女可爱少女风短袖长...,2??
JoyceBra,JoyceBra  温柔碎花棉纱纯棉睡衣...,1??
宫蝶官方旗舰店,宫蝶【轻柔软】苹果小狗情侣睡衣女春秋款纯...,3??
JoyceBra,JoyceBra  星星波点翻领德绒睡衣...,1??
悦内官方旗舰店,悦内睡衣女夏季夏天冰丝短袖短裤家居服时尚...,3??
同语旗舰店,同语莫代尔棉儿童睡衣春秋男童女童可爱小猫...,1??
山橘月家居服品牌店,显瘦带胸垫大码胖mm睡衣女款2025新款...,7?
同语旗舰店,同语儿童睡衣女童新款春秋柔软莫代尔棉长袖...,1??
miiow猫人官方旗舰店,猫人冰丝睡衣女款2026新款夏季短袖薄款...,9?
棉竹屋官方旗舰店,棉竹屋情侣纯棉睡衣套装春夏季2026新款...,2??
暖暖の睡衣,睡衣女款夏纯棉带胸垫可爱卡通短袖长裤20...,9?
贝妍旗舰店,【甜美少女】贝妍新款春秋季睡衣小碎花长袖...,3??
ubras品牌官方店,刘雯同款ubras云棉家居服女士睡衣情侣...,3??
天猫超市,OAKFAMILY孕妇月子服春秋竹棉纱布...,4??
暖暖の睡衣,带胸垫纯棉睡衣女款夏短袖长裤2026新款...,9?
Bananain蕉内旗舰店,蕉内棉棉506Sleep家居服套装男士莫代尔冰丝女款夏季新款深睡睡衣,2??
贝妍旗舰店,个性潮女|贝妍史努比长袖修身豹纹阔腿长裤睡衣套装,2??
宫蝶官方旗舰店,宫蝶【3件套】迪士尼维尼熊长袖睡衣女款秋季纯棉带胸垫吊带套装,4??
宫蝶官方旗舰店,宫蝶【2套价】迪士尼米奇红色情侣居家服女长袖纯棉新婚睡衣春季,7??
SecretWorld秘密世界,【赵今麦同款】SecretWorld睡衣女绵柔长袖长裤家居服套装春季夏,1??
都市丽人官方旗舰店,都市丽人优可丝【三件套】睡衣女秋季新款甜美碎花吊带长裤家居服,2??
靓衣邦旗舰店,2026夏季【A类双层棉纱】甜美睡衣套装女轻薄宽松100%纯棉居家服,9?
Bananain蕉内旗舰店,蕉内丝丝520HPets冰丝可外穿家居服男款情侣长袖睡衣套装女士新款,3??
Sinbounboun Homedress馨帮帮,馨帮帮Homedress 波点开衫睡衣裤套装女早秋可外穿长袖长裤家居服,8?
轩靓官方旗舰店,轩靓睡衣男秋冬季加厚加绒套头保暖珊瑚绒海岛绒春秋款家居服套装,3??
贝妍旗舰店,贝妍夏季薄款纯棉短袖情侣睡衣女史努比凉感家居服休闲大码男套装,2??
小新宅家,可爱赫拉兔睡衣女夏季短袖短裤长裤纯棉薄款三件套卡通粉色家居服,1??
奈奈屿nny,甜美韩系少女撞色条纹纯棉纱睡衣女夏2026新款家居服外穿短袖短裤,1??
红豆居家官方旗舰店,红豆呼吸棉睡衣女士长袖套装格纹梭织磨毛宽松甜美春秋纯棉家居服,3??
棉花泡泡家居服,棉花泡泡 紫格小灰猫a类纯棉双层纱睡衣女款夏全棉短袖家居服套装,1??
乐菲儿家居服,日系熊猫情侣睡衣女春秋款纯棉长袖套装2025新款夏冬季男士家居服,1??
蘑菇咕咕,蘑菇咕咕 原创紫格小灰猫纯棉双层纱睡衣女夏全棉短袖家居服套装,1??
奶喵的裙摆,奶喵【蓝莓兔兔】甜美娃娃领冰丝睡衣卡通春秋可爱长袖长裤家居服,1??
芬腾官方旗舰店,芬腾红色睡衣女春秋款结婚新婚情侣纯棉家居服男士大码本命年套装,3??
Sinbounboun Homedress馨帮帮,馨帮帮Homedress 小清新碎花花边家居服初秋长袖长裤女款睡衣套装,8?
JoyceBra,JoyceBra  夏季新款冰丝波点睡衣套装女款韩系高级感可外穿家居服,9?
山橘月家居服品牌店,显瘦带胸垫大码胖mm睡衣女款2025新款夏短袖三件套格子家居服外穿,7?
乔益の家居服,小狗冰丝睡衣情侣装一男一女带胸垫夏季短袖高级感夏天薄款家居服,1??
芬腾可安品牌家居服睡衣,芬腾可安睡衣女款夏季纯棉短袖短裤套装开衫带胸垫家居服可外穿,1??
棉花泡泡家居服,棉花泡泡 星星泡泡袖A类双层纱纯棉睡衣女款夏全棉短袖家居服套装,1??
JoyceBra,JoyceBra  星星波点翻领德绒睡衣女秋冬新款舒适可外穿家居服套装,1??
芝桃鸟家居服直销爱豆店,芝桃鸟2026新款冰丝短袖长裤情侣睡衣男士条纹丝绸女款家居服夏季,9?
奈奈屿nny,香槟色少女蝴蝶缎面冰丝睡衣女款带胸垫2026新款夏季小飞袖家居服,1??
ubras品牌官方店,刘雯同款ubras云棉家居服女士睡衣情侣套装男款冰丝短袖短裤26夏,3??
NANS工作室,怎么自拍都好看睡衣,4?
乐姿梦旗舰店,乐姿梦情侣睡衣女春秋款黑色高级感男士长袖冰丝可外穿家居服套装,2??
思莉太太旗舰店,思莉太太情侣睡衣女款夏季纯棉短袖2026新款超火男士夏天家居服,2??
红豆居家官方旗舰店,红豆呼吸棉情侣睡衣女长袖中厚梭织磨毛纯棉家居服套装男春秋A类,3??
艾贝娇家居服,带胸垫睡衣女夏季纯棉2026新款睡裙三件套加大码胖mm200斤家居服,1??
蘑菇咕咕,蘑菇咕咕 蓝格小黑狗a类纯棉睡衣女款夏短袖双层纱全棉家居服套装,1??
暖暖の睡衣,睡衣女款夏纯棉带胸垫可爱卡通短袖长裤2026新款可外穿套装小个子,9?
山橘月家居服品牌店,2026年新款带胸垫大码胖mm睡衣女夏季短袖三件套可爱家居服可外穿,7?
乐姿梦旗舰店,乐姿梦26年情侣睡衣春夏季冰丝薄款短袖套装夏天睡衣男女款家居服,2??
鹿可思家居服,情侣可爱猪猪短袖睡衣女夏季薄款冰丝凉感爽棉男生大码卡通家居服,6?
珈诗芬睡衣家居服,100%纯棉男士睡衣春秋季长袖青少中年睡衣男秋天夏全棉家居服套装,8?
miiow猫人官方旗舰店,猫人冰丝睡衣女款2026新款夏季短袖薄款可爱少女家居服套装可外穿,9?
达尔丽官方旗舰店,达尔丽带胸垫莫代尔棉睡衣女春秋新款长袖A类抗菌防螨薄家居服夏,2??
ubras官方旗舰店,ubras云棉家居服情侣套装长袖长裤女士睡衣带胸垫翻领可外穿夏季,2??
都市丽人官方旗舰店,都市丽人睡衣女款秋冬季珊瑚绒加厚保暖法兰绒家居服可外穿两件套,2??
睡尚美服饰旗舰店,睡衣女夏季开衫长袖长裤纯棉套装夏天女士2025新款卡通春秋家居服,9?
软软梦 Softdream,软软梦「天使内心」原创款可爱印花冰丝睡衣女春夏家居服长袖短袖,1??
VINEEMAN维妮蔓,【粉兔眠眠】睡衣带胸垫女款2026新款冰丝长袖蕾丝花边居家服套装,5?
miiow猫人官方旗舰店,猫人带胸垫睡衣女款2026新款夏季纯棉吊带背心碎花棉绸家居服套装,1??
蓝瑟旗舰店,高腰蓝色牛仔短裙女2026春夏新款a字裙...,139.00
羊好好旗舰店,新款白色蛋糕短裙女松紧腰半身裙高腰显瘦百...,1288.00
Luna7xi,Luna7xi 简约气质半身裙女秋季新款...,399.00
Dazi金大支,Dazi金大支蕾丝拼接撞色百褶半身裙20...,329.00
热风官方旗舰店,热风女士白色半身裙2026年夏季新款简约...,229.00
Luna7xi,Luna7xi 黑色设计感半身裙女夏季百...,399.00
落落狷介 LUOLUOJUANJIE,落落狷介半身裙女2026新款绿色蕾丝拼接...,358.00
BIGGOLD STUDIO,BIGGOLD设计感条纹荷叶边蛋糕裙裙裤...,118.00
SUW 苏喂,早秋日系复古轻亚风花苞百搭褶皱蓬蓬灰色a...,119.00
爱情魔鬼鱼女装馆,爱情魔鬼鱼 纯色系带半身裙女2026夏季...,169.00
ZOCHEEO,ZOCHEEO 灯芯绒a字半身裙女秋冬直...,299.00
阿一 realeasy,阿一 气质拉满 UMA飘逸长裙女夏季高腰...,159.90
AcupStudio 江右上,AcupStudio江右上 高腰褶皱开叉...,178.00
哈齿小姐,哈齿小姐 优雅定制光泽感挺括高腰立体压褶...,569.00
LotusRoot三寸藕,三寸藕【秋分麦浪】复古格子花边半身裙新款...,79.55
小溜的线上商店,SMALLIU MODE 低腰拼接伞裙半...,329.00
爱情魔鬼鱼女装馆,爱情魔鬼鱼 纯色垂感不规则半身裙女202...,259.00
MoXiuYi STUDIO,M【现货】新款设计感卡其色不规则腰带百褶...,199.00
Go Girl Go,Go Girl Go 自制欧美风白色垂顺...,99.00
PINKEEN STUDIO,PINKEEN白色高腰半身裙女装2026...,159.99
韩流风小女人,2026年夏季新款复古做旧水洗蓝高腰牛仔...,139.00
YUQIPAO STUDIO,大码胖mm复古格纹半身裙女秋冬新款高腰显...,99.80
阿一 realeasy,阿一扎染上线 半身裙女秋季高腰雪纺小众鱼...,99.90
YUQIPAO STUDIO,大码胖mm复古波点半身裙女秋冬遮胯显瘦蛋...,88.70
红人馆女装店,红人馆包臀半身裙女2026秋季今年流行爆...,279.80
Fn Clean Explain,Fn Clean Explain 简约老...,380.00
裤邦人旗舰店,裤邦人咖色褶皱花苞半身裙女2026年秋季...,178.00
依艾格旗舰店,卡其色高腰a字半身裙女2026新款春夏韩...,109.90
红人馆女装店,红人馆a字半身裙女2026新款巨好看的长...,279.80
素典旗舰店,素典复古波点压褶半身裙女秋季新款松紧腰百...,287.00
橘子酱YO,橘子酱YO满印星星条纹拼接Y2K古早味蛋...,78.00
小丫头衣社,韩系学院风波点毛呢半身裙女2026秋季新...,81.09
馨帮帮sinbounboun,馨帮帮 蕾丝拼接不规则半身裙女秋高腰大摆...,138.00
依艾格旗舰店,学院风灰色西装百褶裙中裙女夏季小个子百搭...,139.90
小丫头衣社,韩系慵懒风波点半身裙女2026秋季新款松...,81.09
谢荞荞,谢荞荞「轻音摇曳」松紧腰木耳边长裙休闲百...,198.58
北岛AMUU,「北岛AMUU原创」韩系大口袋绿色a字短...,118.00
有耳uare女装原创设计,有耳uare原创设计 跳舞的裙摆 复古压...,379.00
素典旗舰店,【绿茵】素典法式波点高腰半身裙女夏季松紧...,237.00
零度苏打,零度苏打 早秋高级感粉紫色蛋糕裙女高腰绝...,169.00
Cozy Days 舒舒的日记本,cozydays 「伯克利半身裙」黑色格...,159.00
米子旗旗舰店,米子旗高腰半身裙女春秋2026新款修身显...,139.00
北岛AMUU,「北岛AMUU」多巴胺绿色高腰a字半身裙...,129.00
芊蕙自制女装,一步半身裙女夏季2026新款中长款小个子...,141.00
雨气泡微胖大码女装,大码胖mm粉色碎花雪纺半身裙女春夏长款垂...,99.80
isislove旗舰店,ISISLOVE白色不规则蕾丝花边蛋糕裙...,266.00
雨气泡微胖大码女装,大码胖mm彩色艺术涂鸦不规则半身裙女夏季...,99.80
lululemon官方旗舰店,Groove 女士折叠腰部中腰短裙丨lu...,780.00
京云染,京云染【岁时风物】原创汉服半身裙马面裙仿...,259.00
花梦令旗舰店,花梦令【草莓兔兔】原创汉洋折衷汉服套装国...,83.00
静还决汉服,静还决 青鸢芷 原创宋制汉服外褙子吊带三...,268.00
静还决汉服,静还决 繁华绮梦 原创明制汉服套装比甲长...,207.00
沿调旗舰店,汉服男童秋季女童国风儿童古装国学服装古风...,86.25
清秀古装汉服演出服,女童汉服春秋超仙中国风唐装儿童古装襦裙小...,178.00
汉韵轩汉服,谁懂啊这汉服太美了古韵飘逸仙气十足必入,288.00
雯茜姿旗舰店,汉唐广袖古典舞演出服女飘逸中国风艺考古装...,298.00
月梳茼旗舰店,月梳茼原创汉服女金台红袖汉元素齐胸衫裙刺...,188.00
皖裕旗舰店,女童汉服超仙中国风小女孩古装春夏季儿童古...,269.00
乌扣旗舰店,乌扣.锦瑟 女童汉服长袖襦裙春秋款儿童超...,408.00
埃格罗旗舰店,武侠改良古装汉服女男女同款学生班服中国风...,38.00
雨花央雪 原创汉服,雨花央雪【鹤花羽】汉服女明制云肩对襟大袖...,236.00
乌扣旗舰店,乌扣.陌上 女童汉服春秋款儿童超仙长袖古...,428.00
秋醇旗舰店,汉服女童超仙襦裙中国风古装2026新款古...,99.00
机器鸭旗舰店,中秋汉服男童演出服女童古风小少爷唐装儿童...,80.00
乐彩服饰,男童汉服儿童,80.00
槿姿俏旗舰店,汉服男童2026春新款儿童超仙女童古装学...,39.90
月梳茼旗舰店,金枫玉树原创汉服女重工刺绣诃子裙改良齐胸...,268.00
夕洛茜旗舰店,夕洛茜刘亦菲同款汉服套装2026新款古风...,299.00
柯雪旗舰店,毕业照改良古装汉服女中国风交领古风男武侠...,45.00
春和 国风工作室,【春和】声声慢 宋制复原仕女图 天丝对襟...,150.00
秋醇旗舰店,儿童汉服男童国学服套装三字经古装小学生中...,43.00
沿调旗舰店,汉服男童2026新款女童儿童古装国学服装...,83.75
月梳茼原创汉服店,月梳茼原创汉服女【月枝桂香】汉元素齐胸衫...,148.00
机器鸭旗舰店,中秋节汉服女童2026新款古装儿童古风超...,71.00
龙悦古典服饰,簪花仕女汉服诃子裙大袖衫舞蹈演出服唐制中...,628.00
青衫一笙汉服,汉服女童|夏季新款大袖衫中式风格,198.00
槿姿俏旗舰店,汉服男童春新款儿童国风古装新款古风男孩帅...,39.90
花间酒精品汉服,成人汉服女学生春秋【桂花兔】明制立领刺绣...,280.00
小步走路旗舰店,【惊喜特惠】唐装汉服2026春夏季新款超...,298.00
青禾汉服,绿色女童汉服2026新款魏晋风战国袍儿童...,148.00
春和 国风工作室,【春和】行香子 宋制齐腰汉服 仕女图 夏...,150.00
仙楚姬旗舰店,仙楚姬原创汉服【木兰辞】侠客风汉服小师妹...,398.00
花仙记汉服,花仙记【小羊庄园】原创汉服琵琶袖马面裙汉...,69.00
花间酒精品汉服,玉人歌汉服女原创唐制一片式齐胸裙超仙中国...,220.00
青衫一笙汉服,时尚|舒适|百搭-女童古风汉服,248.00
芭米诺旗舰店,女童汉服春秋中国风唐装敦煌飞天异域风情古...,130.00
异誌閣,异志阁原创汉服【青山引】改良魏晋重工刺绣...,968.00
锦衣坊,汉服女童2026新款连衣裙儿童国风古装礼...,208.00
潮优贝旗舰店,汉服女童2026新款儿童古风超仙唐装女孩...,259.00
青青子衿成人汉服,轻松打造汉服魅力就选这款套装舒适时尚,343.00
羽毛鱼旗舰店,汉服男童女童折洋汉衷洛丽塔小少爷公主裙唐...,116.67
桐花坞旗舰店,超燃男童水龙汉服节日穿着百搭高性价比,496.00
山河辞令 服道具全,华夏武侠风汉服表演服出班中国风上下五千年...,79.00
听旬  原创设计品牌,听旬鹿鸣早秋汉服女日常改良宋制两穿旋裙原...,599.00
蜀司绣罗衣原创设计,蜀司绣罗衣丨曜劫丨唐制圆领袍缺胯袍春夏汉...,141.00
蜀司绣罗衣旗舰店,绣罗衣少冰去冰唐制圆领袍缺胯袍汉服男女飘...,160.00
珈诗芬睡衣家居服,100%纯棉男士睡衣春秋季长袖青少中年睡衣男秋天夏全棉家居服套装,89.00
ubras品牌官方店,刘雯同款ubras云棉家居服女士睡衣情侣套装男款冰丝短袖短裤26夏,329.00
家乐芬旗舰店,【柔感】家乐芬睡衣女士春秋款秋季纯棉长袖家居服薄款高级感套装,248.00
猫人家居服旗舰店,猫人吊带睡裙女款2026新款高级感夏季拉架棉带胸垫婥约性感睡衣女,149.90
家乐芬旗舰店,家乐芬睡衣男士夏季夏款丝绸冰丝短袖长裤大码家居服男款休闲套装,248.00
ubras品牌官方店,【新品】ubras流光家居服长袖长裤套装带胸垫缎面外穿26秋冬睡衣,399.00
Bananain蕉内旗舰店,蕉内棉棉506Sleep家居服套装男士莫代尔冰丝女款夏季新款深睡睡衣,299.00
EMXEE嫚熙官方旗舰店,嫚熙秋冬季纯棉吸汗月子服带胸垫孕妇哺乳丝柔棉睡衣产后家居服,699.90
都市丽人旗舰店,都市丽人纯棉睡衣女款带胸垫2026新款夏季女士短袖套装可爱家居服,95.00
Coy Kiss 轻奢睡衣,Coy kiss真丝睡衣女款2026新款秋长袖送女生礼物纯色高档礼盒套装,344.00
SecretWorld秘密世界,【赵今麦同款】SecretWorld睡衣女绵柔长袖长裤家居服套装春季夏,199.98
樱彩莉 大码女装家居服,格子大码200斤短袖睡衣女夏季新款开衫宽松可外穿长裤家居服套装,128.00
宫蝶官方旗舰店,宫蝶【2套价】迪士尼米奇红色情侣居家服女长袖纯棉新婚睡衣春季,778.00
椰椰曲奇家居服,夏季冰丝睡衣女款天使小熊可爱花边翻领短袖夏天休闲居家服可外穿,64.00
贝妍旗舰店,个性潮女|贝妍史努比长袖修身豹纹阔腿长裤睡衣套装,298.00
都市丽人官方旗舰店,都市丽人优可丝【三件套】睡衣女秋季新款甜美碎花吊带长裤家居服,239.90
Sinbounboun Homedress馨帮帮,馨帮帮Homedress 波点开衫睡衣裤套装女早秋可外穿长袖长裤家居服,89.90
芬腾可安品牌家居服睡衣,芬腾可安睡衣女款夏季纯棉短袖短裤套装开衫带胸垫家居服可外穿,128.00
樱彩莉 大码女装家居服,大码胖mm开衫短袖睡衣女夏季2026新款高级感薄款短裤家居服三件套,128.00
Bananain蕉内旗舰店,蕉内棉棉300Sleep女士莫代尔带杯深睡居家睡衣夏新款女款吊带睡裙,159.00
轩靓官方旗舰店,轩靓睡衣男秋冬季加厚加绒套头保暖珊瑚绒海岛绒春秋款家居服套装,306.00
小新宅家,可爱赫拉兔睡衣女夏季短袖短裤长裤纯棉薄款三件套卡通粉色家居服,178.00
宫蝶官方旗舰店,宫蝶【轻柔软】mikko睡衣女春秋纯棉长袖日系卡通可爱柔软家居服,289.00
棉花泡泡家居服,棉花泡泡 紫格小灰猫a类纯棉双层纱睡衣女款夏全棉短袖家居服套装,142.00
猫猫猪,日系小狗睡衣女薄款春夏季可外穿纯棉纱短袖学生家居服棉绸三件套,149.00
奈奈屿nny,甜美韩系少女撞色条纹纯棉纱睡衣女夏2026新款家居服外穿短袖短裤,170.00
十年好店  MoLi莫莉公主,带胸垫一体睡衣女夏天三件套短袖长裤大码200斤胖m宽松波点家居服,85.00
棉花泡泡家居服,棉花泡泡 星星泡泡袖A类双层纱纯棉睡衣女款夏全棉短袖家居服套装,155.00
以橘,日系ins自嘲熊睡衣男士春秋季长袖长裤纯棉宽松大码家居服可外穿,159.00
山橘月家居服品牌店,显瘦带胸垫大码胖mm睡衣女款2025新款夏短袖三件套格子家居服外穿,77.90
Sinbounboun Homedress馨帮帮,馨帮帮Homedress 彩色海星印花睡衣女秋季长袖长裤可爱家居服套装,89.90
贝妍旗舰店,贝妍夏季薄款纯棉短袖情侣睡衣女史努比凉感家居服休闲大码男套装,228.00
南极人官方旗舰店,南极人纯棉睡衣女款秋冬2026新款宽松长袖甜美可爱大码家居服套装,99.00
兔淼淼家居服,玉桂狗冰丝情侣睡衣女夏季短袖长裤可爱卡通夏天三件套家居服套装,98.00
正品GP Madam家居服,GP Madam蚕丝睡衣男女丝绸长袖春秋情侣真丝小狗明星同款家居服夏,529.00
Miiow猫人正品线上店,猫人冰丝睡衣女春秋款长袖带胸垫2026新款高级感丝绸家居服送女友,329.00
蘑菇咕咕,蘑菇咕咕 蓝格小黑狗a类纯棉睡衣女款夏短袖双层纱全棉家居服套装,142.00
乔益の家居服,小狗冰丝睡衣情侣装一男一女带胸垫夏季短袖高级感夏天薄款家居服,159.00
艾贝娇家居服,带胸垫睡衣女夏季纯棉2026新款睡裙三件套加大码胖mm200斤家居服,128.00
奈奈屿nny,可爱小熊纯棉棉纱长袖睡衣女春秋外穿2026超火新款秋季套装家居服,180.00
JoyceBra,JoyceBra甜美花边圆领睡衣女2026秋季新款可爱小熊印花家居服套装,109.90
乐姿梦旗舰店,家居简约从这款情侣睡衣开始多色选择轻松搭配,298.00
山橘月家居服品牌店,带胸垫200斤大码胖mm睡衣女夏季新款短袖薄款凉感家居服外穿套装,65.40
JoyceBra,JoyceBra  夏季新款冰丝波点睡衣套装女款韩系高级感可外穿家居服,99.90
暖暖の睡衣,睡衣女款夏纯棉带胸垫可爱卡通短袖长裤2026新款可外穿套装小个子,99.00
鹿可思家居服,情侣可爱猪猪短袖睡衣女夏季薄款冰丝凉感爽棉男生大码卡通家居服,66.00
猫宁小窝MorningNest品牌睡衣店,米菲兔睡衣女春秋天2026新款纯棉长袖长裤薄款可爱家居服大码套装,138.00
miiow猫人轻奢旗舰店,猫人睡裙女夏季纯棉布料100全棉女士大码净夏天睡衣女款2026新款,99.90
无艳一禾,无艳一禾【平生欢】新中式原创人丝提花重工刺绣旗袍连衣裙,711.25
OfAkiva,【李梦同款】OfAkiva“罗曼词”新中式印花旗袍连衣裙女背心长裙,399.00
一城风絮丨复古原创女装,新款丨绣花复古民国风倒大袖全开襟立领旗袍,1739.00
无艳一禾,无艳一禾【白秀珠】原创新中式人棉亚麻提花珠链收腰旗袍连衣裙,948.75
挽苏服饰旗舰店,挽苏紫色竹叶提花旗袍2026新款改良年轻拼接刺绣日常可穿连衣裙女,289.00
逸红颜旗舰店,逸红颜《欢笺》26年秋新人丝亚麻混纺晕染合欢花刺绣喇叭袖旗袍女,728.00
初蝉新中式国风女装,初蝉衣事新中式国风改良旗袍女26夏新款设计感粉色剪花收腰连衣裙,698.00
苏玉豪旗舰店,绿色旗袍高端气质少女新中式2026新款夏季提花连衣裙年轻款小个子,228.00
dangdang Somes   当当,dangdangSomes“柳腰轻”1OO人丝斜裁小个子短款绿色旗袍女新中式,388.00
盈瓷 GA SEASONS,盈瓷真丝|海蓝兔兔 桑蚕丝新中式旗袍裙女夏小个子修身国风连衣裙,894.94
一城风絮丨复古原创女装,天姿雪丨一城风絮丨复古立领盘扣全开襟无省古法平裁旗袍日常长款,1759.00
无艳一禾旗舰店,无艳一禾【梳妆】新中式100人丝提花旗袍连衣裙+珠片绣云肩,586.25
HooLast设计馆,新中式国风碎花旗袍裙女26年秋季新款高腰显瘦小众设计感高品质,998.00
逸红颜旗舰店,逸红颜《寻馥》2026秋新款重工金桂刺绣新中式素雅改良修身旗袍女,798.00
锦绣依人旗袍,锦绣依人绿色旗袍女小个子2026新款新中式年轻款绝美修身平时可穿,399.00
挽苏服饰旗舰店,挽苏白色刺绣旗袍2026新款改良年轻款日常可穿新中式连衣裙女夏季,299.00
锦绣依人旗袍,2026高端年轻款旗袍女夏季改良粉色订婚礼服新中式日常绝美高级感,399.00
盈瓷 GA SEASONS,盈瓷真丝｜紫定成功 桑蚕丝新中式旗袍女夏季小个子国风连衣裙,1058.64
Rian trea雨婷,Rian trea雨婷 新中式复古旗袍连衣裙女绿色花卉蕾丝拼接气质旗袍,389.00
OfAkiva,OfAkiva“冷冽岩兰”新中式印花旗袍连衣裙女复古盘扣拼接鱼尾裙,439.00
十六梅,十六梅《笑春风》新款新中式提成改良原创设计小个子日常可穿旗袍,599.00
dangdang Somes   当当,dangdang “柳腰轻2.0”100人丝连衣裙2026新款长款旗袍女新中式,528.00
无艳一禾旗舰店,无艳一禾【红尘仙】新中式原创蕾丝提花无袖立领连衣裙,911.25
逸芬梦纺旗舰店,逸芬梦纺新中式订婚旗袍敬酒礼服2026夏季新娘气质结婚套装连衣裙,500.00
MIMO DK,Mimo dk 国风手工花藤刺绣重工收腰显瘦温柔气质改良旗袍连衣裙,69.80
CERFMIA 小鹿弥雅,小鹿弥雅《花盈》原创新中式复古甜美收腰无袖显瘦旗袍连衣裙夏,299.00
APOZi collection,APOZi collection【衍生水墨】水墨印花高开旗袍国风改良日常长裙,199.00
艺桥写真馆,2025新中式改良旗袍女新款轻款气质高端提花紫色性感包臀连衣裙服,118.00
漫屿ManYu,新中式国风改良旗袍连衣裙小个子收腰汉服长裙古风礼服绝美初恋,59.90
伊茜礼服,香槟色订婚礼服旗袍敬酒服2026新款高级感新中式回门答谢宴两件套,222.00
芝士鹿 CheeseLu,芝士鹿新中式国风气质改良旗袍年轻款女夏季高级感收腰提花连衣裙,460.00
Babymoon 冷月,Babymoon 新中式改良旗袍修身连衣裙新款条纹绣花裙子女夏季短裙,299.00
墨黛兰旗舰店,紫色素雅奥黛旗袍2026新款改良小清新日常可穿新中式茶服连衣裙女,299.00
云鬓斜簪 原创设计师品牌,云鬓斜簪 深咖锦鲤针织旗袍连衣裙 包臀鱼尾新中式长裙度假日常女,279.00
十六梅,十六梅《湖光秘境》100%桑蚕丝45姆米重缎香云纱改良原创新款旗袍,999.00
墨黛兰旗舰店,绿色小清新旗袍2026新款改良年轻款小个子复古新中式连衣裙女长袖,209.00
漫屿ManYu,2026新中式国风旗袍连衣裙女改良琉光薄纱收腰复古仙女日常,139.90
千子小姐 Bernadette‘s,千子小姐【蝴蝶兰】原创重工刺绣*醋酸新中式复古修身订婚旗袍,976.00
初蝉新中式国风女装,初蝉衣事新中式国风连衣裙女2026夏新款绣花收腰显瘦气质改良旗袍,498.00
艾诗霓婚纱旗舰店,艾诗霓《玉瑶》订婚礼服新中式旗袍敬酒2026新娘流苏云肩套装女夏,869.00
HECO旗舰店,HECO【蝶栖】新中式复古改良旗袍裙气质蝴蝶压花无袖优雅连衣裙女,559.00
大蜜cc 微胖定制,DMcc大蜜【东方韵】新中式改良旗袍年轻款微胖mm显瘦大码连衣裙夏,229.90
BlankPalette 调色格,Blank palette|黑色新中式旗袍改良年轻款少女高级感显瘦连衣裙女,175.00
逸芬梦纺旗舰店,逸芬梦纺新中式改良旗袍连衣裙女新娘结婚订婚小个子红色敬酒服夏,460.00
一梦芳华 高级定制,藏蓝色高级感旗袍日常新中式夏秋季2026素雅民国风改良新款连衣裙,729.00
Norain不下雨,Norain不下雨新中式改良连衣裙女秋季新款丝绒收腰黑色旗袍裙长裙,289.00
优诗尚美服饰旗舰店,优诗尚美【枫晚】新中式金色旗袍套装新娘气质订婚礼服结婚敬酒服,788.00
拾吾梦,拾吾梦新中式国风改良旗袍2026新款设计感显瘦收腰A字旗袍连衣裙,328.00
有棵树官方旗舰店,有棵树花灰男士内裤纯棉裆男生运动四角短裤...,133.90
猫人商务旗舰店,猫人男士内裤纯棉四角2026新款防阴囊抗...,79.00
有棵树官方旗舰店,有棵树男士内裤2026新款纯棉裆四角裤男...,99.90
南极人潮搭旗舰店,南极人男士内裤男生纯棉透气四角裤头男款2...,69.90
古今服饰旗舰店,古今男士内裤男款男生纯棉四角裤名牌正品高...,79.98
真维斯天曼专卖店,真维斯男士内裤男生冰丝平角夏季薄款透气四...,49.00
海澜之家内衣旗舰店,海澜之家冰丝男士内裤无痕透气男生四角短裤...,89.00
猫人商务旗舰店,猫人男士内裤男款纯棉平角短裤男生2026...,89.90
PaiPaidx,10A抗菌100%全棉!无痕男士内裤纯棉...,69.99
南极人服饰旗舰店,南极人冰丝内裤男无痕抗菌纯棉裆透气202...,59.90
miiow猫人官方旗舰店,猫人男士内裤纯棉男生2026新款四角短裤...,69.00
CAPABLE KYLIN 卡比雷尔文,CALIENKELER男士内裤男纯棉抗菌...,59.90
元力象旗舰店,元力象男士内裤冰丝透气高档新款莫代尔短裤...,229.00
猫人美体旗舰店,猫人纯棉男士内裤2026新款高档青少年男...,69.90
恒源祥内衣旗舰店,恒源祥男士内裤男纯棉抗菌平角裤青年男生全...,99.00
Bananain蕉内旗舰店,3件|蕉内凉皮311男士冰丝内裤莫代尔纯...,198.00
南极人旗舰店,南极人内裤男士纯棉男款四角底裤衩平角短裤...,75.00
全棉时代服饰旗舰店,全棉时代男士内裤纯棉2026年夏季新款男...,169.00
南极人官方旗舰店,南极人男士内裤男生男款2026新款纯棉透...,43.90
尤米服饰店,新款男士内裤青少年运动潮流四角裤头莫代尔...,13.90
Cukum Kboie品牌专柜店,CukumKboie男士内裤男款纯棉四角...,359.00
Bananain蕉内旗舰店,3件|蕉内银皮301P莫代尔男士内裤平角...,89.00
棉竹屋官方旗舰店,男士内裤莫代尔男款10a抗菌透气纯棉裆2...,102.00
啄木鸟官方旗舰店,男士内裤男款纯棉男生平角裤啄木鸟官方旗舰...,60.00
真维斯天曼专卖店,真维斯纯棉男士内裤男生宽松运动透气平角短...,49.00
ChoiceKaiser旗舰店,ChoiceKaiser男士内裤男生纯棉...,228.00
金特杨内裤店,内裤男生纯棉青少年抗菌四角裤头男童发育期...,60.00
森马内衣旗舰店,森马男士内裤男生10A级抗菌透气平角裤四...,99.00
雅鹿旗舰店,雅鹿正品2026新款男士纯棉内裤男生平角...,32.90
名创优品内搭旗舰店,名创优品男士内裤纯棉10A抗菌全棉裆透气...,59.90
子墨棉品ZIMONS,子墨男士内裤80S莫代尔短裤10A级抗菌...,138.00
海澜之家容墨专卖店,海澜之家纯棉内裤男士2026新款全棉抗菌...,89.00
SecretWorld秘密世界,100支莫代尔男士内裤防潮湿15A抑菌2...,89.90
蕉下官方旗舰店,蕉下男士内裤莫代尔透气运动不卡裆四角裤抑...,79.00
Cloud Krezz 品牌专柜店,Cloud Krezz男士内裤纯棉舒适抗...,99.00
南极人旗舰店,南极人男士内裤男生纯棉四角裤头抗菌平角短...,67.30
七匹狼内搭旗舰店,七匹狼男士内裤男生纯棉四角短裤高档名牌透...,108.00
橙子先生内裤,内裤男生纯棉四角裤男款短裤青少年简约透气...,59.00
都市丽人服饰旗舰店,都市丽人冰丝男士内裤2026新款100A...,119.80
有棵树内衣旗舰店,有棵树男士内裤纯棉抗菌透气平角裤男生四角...,159.80
雅鹿内衣旗舰店,雅鹿冰丝男士内裤头纯棉裆四角平角短裤衩男...,47.90
playboy内衣旗舰店,花花公子男士内裤冰丝无痕四角裤男生202...,99.90
playboy内衣旗舰店,花花公子男士内裤纯棉新男款四角短裤衩平角...,98.90
七匹狼内衣旗舰店,七匹狼男士内裤纯棉男生2026新款100...,149.00
都市丽人服饰旗舰店,都市丽人纯棉男士内裤2026新款100A...,119.80
品汇优选内衣,南极人男士内裤男款100%正品纯棉男生名...,99.90
WEMOVE维姆工作室,维姆工作室 男士内裤纯棉男款平角裤内裤男...,118.00
Celons Karter品牌自营店,CelonsKarter男士内衣裤四角平...,158.00
猫人家居服旗舰店,猫人睡衣女款2026新款秋春带胸垫高级感女士长袖套装简家居服秋季,1??
眠岛睡衣Somnus island,『眠岛』2026春秋睡衣女纯棉纱布长袖套装休闲可外穿带胸垫家居服,2??
ubras品牌官方店,刘雯同款ubras云棉家居服女士睡衣情侣套装男款冰丝短袖短裤26夏,3??
珈诗芬睡衣家居服,100%纯棉男士睡衣春秋季长袖青少中年睡衣男秋天夏全棉家居服套装,8?
家乐芬旗舰店,家乐芬睡衣男士夏季夏款丝绸冰丝短袖长裤大码家居服男款休闲套装,2??
Bananain蕉内旗舰店,燃爆！莫代尔质感无敌！,2??
Bananain蕉内旗舰店,【王一博同款】蕉内氮气505Dry家居服吸汗短袖男士睡衣女款新款夏,2??
EMXEE嫚熙官方旗舰店,嫚熙秋冬季纯棉吸汗月子服带胸垫孕妇哺乳丝柔棉睡衣产后家居服,6??
秋鹿官方旗舰店,秋鹿纯棉睡衣女士10A抑菌法式绝美蕾丝九分裤2026新款短袖家居服,2??
ubras品牌官方店,【新品】ubras流光家居服长袖长裤套装带胸垫缎面外穿26秋冬睡衣,3??
芬腾可安品牌家居服睡衣,芬腾可安睡衣女款夏季纯棉短袖短裤套装开衫带胸垫家居服可外穿,1??
松山棉店旗舰店,松山棉店家居服套装莫代尔情侣新中式长袖男女大码国风春秋款睡衣,3??
Coy Kiss 轻奢睡衣,Coy kiss真丝睡衣女款2026新款秋长袖送女生礼物纯色高档礼盒套装,3??
都市丽人旗舰店,都市丽人纯棉睡衣女款带胸垫2026新款夏季女士短袖套装可爱家居服,9?
宫蝶官方旗舰店,宫蝶【2套价】迪士尼米奇红色情侣居家服女长袖纯棉新婚睡衣春季,7??
domiamia旗舰店,Domiamia纯棉月子服春夏季孕妇睡衣哺乳上衣孕期产后外出家居服,7??
奈奈屿nny,ins灰色蝴蝶结春秋睡衣女纯棉布料100全棉家居服秋季套装2026新款,1??
贝妍旗舰店,个性潮女|贝妍史努比长袖修身豹纹阔腿长裤睡衣套装,2??
奈奈屿nny,秋款韩系撞色拼接纯棉纱睡衣女款春秋季双层纱长袖家居服2026新款,1??
家乐芬旗舰店,家乐芬睡衣女春秋款纯棉长袖家居服卡通腊肠狗豹纹轻奢套装高级感,2??
悦内官方旗舰店,悦内睡衣女夏季夏天冰丝短袖短裤家居服时尚粉色条纹三件套高级感,3??
都市丽人官方旗舰店,都市丽人优可丝【三件套】睡衣女秋季新款甜美碎花吊带长裤家居服,2??
PJOCLOCK睡时记,PJOCLOCK睡时记睡衣女带胸垫2026夏季纯棉可爱可外穿防凸点家居服,2??
同语旗舰店,同语莫代尔棉儿童睡衣春秋男童女童可爱小猫家居服长袖可外穿套装,1??
俏薇妮原创设计睡衣,俏薇妮睡衣女春秋款纯棉带胸垫一体圆领套头可外穿家居服宽松套装,2??
miss cat ponyo家居服,MISSPONYO CCAT甜美碎花睡衣女夏季棉感短袖长裤甜美小野家居服,1??
乐姿梦旗舰店,乐姿梦情侣睡衣女夏款冰丝高级感夏天短袖短裤男士凉感家居服套装,2??
同语旗舰店,同语儿童睡衣男孩春秋季新款长袖梭织纯棉女童家居服男童全棉套装,1??
ubras官方旗舰店,ubras云棉家居服情侣套装长袖长裤女士睡衣带胸垫翻领可外穿夏季,2??
蘑菇咕咕,蘑菇咕咕 原创海盐小兔a类纯棉睡衣女夏双层纱全棉长袖家居服套装,1??
乔益の家居服,小狗冰丝睡衣情侣装一男一女带胸垫夏季短袖高级感夏天薄款家居服,1??
棉花泡泡家居服,棉花泡泡 原创海盐小兔纯棉睡衣女夏A类全棉双层纱长袖套装家居服,1??
轩靓官方旗舰店,轩靓【7A抗菌】睡衣女夏季莱赛尔短袖短裤2026新款凉感家居服套装,4??
达尔丽官方旗舰店,达尔丽带胸垫莫代尔棉睡衣女春秋新款长袖A类抗菌防螨薄家居服夏,2??
Sinbounboun Homedress馨帮帮,馨帮帮Homedress 波点开衫睡衣裤套装女早秋可外穿长袖长裤家居服,8?
棉花泡泡家居服,棉花泡泡 原创青苹果小狗A类纯棉睡衣女款夏全棉双层纱长袖家居服,1??
Sinbounboun Homedress馨帮帮,馨帮帮Homedress 少女风波点睡衣女秋季可外穿舒适宽松家居服套装,8?
蘑菇咕咕,蘑菇咕咕小猫和木屋a类纯棉睡衣女夏双层纱100全棉长袖家居服套装,1??
小新宅家,可爱赫拉兔睡衣女夏季短袖短裤长裤纯棉薄款三件套卡通粉色家居服,1??
悦内官方旗舰店,悦内情侣睡衣女款带胸垫夏季夏天短袖度假沙滩短裤纯棉家居服男士,1??
猫人优品旗舰店,猫人睡衣女款夏薄款100%纯棉短袖短裤卡通可爱2026新款家居服套装,1??
宫蝶官方旗舰店,宫蝶【轻柔软】小马宝莉少女睡衣秋季长袖轻奢甜美冰丝家居服外穿,3??
马克公主,马克公主莫代尔夏季睡衣女可爱少女风短袖长裤薄款学生家居服套装,2??
思莉太太旗舰店,思莉太太情侣睡衣女款夏季纯棉短袖2026新款超火男士夏天家居服,2??
山橘月家居服品牌店,显瘦带胸垫大码胖mm睡衣女款2025新款夏短袖三件套格子家居服外穿,7?
轩靓官方旗舰店,轩靓睡衣女春秋款莫代尔薄款长袖休闲时尚冰丝凉感大码家居服套装,3??
尘熙旗舰店,尘熙睡衣女春秋款法式长袖套装棉家居服宫廷风纯白色公主风可外穿,3??
棉竹屋官方旗舰店,棉竹屋情侣纯棉睡衣套装春夏季2026新款开衫短袖短裤可外穿家居服,2??
东京岁时记JK,东京岁时记JK原创正版制服纯色秋季学院风半身裙女黑色百褶裙长裙,2??
蓝瑟旗舰店,高腰蓝色牛仔短裙女2026春夏新款a字裙显瘦百搭黑色包臀半身裙子,1??
古怪舍原创设计肚皮衣饰局,“可惜了先生，你的偏见无法掩盖我的实力”,2??
落落狷介 LUOLUOJUANJIE,落落狷介半身裙女2026新款绿色蕾丝拼接波点半裙小个子松紧腰裙子,3??
LotusRoot三寸藕,三寸藕【秋分麦浪】复古格子花边半身裙新款秋季通勤显瘦A字裙女,7?
SUW 苏喂,早秋日系复古轻亚风花苞百搭褶皱蓬蓬灰色a字过膝中长裙半身裙女,1??
Dazi金大支,Dazi金大支蕾丝拼接撞色百褶半身裙2026新款秋季高腰胖mm大码裙子,3??
爱情魔鬼鱼女装馆,爱情魔鬼鱼 纯色垂感不规则半身裙女2026夏季新款气质宽松长裙子,2??
Luna7xi,Luna7xi 复古美式设计感牛仔半身裙女秋季新款高腰中长款开叉裙子,4??
Luna7xi,Luna7xi 蓝色复古水洗牛仔裙半身裙女秋季高腰显瘦直筒开叉长裙子,3??
YUQIPAO STUDIO,大码胖mm复古波点半身裙女秋冬遮胯显瘦蛋糕裙高腰A字大摆中长裙,8?
lululemon官方旗舰店,Groove 女士折叠腰部中腰短裙丨lululemon丨LW8AV5S,7??
红人馆女装店,红人馆a字半身裙女2026新款巨好看的长裙显瘦蛋糕裙低腰法式裙子,2??
爱情魔鬼鱼女装馆,爱情魔鬼鱼 藏蓝色复古波点半身裙女2026夏季新款高腰显瘦A字长裙,1??
馨帮帮sinbounboun,馨帮帮 蕾丝拼接不规则半身裙女秋高腰大摆长裙显瘦A字格子伞裙,1??
谢荞荞,谢荞荞「轻音摇曳」松紧腰木耳边长裙休闲百搭显瘦藏青色半身裙,1??
Rest＆Recreation圣水洞专柜,【韩国包邮】restandrecreation温柔风撞色蝴蝶结上衣半身裙套装,1???
空栗鼠丸JK,学院风jk长裙百褶裙长款半身裙高腰显瘦小个子a字裙伞裙女jk裙夏,3?
林大事LINTINGXIN,灰色百褶西装裙女半身裙高腰休闲a字春夏季过膝中长裙,5?
阿一 realeasy,阿一 气质拉满 UMA飘逸长裙女夏季高腰纱裙a字裙子不规则半身裙,1??
阿肉Ree,2025春季新款半身裙!巨遮胯巨显瘦!!,4?
哈齿小姐,哈齿小姐 复古勃更第细条纹西装通勤直筒高腰显瘦学院风半身裙女,5??
小丫头衣社,韩系学院风波点毛呢半身裙女2026秋季新款A字百搭休闲半裙1381A,8?
红人馆女装店,红人馆包臀半身裙女2026秋季今年流行爆款中长款巨好看麂皮绒裙子,2??
Fn Clean Explain,Fn Clean Explain 简约老钱 A字半身裙2026春夏时髦显瘦高腰中裙,3??
芊蕙自制女装,直筒半身裙黑色包臀裙春秋2023新款高腰,1??
ZOCHEEO,ZOCHEEO 灯芯绒a字半身裙女秋冬直筒裙复古气质高腰显瘦中长裙,2??
MASS Boutique,MASS 美拉德咖色灯芯绒高腰a字半身裙女2025秋冬新款显瘦中长裙,1??
裤邦人旗舰店,裤邦人咖色褶皱花苞半身裙女2026年秋季新款高腰辣妹a字裙长裙子,1??
YUQIPAO STUDIO,大码胖mm复古格纹半身裙女秋冬新款高腰显瘦A字裙不规则中长裙子,9?
芊蕙自制女装,一步半身裙女夏季2026新款中长款小个子半身长裙高腰开叉包臀裙子,1??
skechers官方旗舰店,斯凯奇半身裙速干A字裙2026年夏季新女垂顺挺括伞裙时尚休闲半裙,3??
羊好好旗舰店,新款白色蛋糕短裙女松紧腰半身裙高腰显瘦百搭通勤高端云朵a字裙,1???
Crucreamsu叙白,CRUCREAMSU 白色半身裙不规则蕾丝裙女春秋季高腰显瘦a字中长裙子,1??
韩流风小女人,2026年夏季新款复古做旧水洗蓝高腰牛仔短裙A字显瘦遮胯包臀版型,1??
依艾格旗舰店,学院风灰色西装百褶裙中裙女夏季小个子百搭高腰A字半身裙JK裙子,1??
岛歌夫人,岛歌夫人重工花型蕾丝半身裙女秋季新款半裙温柔直筒裙高腰长裙子,1??
VNOOK,VNOOK肌理流光压褶半身裙女新款松紧腰韩系垂感a字荷叶边中长裙子,2??
阿一 realeasy,阿一扎染上线 半身裙女秋季高腰雪纺小众鱼尾裙长款a字裙子伞裙,9?
Chetoor,黑色半身裙女春秋2025年新款芭蕾学院风蛋糕裙短裙甜酷辣妹百褶裙,7?
小丫头衣社,韩系慵懒风波点半身裙女2026秋季新款松紧腰休闲A字花苞中裙1324Q,8?
Go Girl Go,Go Girl Go 自制欧美风白色垂顺半身裙女夏中腰修身鱼尾裙a字短裙,9?
雨气泡微胖大码女装,大码胖mm日系黑色拼接半身裙女夏褶皱高腰蓬蓬蛋糕裙a字五分中裙,8?
零度苏打,零度苏打  灰色波点百褶裙女秋冬裙子长款半裙新款小个子半身裙,1??
热风官方旗舰店,热风女士白色半身裙2026年夏季新款简约分割伞裙蝴蝶结浪漫半裙,2??
梅子熟了 MEIZISHULE,梅子熟了「人鱼姬流光裙」仿醋酸鎏光缎面大裙摆半身裙幻彩百褶裙,4??
哈齿小姐,哈齿小姐 春日云端清爽实用半身裙显瘦压褶A子版型短款通勤裙子女,5??
恩眷 (原路加LUJIA),【白月光】恩眷_白色花苞裙女2026春夏百搭松紧高腰休闲半身长裙,9??
RICH IN CHEESE 舒胡蕾,法式吊带连衣裙女夏高级感气质收腰长款包臀礼服裙,2??
OAKMOO橡木苔,"OAKMOO/""她的诗""莱赛尔不规则裙夏无袖收腰高级垂感背心连衣长裙",5??
吴零零轻奢女装,吴零零白羽法式白月光大摆长款连衣裙夏日露背海边度假V领吊带裙,4??
盈瓷 GA SEASONS,盈瓷真丝|翠羽 重工新中式刺绣桑蚕丝连衣裙女夏季小个子国风裙子,8??
张大人订制大码女装,张大人大码女装微胖mm韩系清新风波浪边针织裙短袖收腰显瘦A字裙,1??
FLONAKED旗舰店,FLONAKED设计师植庭定位印花层叠花边收腰无袖连衣裙小众设计,1???
dangdang Somes   当当,dangdang somes“古董情书”裙子女款2026中古蕾丝系带衬衫连衣裙,7??
Ranwear official,Ranwear 这是一个有着香气的晚上 浪漫感飘逸荷叶边无袖连衣裙,2??
香影官方旗舰店,香影波西米亚白色连衣裙女2026秋节新款长袖度假旅游穿搭a字短裙,5??
吴零零轻奢女装,吴零零【黛西】法式吊带连衣裙露背海沙滩边度假长裙小白裙,4??
小镇姗姗TOWN33,小镇姗姗 那不勒斯少女~白色连衣裙女春秋宽松可调节绣花娃娃裙,2??
WearKeki,WearKeki●无尽夏 苎麻塔克线小飞袖连衣裙女定染蕾丝拼接娃娃裙,3??
哈齿小姐,哈齿小姐 重工镂空立体浮雕刺绣高支100棉翻领宽松直筒显瘦连衣裙,7??
Muggle Studio 主线,muggle studio 原创设计法式复古夏季气质收腰蕾丝连衣长裙,3??
哈齿小姐,哈齿小姐法式莱赛尔棉混纺简约细条纹透气亲肤长款收腰系带连衣裙,7??
张大人订制大码女装,张大人新款连衣裙大码女装胖mm海边度假风绿色波点吊带裙开衫套装,9?
MUNNS RUIXI,"MUNNS RUIXI""田园花事""淡紫晕染碎花收腰连衣裙木耳边系带中长裙",4??
WhyBerry Lab,WhyBerry 26SS“纯白茉莉”娃娃领修身连衣裙复古收腰灰裙千金风,3??
今屿花花 tefamani,今屿花花 蓝色格子法式连衣裙春装女2023年新款露背无袖收腰长裙,3??
Dazi金大支,金大支竖条纹蝴蝶结吊带连衣裙女2026新款夏季大码胖mm中长款裙子,1??
POPCHRIO欧可芮旗舰店,POPCHRIO欧可芮◆法式荷叶边蕾丝长袖衬衫连衣裙V领叠穿显瘦裙子,5??
Li Hui Er 李慧儿,LiHuiEr李慧儿 简雾 黑色连衣裙女夏无袖背心长裙白色礼服裙子女,4??
OfAkiva,OfAkiva“十四行诗”浪漫印花连衣裙女夏挂脖蕾丝拼接碎花吊带裙,4??
安妮森林annforest设计师店,耗料2.78米仙气花卉刺绣纯苎麻定染绿色连衣裙送吊带裙 安妮森林,8??
钱安安 JIANO FOREVER,钱安安短款法式气质吊带小礼服修身收腰包臀连衣裙子连身裙女,4??
Freja旗舰店,Freja25SS Florina Dress 【赵露思同款】,2???
FLONAKED旗舰店,FLONAKED杏色中式晕染金纱蕾丝层叠荷叶边长袖连衣裙小众设计,1???
bananagirl旗舰店,Bananagirl2026年秋季新款黄色连衣裙V领泡泡袖小个子宽松连衣裙,4??
DIAMOND STORE,DIAMOND◆麻本麦浪 自制直筒A版宽松显瘦小个子无袖背心连衣裙,1??
无艳一禾,无艳一禾【曼城都会】格雷灰莱赛尔亚麻收腰无袖翻领连衣裙-腰带,7??
LOWEY,[现货]lowey 素描庄园 法式连衣裙女印花复古浪漫宫廷方领茶歇裙,5??
innomoood,"innomoood""紫罗勒""双层连衣裙大领口宽松a型飞袖连衣裙格纹少女",2??
K姐KSOEUR 品质女装,K姐KSOEUR【午后漫步】重工镂空刺绣浪漫氛围感收腰蛋糕连衣裙女,4??
SNIDEL官方旗舰店,SNIDEL2026春夏新品千金风无袖蝴蝶结系带A字连衣裙SWFO262311,1???
歌莉娅官方旗舰店,歌莉娅黑色连衣裙女2026新款夏季重要场合巨好看荷叶袖赫本小黑裙,4??
SHENSHEN with U,深深定制 法式高级感露肩连衣裙女白色缎面订婚礼服领证气质长裙,3??
记忆的起点女装直营官方店,记忆的起点无袖连衣裙2026夏季新款法式温柔风收腰长裙70AX86181,3??
LOWEY,[现货]lowey海浪协奏曲'flowing waves'高弹针织包臀荷叶边连衣裙,5??
EGGKA,EGGKA蝴蝶结波点拼接假两件短袖连衣裙女夏季黑色收腰显瘦a字短裙,1??
Jamais  Vu,JAMAIS VU【郁金香】摇曳下摆 双版本清爽冰丝连衣短裙/长裙 三季,1??
dodc旗舰店,dodc青花瓷碎花吊带裙女夏季新款裙子海边度假沙滩裙气质连衣裙,4??
三吉黑花,三吉黑花【镜花月】新中式绣花早春漂亮连衣裙子国风蕾丝拼纱长裙,7??
圣多墨原创服饰,咖色一字领短袖连衣裙女夏季收腰褶皱显瘦通勤气质修身开叉长裙子,2??
无艳一禾,无艳一禾【红舞房】法式气质天丝苎麻波点收腰显瘦胭脂红连衣裙,6??
芊蕙自制女装,莫代尔垂感吊带裙女灰色背心裙夏季新款打底裙修身显瘦后开叉裙子,1??
BLUEerror,BLUEerror 法式浪漫透气亲肤收腰背心裙女长款连衣裙蕾丝小白裙夏,3??
Rucoo入乔,法式复古收腰连衣裙女泡泡袖夏季遮肉显瘦小众气质减龄简约中长裙,2??
RICH IN CHEESE 微胖定制,RICHINCHEESE 茶香可颂【系列合集】 长袖高弹针织打底收腰连衣裙,1??
李宁冠宁专卖店,李宁运动裤男士夏季新款透气直筒裤青少年卫裤休闲宽松大码长裤子,249.00
一个最帅的买了,速干冰丝男士短裤薄款2026新款爆款运动篮球室外跑步五分休闲裤子,79.00
wassupnuraya旗舰店,WASSUPNURAYA纯色休闲卫裤男女2026年新款潮流宽松直筒运动长裤子,109.00
明翼男装,三条杠运动裤男士春秋款宽松直筒大码裤子垂感休闲长裤针织卫裤男,158.00
deeplink运动旗舰店,deeplink2026新款假两件瑜伽裤女高腰提臀速干大码跑步运动健身裤,140.00
拓路者官方旗舰店,【木兰三季】拓路者户外徒步裤女显瘦微喇裤春秋季透气登山速干裤,789.00
丹卡尚旗舰店,休闲运动裤男夏季薄款宽松直筒校裤初高中学生深蓝藏青色校服裤子,168.00
腾途森旗舰店,校服裤子小学生初中高中生一道杠二条杠夏季冰丝藏青色深蓝色校裤,120.00
Keep运动服旗舰店,Keep运动短裤女速干透气瑜伽跑步健身短裤假两件带内衬训练防走光,169.00
xnun旗舰店,儿童紧身衣训练服速干衣男童秋冬篮球足球打底运动健身服套装男孩,76.00
FILA官方旗舰店,斐乐直筒裤丨FILA官方男士针织长裤秋冬运动裤休闲跑步加绒裤子,740.00
ESSEFAUST潮牌店,ESSEFAUST设计感解构休闲卫裤男潮牌美式宽松百搭直筒运动长裤子,87.60
悟空有货原创设计师品牌,悟空有货美式解构拼接水洗运动卫裤男女潮牌街头宽松阔腿百搭长裤,176.00
HTL 回头率,HuiTouLv重磅卫裤男款秋季宽松2026新款运动直筒裤垂感休闲长裤子,296.00
悟空有货原创设计师品牌,悟空有货潮牌复古高级感纯色垂感休闲裤男美式宽松百搭阔腿运动裤,136.00
国货严选旗舰,裤子男款WASSUP TREE春秋季2026新款男士休闲裤直筒宽松垂感卫裤,89.00
bodydream旗舰店,BODYDREAM简单裤 秋季舒适健身卫裤男裤子宽松直筒裤运动裤休闲裤,219.00
lululemon官方旗舰店,Lightweight Softstreme女士轻盈中长裤速干丨lululemon丨LW5IJ0S,980.00
RAINEECC女装旗舰店,深灰色糯米裤女春秋季2026新款高腰宽松直筒垂感休闲运动阔腿裤子,259.00
严选精品上等男装,冰丝裤子夏季男士2026新款速干直筒宽松垂感阔腿裤休闲裤薄款长裤,119.00
瞬时山野Monterest,瞬时山野Monterest户外无氟防水休闲裤基础弯刀软壳裤宽松长裤男,379.00
lululemon官方旗舰店,Lightweight Softstreme女士轻盈中长裤速干丨lululemon丨LW5IJ0S,980.00
ilovechoc旗舰店,ILOVECHOC美式街头爱心印花拼接春秋时尚长裤运动裤潮垂感阔腿裤,379.00
LXS STUDIO,必入手！潮流宽松休闲运动裤！,368.00
bodydream旗舰店,【穿云裤】BODYDREAM秋新款廓形长裤休闲裤运动裤弯刀裤白色裤子,289.00
李宁官方旗舰店,李宁运动裤男款秋季黑色裤子男士休闲裤跑步针织卫裤直筒训练长裤,199.00
真维斯男装总店,真维斯裤子男款春秋2026夏季薄款青少年休闲运动弯刀裤男士工装裤,168.00
AERLIMITEDD专柜定制,鼎级品质！26ss韩系urban小众火柴人贴布刺绣松紧运动休闲长裤女,239.00
FFR 原F383,F383 美式复古蓝色阔腿裤男女宽松垂感休闲长裤抽绳渐变弯刀卫裤,153.00
瞬时山野Monterest,瞬时山野Monterest户外吸湿速干轻量运动长裤弧形分割弹力休闲裤,369.00
nosize旗舰店,裤子男款秋季潮牌三条杠条纹学生运动裤宽松直筒休闲长裤男士卫裤,114.00
星期十青少年生活馆,美式条纹休闲裤男生春季大童运动裤卫裤宽松青少年直筒三条杠长裤,164.00
我需要一个潮牌,美式复古潮牌豹纹条纹休闲裤男女款秋冬新款重磅直筒运动坠感卫裤,168.98
mpf服饰旗舰店,裤子男士秋季2026新款宽松直筒休闲长裤子阔腿运动青少年男生卫裤,130.00
猫人户外旗舰店,黑色微喇春秋休闲阔腿裤女2026新款夏季瑜伽运动裤小个子直筒卫裤,279.80
SIMPLE 简单主义,420G重磅毛圈布运动短裤男夏季宽松纯色休闲中裤百搭直筒五分卫裤,109.00
ROSTAT(原ROAST LUCKY),Roast lucky 中缝线单褶轻微喇运动休闲长裤健身百搭显腿长直筒裤,278.00
MEBXX,美式复古灰色卫裤男女设计感小众解构宽松显瘦直筒阔腿弯刀运动裤,119.00
卡帝兽旗舰店,裤子男士秋季宽松休闲长裤2026新款男生阔腿直筒男款潮流运动卫裤,146.00
九分帅旗舰店,190加长版高个子裤子男春秋115cm瘦高青少年加绒直筒运动休闲长裤,108.00
1NING一宁 高个子加长裤,Altezza Divina「薄爽康宁裤」高个子一米九加长卫裤直筒裤休闲裤,269.00
雅钧鸟男装旗舰店,美式高街运动休闲裤春秋复古vibe直筒长裤潮牌拼接情侣阔腿男裤子,29.80
品牌折扣男装二号店,海蓝之家冰丝裤男夏季薄款透气宽松直筒运动裤大码弹力速干休闲裤,299.00
柳步旗舰店,深灰色鳞纹透气速干裤子男夏季薄款美式斜切直筒微喇裤休闲运动裤,90.00
STAW世拓旗舰店,STAW世拓趣跑二合一3.0短裤带内衬抗菌透气轻量运动马拉松跑步裤,599.00
帛先生旗舰店,秋季天丝莱赛尔男裤2026新款垂感直筒裤春秋休闲裤子男款运动卫裤,181.00
柳步旗舰店,黑色三条杠速干裤子男夏季薄款美式高街直筒运动裤条纹冰丝休闲裤,110.00
李宁官方旗舰店,李宁户外CF溯丨卫裤男士新款长裤男装宽松束脚休闲山系运动裤,299.00
韩国style女装馆,韩国灰色运动裤女春夏2026新款小个子直筒阔腿裤美式休闲束脚卫裤,198.00
马克华菲服饰旗舰店,马克华菲美式潮牌阔腿休闲裤男2026秋季新款宽松百搭直筒复古垂感,378.00
森马官方旗舰店,商场同款|森马休闲裤女秋格子宽松抽绳长裤松紧腰2026新款阔腿裤,239.00
悟空有货原创设计师品牌,悟空有货美式潮牌褶皱水洗做旧直筒牛仔裤男复古宽松潮流百搭长裤,178.00
糖乐天旗舰店,咖色阔腿裤女夏季薄款2026新款宽松休闲裤冰丝山本小个子直筒裤子,200.00
RAINEECC女装旗舰店,深灰色糯米裤女春秋季2026新款高腰宽松直筒垂感休闲运动阔腿裤子,259.00
KTAP原KITTYLURE,美式高街阔腿牛仔迷彩裤女小个子2026早秋新款高腰宽松工装直筒裤,89.00
悟空有货原创设计师品牌,悟空有货美式复古迷彩工装牛仔裤男潮牌嘻哈高街hiphop直筒阔腿裤,156.00
ilovechoc旗舰店,ILOVECHOC美式街头爱心印花拼接春秋时尚长裤运动裤潮垂感阔腿裤,379.00
lululemon官方旗舰店,Stretch Woven 女士阔腿裤 拒水*亚洲版型丨lululemon丨LW5HTOA,1080.00
三福官方旗舰店,三福女休闲裤2026秋季新款抽绳松紧腰工装裤阔腿宽松休闲裤子女装,349.00
MEBXX,美式复古灰色卫裤男女设计感小众解构宽松显瘦直筒阔腿弯刀运动裤,119.00
Ja1CBAY (原Ja1从不熬夜),Ja1从不熬夜 高级感精帆布弯刀工装裤中性风百搭cleanfit阔腿裤子,188.00
三福官方旗舰店,三福休闲裤2026秋季新款休闲松紧腰个性宽松阔腿直筒裤长裤女装,179.00
NERESUM,NERESUM美式复古星星印花牛仔短裤女做旧水洗宽松阔腿休闲七分裤,118.00
古怪舍原创设计肚皮衣饰局,“请进入我的梦境”,209.00
FAPAS(原仟依库原创女装),白色莱赛尔天丝阔腿休闲裤女2026夏季薄款高腰垂感显瘦亚麻直筒裤,138.00
兰梦娅旗舰店,白灰色运动裤女春秋2026新款小个子直筒阔腿裤宽松bf慵懒风卫裤子,61.12
兰梦娅旗舰店,白色阔腿裤女春秋季2026新款高腰垂感小个子直筒慵懒山本西装裤子,51.12
AGUA STUDIOS,AGUA卡其色阔腿休闲裤女2026夏季薄款宽松显瘦慵懒风直筒长裤子,149.00
出逃赤岗西,复古3D绣灰色西装裤女秋冬季垂感宽松直筒拖地高腰阔腿休闲西裤,286.00
Sleep at 11,Sleep at 11 韩系白色裙边屁帘裤假两件阔腿裤女休闲裤弯刀长裤子,149.00
AGUA STUDIOS,AGUA美式军绿色弯刀休闲裤女秋季新款宽松显瘦工装风松紧腰阔腿裤,149.00
POJNN,POJNN美式高级感弯刀黑色西裤cleanfit廓形阔腿镰刀休闲裤子男女,138.00
吴夫人家的衣橱,美式复古蓝阔腿牛仔裤女秋季2026重工水洗中低腰宽松弯刀拖地裤子,258.00
Thumpup,THUMPUP复古法式翻边高级感休闲西裤男女宽松垂感老钱风阔腿长裤,258.00
马勺旗舰店,棉麻混纺亚麻白色弯刀休闲裤男2026夏季新款老钱风宽松显瘦阔腿裤,185.00
范思蓝恩旗舰店,徐若晗代言范思蓝恩阔腿直筒高腰通勤休闲西装裤女春秋含醋酸羊毛,419.00
FAPAS(原仟依库原创女装),深灰色三粒扣休闲阔腿裤女2026秋冬新款低腰慵懒感显瘦毛呢西装裤,138.00
SGPSZ旗舰店,NASA联名潮牌牛仔裤2026新款春秋季男款宽松黑色青少年阔腿弯刀裤,99.00
港仔文艺男 GOOZIMADE,港仔文艺男浅蓝色水洗牛仔裤男秋季2026新款美式宽松直筒裤子男生,179.00
哈齿小姐,哈齿小姐 显瘦无压力高密高支宽松垂感廓形系带高腰遮肉阔腿长裤,569.00
ADPPP(原初恋人原创牛仔),绣标水洗复古蓝阔腿牛仔裤女2026夏季新款低腰宽松显瘦休闲直筒裤,198.99
XinDUguan,韩系慵懒感蓝色设计拼接休闲裤女夏季2026新款荷叶边格纹阔腿长裤,89.90
GTRG旗舰店,GTRG美式街头复古水洗做旧牛仔裤男宽松美拉德解构设计感休闲长裤,189.00
DailyScene,DailyScene「从轻」垂感口袋捏褶廓形空气阔腿裤百搭休闲棕色长裤,389.00
NAWS (NOTAWEAR),NAWS【腻腻同款】陶瓷牛仔麻袋裤 水洗反做口袋阔腿裤牛仔裤长裤,670.00
Black to vibe,复古格子休闲裤男女宽松慵懒风阔腿直筒排扣设计拖地裤赵露思同款,168.00
XinDUguan,美式复古满印星星屁帘假两件阔腿裤女春慵懒垂感宽松运动休闲长裤,99.90
MATTUCLB STUDIO,MATTUCLB 美式复古水洗七分牛仔裤女夏季高腰显瘦秋宽松阔腿中裤,89.00
ONLPP,ONLPP美式复古慵懒风粉色阔腿裤女低腰显瘦宽松垂感休闲直筒长裤,228.00
NERESUM,NERESUM甜美满印爱心卫裤女秋冬嘻哈跳舞裤子垂感显瘦直筒运动裤,128.00
i.t 品牌店,it :CHOCOOLATE撞色拼接休闲阔腿裤女春秋新款宽松慵懒西装裤子,382.00
ZSEE ISLAND,ZSEE直筒工装裤男女秋季新款美式潮牌复古宽松阔腿垂感休闲伞兵裤,316.00
哈齿小姐,哈齿小姐 夏日海蓝堡宽松阔腿双腰带天丝亚麻设计感高腰通勤长裤,329.00
EGGSAYS,EGGSAYS满印星星休闲裤女夏季宽松直筒运动风长裤显瘦百搭阔腿裤,259.00
ONLPP,ONLPP老钱风低腰阔腿弯刀裤女通勤宽松垂感西装裤显瘦直筒长裤,228.00
中老年爸妈装,2026夏季新款舒适高腰女士阔腿裤冰丝印花宽松九分裤简约通勤,5.88
Lazy Holiday,"""格纹轻氧""内衣套装女聚拢小胸收副乳防下垂女士文胸罩性感收副乳",5?
ELLEgirl内衣旗舰店,ELLEgirl少女文胸发育期背心青少年女孩初高中学生可调节肩带内衣,3??
有棵树官方旗舰店,有棵树【大括号】外扩内衣小胸显大聚拢无痕透气文胸女辣妹漫画胸,2??
HelloSunny官方旗舰店,王楚然同款HelloSunny森呼吸无痕粉底液内衣女士隐形肤色文胸美背,1??
天猫超市,【祝绪丹同款】幸棉第二代前扣无肩带内衣女小胸聚拢显大文胸抹胸,3??
luckmeey幸棉官方旗舰店,幸棉粉底液内衣女速干隐形肤舒适无痕小胸聚拢防下垂夏薄文胸凉感,2??
维多利亚内衣高端店,维多利亚内衣套装女性感蕾丝小胸聚拢调整型收副乳薄款女士文胸罩,4??
多情猫旗舰店,多情猫2026秋季外扩低领内衣女小胸聚拢显大收副乳加厚无痕文胸罩,1??
Beauty时尚甄选,【7A抑菌】内衣女夏季薄款冰丝隐形无痕大胸显小聚拢防下垂文胸罩,1??
六只兔子内衣店,六只兔子小聚蛋内衣女小胸聚拢显大性感蕾丝收副乳无钢圈甜美文胸,1??
都市丽人内衣旗舰店,都市丽人无痕裸感内衣女小胸聚拢夏薄款软支撑收副乳防下垂文胸罩,1??
Bananain蕉内旗舰店,周冬雨同款蕉内果冻条软支撑501S无痕内衣女小胸聚拢文胸胸罩,1??
Kissy内衣正品折扣店,官网正品kissy内衣 一片式无痕无钢圈,1??
SecretWorld秘密世界,SecretWorld内衣女小胸聚拢收副乳防下垂无痕隐形夏季显大文胸罩,7?
猫人经典内衣旗舰店,猫人孕妇内衣无痕文胸怀孕期专用聚拢收副乳防下垂不勒胃哺乳胸罩,1??
VICTORIA'S SECRET官方旗舰店,直降208|维密杨幂同款反重力MAX大胸显小无钢圈无痕文胸女夏薄,4??
VICTORIA'S SECRET官方旗舰店,直降238|维密明星同款ACE三角杯蕾丝叠穿LOGO字母肩带文胸女夏,5??
芬格美旗舰店,内衣女大胸显小收副乳防下垂全罩杯薄款夏季文胸罩调整型大码无痕,1??
Bananain蕉内旗舰店,蕉内凉皮511C凉感细肩带内衣女透气无痕小胸聚拢胸罩美背薄款文胸,1??
好奇蜜斯旗舰店,好奇蜜斯小胸聚拢内衣女显大无钢圈文胸罩套装不空杯防下垂夏薄粉,1??
妮雅Bra,奶皮感内衣 非常贴肤舒适包裹性强,8?
SecretWorld秘密世界,Secret World嘭嘭杯内衣女小胸聚拢收副乳防下垂上托显大无痕文胸,9?
好奇蜜斯旗舰店,好奇蜜斯小胸聚拢内衣女夏薄显大无钢圈法式蕾丝文胸罩套装防下垂,9?
theblender旗舰店,【新品】The Blender撞色固定胸垫可交叉肩带小三角杯内衣女早秋,1??
曼妮芬官方旗舰店,曼妮芬魔力掌内衣性感蕾丝舒适聚拢文胸小胸显大女士无钢圈胸罩,3??
内比旗舰店,内比浪漫少女内衣女2026新款聚拢小胸蕾丝细肩带胸罩薄款无痕文胸,6?
迷尚萨拉旗舰店,内衣女学生初中大童无钢圈文胸发育期细肩带少女薄款胸罩无痕背心,5?
ubras官方旗舰店,虞书欣同款ubras无尺码小奶皮无痕内衣女夏薄款隐形背心运动文胸,1??
欧若纤旗舰店,夏季薄款内衣女小胸聚拢无钢圈大学生高中少女士胸罩无痕文胸显小,7?
丰筱旗舰店,平胸专用细肩带粉底液内衣女超薄款美背隐形无痕小胸显大聚拢文胸,1??
完美记忆旗舰店,完美记忆粉底液内衣女文胸夏薄款隐形无痕美背细肩带小胸聚拢胸罩,5?
六只兔子内衣店,六只兔子蕾丝内衣女小胸聚拢显大性感文胸罩套装上托防下垂收副乳,9?
卡迪贝拉旗舰店,无痕舒适云朵内衣女士小胸聚拢上托收副乳防下垂薄款无钢圈文胸罩,7?
真维斯内衣旗舰店,真维斯无痕文胸裸感空气杯软支撑透气内衣女聚拢小胸运动文胸罩薄,5?
miiow猫人官方旗舰店,猫人少女文胸青春发育期学生内衣初高中舒适透气无钢圈固定杯背心,6?
都市丽人旗舰店,都市丽人法式蕾丝内衣女小胸聚拢显大夏薄款防下垂无痕舒适文胸罩,7?
蜜桃bra集合店,凉感无痕内衣女学生无钢圈运动聚拢少女文胸舒适透气显小吊带背心,1?
都市丽人精品旗舰店,都市丽人蕾丝内衣女夏薄款聚拢收副乳防下垂文胸罩女款2026新款,1??
SecretWorld旗舰店,【赵今麦同款】Secret World内衣女小胸聚拢防下垂收副乳无痕薄款,1??
欧若纤旗舰店,夏薄款无痕内衣女小胸聚拢收副乳防下垂运动大学高中生少女士胸罩,5?
有棵树官方旗舰店,孟子义推荐有棵树内衣女小胸聚拢收副乳防下垂无痕女士文胸,1??
贝盈达旗舰店,高中生内衣女学生初中少女文胸青春发育期青少年三阶定型女孩背心,1??
都市丽人服饰旗舰店,都市丽人蕾丝碎花内衣女小胸聚拢防下垂收副乳舒适无痕薄款文胸罩,9?
都市丽人潮流旗舰店,都市丽人大码提拉内衣女聚拢防下垂收副乳大胸显小薄款全罩杯文胸,1??
OOCO内衣旗舰店,内衣女文胸小胸不空杯夏甜美少女薄细肩带插片式法式三角杯无钢圈,1??
花城诗旗舰店,美背内衣2026新款爆款聚拢抹胸背心女无痕细肩带一体吊带运动文胸,2??
佰丝娜官方旗舰店,无痕裸感内衣女士小胸聚拢无钢圈收副乳防下垂美背文胸罩舒适薄款,6?
猫人明曦专卖店,猫人少女文胸无痕内衣初高中学生二三阶段抹胸发育期运动防震薄款,1??
花梦令旗舰店,花梦令【草莓兔兔】原创汉洋折衷汉服套装国...,83.00
山河辞令 服道具全,华夏武侠风汉服表演服出班中国风上下五千年...,79.00
汉韵轩汉服,独特设计元素·汉韵轩汉服魅力新品,288.00
埃格罗旗舰店,武侠改良古装汉服女男女同款学生班服中国风...,38.00
雯茜姿旗舰店,汉唐广袖古典舞演出服女飘逸中国风艺考古装...,298.00
月梳茼旗舰店,月梳茼原创汉服女金台红袖汉元素齐胸衫裙刺...,188.00
沿调旗舰店,汉服男童秋季女童国风儿童古装国学服装古风...,86.25
静还决汉服,静还决 明月拂松 明星同款原创汉服男女同...,215.00
机器鸭旗舰店,中秋汉服男童演出服女童古风小少爷唐装儿童...,80.00
静还决汉服,静还决 青鸢芷 原创宋制汉服外褙子吊带三...,268.00
青青子衿成人汉服,一不小心就种草！春季新款汉服套装,343.00
花间酒精品汉服,玉人歌汉服女原创唐制一片式齐胸裙超仙中国...,220.00
花间酒精品汉服,成人汉服女学生春秋【桂花兔】明制立领刺绣...,280.00
花仙记汉服,花仙记【小羊庄园】原创汉服琵琶袖马面裙汉...,69.00
雨花央雪 原创汉服,对襟刺绣马面裙,236.00
夕洛茜旗舰店,夕洛茜刘亦菲同款汉服套装2026新款古风...,299.00
月梳茼旗舰店,金枫玉树原创汉服女重工刺绣诃子裙改良齐胸...,268.00
皖裕旗舰店,女童超仙汉服中国风小女孩古装春秋款儿童古...,269.00
柯雪旗舰店,毕业照改良古装汉服女中国风交领古风男武侠...,45.00
槿姿俏旗舰店,汉服男童2026春新款儿童超仙女童古装学...,39.90
秋醇旗舰店,儿童国学服汉服男童中国风古装小学生书童服...,90.00
乐彩服饰,男童汉服儿童,80.00
清秀古装汉服演出服,女童汉服春秋超仙中国风唐装儿童古装襦裙小...,178.00
秋醇旗舰店,儿童汉服男童国学服套装三字经古装小学生中...,43.00
爱森缘旗舰店,汉服男童夏季2026新款明制短袖古装儿童...,278.00
春和 国风工作室,【春和】声声慢 宋制复原仕女图 天丝对襟...,150.00
天轻纱汉服馆,魏晋风荷花汉服古装交领大袖衫古风仙气飘飘...,268.00
暖色原创汉服,暖色【青衣】宋制原创汉服女对襟大袖衫长干...,19.90
异誌閣,异志阁原创改良【永宴瑶华】魏晋南北朝汉元...,1080.00
花上月令原创汉服企业店,原创汉服女【霁月瑶光】魏晋风重工刺绣异志...,319.00
仙楚姬旗舰店,仙楚姬原创汉服【木兰辞】侠客风汉服小师妹...,398.00
揽风华,揽风华【鱼宴灯宵】原创汉服半身裙双经轴马...,348.00
乌扣旗舰店,乌扣.陌上 女童汉服春秋款儿童超仙长袖古...,428.00
机器鸭旗舰店,中秋节汉服女童2026新款古装儿童古风超...,71.00
月梳茼原创汉服店,月梳茼原创汉服女【月枝桂香】汉元素齐胸衫...,148.00
槿姿俏旗舰店,汉服男童春新款儿童国风古装新款古风男孩帅...,39.90
暖色原创汉服,暖色原创汉服女【花神】唐制齐胸渐变襦裙花...,358.00
乌扣旗舰店,乌扣.锦瑟 女童汉服长袖襦裙春秋款儿童超...,408.00
青伊阁汉服馆,蓝尾蝶汉服女古装重工刺绣齐腰大袖衫诃子裙...,698.00
芭米诺旗舰店,女童汉服春秋中国风唐装敦煌飞天异域风情古...,130.00
爱森缘旗舰店,男童汉服夏季2026新款男孩儿童明制短袖...,278.00
红纱帐旗舰店,敦煌飞天改良汉服沙漠异域风情刺绣古典舞蹈...,386.00
羽毛鱼旗舰店,汉服男童女童折洋汉衷洛丽塔小少爷公主裙唐...,116.67
花仙记汉服,花仙记【嘉年华】原创汉服琵琶袖马面裙汉洋...,69.00
沿调旗舰店,汉服男童2026新款女童儿童古装国学服装...,83.75
锦衣坊,汉服女童2026新款连衣裙儿童国风古装礼...,208.00
异誌閣,异志阁原创汉服人鱼汉元素【织粼寻影】改良...,980.00
棠衣馆,新款【桃夭】古风重工刺绣汉服女套装粉色南...,999.00
蓝瑟旗舰店,高腰蓝色牛仔短裙女2026春夏新款a字裙显瘦百搭黑色包臀半身裙子,1??
羊好好旗舰店,新款白色蛋糕短裙女松紧腰半身裙高腰显瘦百搭通勤高端云朵a字裙,1???
Dazi金大支,Dazi金大支蕾丝拼接撞色百褶半身裙2026新款秋季高腰胖mm大码裙子,3??
热风官方旗舰店,热风女士白色半身裙2026年夏季新款简约分割伞裙蝴蝶结浪漫半裙,2??
Luna7xi,Luna7xi 简约气质半身裙女秋季新款设计感高腰中长款半裙开叉长裙,3??
MALBON GOLF官方旗舰店,MALBON 高尔夫PERFORMANCE LAURELL女士运动休闲学院风百褶半身裙,1???
古怪舍原创设计肚皮衣饰局,古怪舍「幻海絮语」抽皱飘带设计感双层半身裙女黑色显瘦棉质裙子,2??
落落狷介 LUOLUOJUANJIE,落落狷介半身裙女2026新款绿色蕾丝拼接波点半裙小个子松紧腰裙子,3??
Luna7xi,Luna7xi 杏色不规则半身裙女夏季高腰显瘦包臀裙气质长款开叉裙子,3??
BIGGOLD STUDIO,BIGGOLD设计感条纹荷叶边蛋糕裙裙裤女显瘦百搭防走光半身裙短裙,1??
skechers官方旗舰店,斯凯奇半身裙速干A字裙2026年夏季新女垂顺挺括伞裙时尚休闲半裙,3??
爱情魔鬼鱼女装馆,爱情魔鬼鱼 纯色系带半身裙女2026夏季新款高腰通勤百搭A字裙长裙,1??
SUW 苏喂,早秋日系复古轻亚风花苞百搭褶皱蓬蓬灰色a字过膝中长裙半身裙女,1??
LotusRoot三寸藕,三寸藕【秋分麦浪】复古格子花边半身裙新款秋季通勤显瘦A字裙女,7?
阿一 realeasy,阿一 气质拉满 UMA飘逸长裙女夏季高腰纱裙a字裙子不规则半身裙,1??
爱情魔鬼鱼女装馆,爱情魔鬼鱼 纯色垂感不规则半身裙女2026夏季新款气质宽松长裙子,2??
小溜的线上商店,SMALLIU MODE 低腰拼接伞裙半身裙宽松型女士涤纶柔软舒适松紧腰,3??
Fn Clean Explain,Fn Clean Explain 简约老钱 A字半身裙2026春夏时髦显瘦高腰中裙,3??
林大事LINTINGXIN,灰色百褶西装裙女半身裙高腰休闲a字春夏季过膝中长裙,5?
YUQIPAO STUDIO,大码胖mm复古格纹半身裙女秋冬新款高腰显瘦A字裙不规则中长裙子,9?
ZOCHEEO,ZOCHEEO 灯芯绒a字半身裙女秋冬直筒裙复古气质高腰显瘦中长裙,2??
Go Girl Go,Go Girl Go 自制欧美风白色垂顺半身裙女夏中腰修身鱼尾裙a字短裙,9?
阿一 realeasy,阿一扎染上线 半身裙女秋季高腰雪纺小众鱼尾裙长款a字裙子伞裙,9?
橘子酱YO,橘子酱YO满印星星条纹拼接Y2K古早味蛋糕裙显瘦百搭百褶蓬蓬短裙,7?
YUQIPAO STUDIO,大码胖mm复古波点半身裙女秋冬遮胯显瘦蛋糕裙高腰A字大摆中长裙,8?
裤邦人旗舰店,裤邦人咖色褶皱花苞半身裙女2026年秋季新款高腰辣妹a字裙长裙子,1??
馨帮帮sinbounboun,馨帮帮 蕾丝拼接不规则半身裙女秋高腰大摆长裙显瘦A字格子伞裙,1??
PINKEEN STUDIO,PINKEEN白色高腰半身裙女装2026年夏季新款休闲简约显瘦A字裙短裙,1??
依艾格旗舰店,学院风灰色西装百褶裙中裙女夏季小个子百搭高腰A字半身裙JK裙子,1??
依艾格旗舰店,卡其色高腰a字半身裙女2026新款春夏韩系显瘦通勤包臀短裙小个子,1??
BBT Sweety,BBT Sweety咖色蛋糕裙木耳边蓬蓬半身裙女夏季抽褶透气A字短裙,1??
素典旗舰店,素典复古波点压褶半身裙女秋季新款松紧腰百搭通勤中长款大摆纱裙,2??
红人馆女装店,红人馆a字半身裙女2026新款巨好看的长裙显瘦蛋糕裙低腰法式裙子,2??
北岛AMUU,「北岛AMUU」日系松紧腰半身裙女春夏新款设计感花苞裙半裙工装裙,9?
红人馆女装店,红人馆包臀半身裙女2026秋季今年流行爆款中长款巨好看麂皮绒裙子,2??
小丫头衣社,韩系学院风波点毛呢半身裙女2026秋季新款A字百搭休闲半裙1381A,8?
小丫头衣社,韩系慵懒风波点半身裙女2026秋季新款松紧腰休闲A字花苞中裙1324Q,8?
EGGKA,EGGKA百搭松紧腰宽松廓形a字半身裙夏季休闲气质显瘦简约蓬蓬短裙,1??
雨气泡微胖大码女装,大码胖mm粉色碎花雪纺半身裙女春夏长款垂感包臀鱼尾裙不规则长裙,9?
Rest＆Recreation圣水洞专柜,【韩国包邮】restandrecreation温柔风撞色蝴蝶结上衣半身裙套装,1???
韩流风小女人,2026年夏季新款复古做旧水洗蓝高腰牛仔短裙A字显瘦遮胯包臀版型,1??
芊蕙自制女装,一步半身裙女夏季2026新款中长款小个子半身长裙高腰开叉包臀裙子,1??
北岛AMUU,「北岛AMUU原创」韩系纯棉百褶花苞半身裙女夏季新款高腰口袋短裙,1??
素典旗舰店,【绿茵】素典法式波点高腰半身裙女夏季松紧腰A字通勤百搭长裙,2??
橘子酱YO,橘子酱YO日杂感学院风格纹半身裙a字显瘦夏季拼接蓬蓬中裙短裙,1??
海盐糖YUJU,海盐糖YUJU甜美蕾丝系带蝴蝶结蓬蓬蛋糕裙层次感半身裙女公主短裙,1??
三不原创女装,韩系甜美减龄泡泡花苞裙女夏季新款宽松休闲a字短裙蓬蓬半身裙子,1??
MASS Boutique,MASS 美拉德咖色灯芯绒高腰a字半身裙女2025秋冬新款显瘦中长裙,1??
有棵树官方旗舰店,有棵树冰丝男士内裤无痕透气男生四角短裤2...,133.90
元力象旗舰店,元力象男士内裤冰丝透气高档新款莫代尔短裤...,229.00
全棉时代服饰旗舰店,全棉时代男士内裤纯棉2026年夏季新款男...,169.00
Bananain蕉内旗舰店,3件|蕉内凉皮311男士冰丝内裤莫代尔纯...,198.00
Bananain蕉内旗舰店,蕉内凉皮511A冰丝男士内裤平角无痕抗菌...,159.00
Cloud Krezz 品牌专柜店,Cloud Krezz男士内裤纯棉舒适抗...,99.00
有棵树官方旗舰店,有棵树男士内裤纯棉抗菌四角裤2026新款...,133.00
少女美屋旗舰店,卡通猫内裤~A类纯棉夏季男士内裤抗菌哈喽...,29.85
粉色心跳旗舰店,【礼盒装】大象鼻子~男士内裤夏季纯棉抗菌...,62.85
驸马工作室,3条装 巨柔软莫代尔面料透气男士内裤无痕...,118.00
酷宝先生,三条装阿罗裤男士纯棉格子大码家居四角内裤...,54.00
Noah Wa Wa个性内裤,豹纹男士内裤粉色冰丝柔软平角男生可爱搞怪...,49.00
森马内衣旗舰店,森马男士内裤男生10A级抗菌透气平角裤四...,99.00
真维斯天曼专卖店,真维斯男士内裤男生冰丝平角夏季薄款透气四...,49.00
尤米服饰店,男士内裤时尚青少年男生透气抗菌平角裤衩个...,29.90
猫人商务旗舰店,猫人男士内裤纯棉四角2026新款防阴囊抗...,79.00
真维斯天曼专卖店,真维斯纯棉男士内裤男生宽松运动透气平角短...,49.00
尤米服饰店,新款男士内裤青少年运动潮流四角裤头莫代尔...,13.90
猫人商务旗舰店,猫人男士内裤男款纯棉平角短裤男生2026...,89.90
ChoiceKaiser旗舰店,ChoiceKaiser男士内裤男生纯棉...,228.00
有棵树企业店铺,有棵树男士内裤2026新款青少年纯棉10...,111.90
Cukum Kboie品牌专柜店,CukumKboie男士内裤男款纯棉四角...,359.00
蕉下官方旗舰店,蕉下男士内裤莫代尔透气运动不卡裆四角裤抑...,79.00
吉良先生,男士内裤纯棉夏季薄款吸汗透气短裤男黑白色...,39.00
南极人服饰旗舰店,南极人冰丝内裤男无痕抗菌纯棉裆透气202...,59.90
WEMOVE维姆工作室,维姆工作室 男士内裤纯棉男款平角裤内裤男...,118.00
CAPABLE KYLIN 卡比雷尔文,CALIENKELER男士内裤男纯棉抗菌...,59.90
JYRH内衣店,内裤男纯棉四角贴身舒适男生潮流透气低腰土...,138.00
全棉时代服饰旗舰店,全棉时代男士内裤平角阿罗裤男纯内裤棉居家...,88.00
啄木鸟官方旗舰店,男士内裤男款纯棉男生平角裤啄木鸟官方旗舰...,60.00
南极人旗舰店,南极人男士内裤纯棉男生男款四角裤平角短裤...,57.30
Celons Karter品牌自营店,CelonsKarter男士内衣裤四角平...,158.00
松山棉店旗舰店,松山棉店蚕丝莫代尔男士内裤透气男生短裤青...,119.00
七匹狼诺姆专卖店,七匹狼男士内裤纯棉平角裤本命年大红色属马...,65.00
南极人旗舰店,南极人男士内裤纯棉男生男款四角裤平角短裤...,57.30
有棵树内衣旗舰店,有棵树男士内裤纯棉抗菌透气平角裤男生四角...,159.80
CarlKaien旗舰店,Carl Kaien男士内裤高档名牌短裤...,532.00
playboy内衣旗舰店,花花公子男士内裤纯棉新男款四角短裤衩平角...,98.90
橙子先生内裤,男士冰丝内裤男生夏季薄款2026新款青少...,50.00
playboy内衣旗舰店,花花公子男士内裤冰丝无痕四角裤男生202...,99.90
橙子先生内裤,内裤男生纯棉四角裤男款短裤青少年简约透气...,59.00
真维斯内衣旗舰店,真维斯男士内裤男纯棉平角裤抗菌透气四角裤...,59.00
都市丽人精品旗舰店,都市丽人本命年红色内裤男款纯棉2026新...,79.90
Christies克黎诗旗舰店,内裤男款冰丝夏薄款速干透气10A抗菌裆平...,89.00
Lee内衣旗舰店,Lee李牌80支云感棉男士内裤无痕透气1...,125.00
time1991,男士内裤薄款莫代尔男生平角裤柔软无痕四角...,39.90
帕兰朵服饰旗舰店,帕兰朵男士内裤男生男款2026新款纯棉透...,59.90
恒源祥内衣旗舰店,恒源祥男士内裤男纯棉抗菌平角裤青年男生全...,99.00
Bananain蕉内旗舰店,【王一博同款】蕉内氮气505Dry家居服吸汗短袖男士睡衣女款新款夏,2??
Bananain蕉内旗舰店,蕉内棉棉506Sleep家居服套装男士莫代尔冰丝女款夏季新款深睡睡衣,2??
松山棉店旗舰店,松山棉店家居服套装莫代尔情侣新中式长袖男女大码国风春秋款睡衣,3??
芬腾可安品牌家居服睡衣,芬腾可安睡衣女款夏季纯棉短袖短裤套装开衫带胸垫家居服可外穿,1??
宫蝶官方旗舰店,宫蝶【2套价】迪士尼米奇红色情侣居家服女长袖纯棉新婚睡衣春季,7??
domiamia旗舰店,Domiamia纯棉月子服春夏季孕妇睡衣哺乳上衣孕期产后外出家居服,7??
松山棉店旗舰店,松山棉店萌宠开衫长袖条纹家居服套装男士女士睡衣亲肤棉莫透气秋,3??
都市丽人官方旗舰店,都市丽人优可丝【三件套】睡衣女秋季新款甜美碎花吊带长裤家居服,2??
贝妍旗舰店,个性潮女|贝妍史努比长袖修身豹纹阔腿长裤睡衣套装,2??
ubras官方旗舰店,ubras云棉家居服情侣套装长袖长裤女士睡衣带胸垫翻领可外穿夏季,2??
奈奈屿nny,ins灰色蝴蝶结春秋睡衣女纯棉布料100全棉家居服秋季套装2026新款,1??
Sinbounboun Homedress馨帮帮,馨帮帮Homedress 波点开衫睡衣裤套装女早秋可外穿长袖长裤家居服,8?
宫蝶官方旗舰店,宫蝶【轻柔软】小马宝莉少女睡衣秋季长袖轻奢甜美冰丝家居服外穿,3??
棉花泡泡家居服,棉花泡泡 原创小鱼泡泡长袖纯棉双层纱睡衣女夏A类全棉套装家居服,1??
蘑菇咕咕,蘑菇咕咕小猫和木屋a类纯棉睡衣女夏双层纱100全棉长袖家居服套装,1??
棉花泡泡家居服,棉花泡泡 原创海盐小兔纯棉睡衣女夏A类全棉双层纱长袖套装家居服,1??
蘑菇咕咕,蘑菇咕咕 原创海盐小兔a类纯棉睡衣女夏双层纱全棉长袖家居服套装,1??
PJOCLOCK睡时记,PJOCLOCK睡时记睡衣女带胸垫2026夏季纯棉可爱可外穿防凸点家居服,2??
轩靓官方旗舰店,轩靓【7A抗菌】睡衣女夏季莱赛尔短袖短裤2026新款凉感家居服套装,4??
猫人优品旗舰店,猫人睡衣女款夏薄款100%纯棉短袖短裤卡通可爱2026新款家居服套装,1??
BE旗舰店,蜡笔小新纯棉睡衣女夏带胸垫情侣秋春家居服男长袖秋季舒适居家风,2??
悦内官方旗舰店,悦内睡衣男士夏季冰丝短袖短裤家居服夏款丝绸仿真丝质薄款高级感,2??
达尔丽官方旗舰店,达尔丽带胸垫莫代尔棉睡衣女春秋新款长袖A类抗菌防螨薄家居服夏,2??
尘熙旗舰店,尘熙睡衣女春秋款法式长袖套装棉家居服宫廷风纯白色公主风可外穿,3??
天猫超市,OAKFAMILY孕妇月子服春秋竹棉纱布薄款产后哺乳,4??
奈奈屿nny,秋款韩系撞色拼接纯棉纱睡衣女款春秋季双层纱长袖家居服2026新款,1??
悦内官方旗舰店,悦内睡衣女夏季夏天冰丝短袖短裤家居服时尚粉色条纹三件套高级感,3??
Sinbounboun Homedress馨帮帮,馨帮帮Homedress 小樱桃条纹睡衣女早秋款甜美翻领开衫家居服套装,8?
乔益の家居服,小狗冰丝睡衣情侣装一男一女带胸垫夏季短袖高级感夏天薄款家居服,1??
同语旗舰店,同语莫代尔棉儿童睡衣春秋男童女童可爱小猫家居服长袖可外穿套装,1??
SecretWorld秘密世界,【赵今麦同款】SecretWorld睡衣女绵柔长袖长裤家居服套装春季夏,1??
小新宅家,可爱赫拉兔睡衣女夏季短袖短裤长裤纯棉薄款三件套卡通粉色家居服,1??
miss cat ponyo家居服,MISSPONYO CCAT甜美碎花睡衣女夏季棉感短袖长裤甜美小野家居服,1??
轩靓官方旗舰店,轩靓睡衣女春秋款莫代尔薄款长袖休闲时尚冰丝凉感大码家居服套装,3??
JoyceBra,JoyceBra  韩系撞色翻领星星睡衣女秋季新款冰丝长袖可外穿家居服,1??
同语旗舰店,同语儿童睡衣女童新款春秋柔软莫代尔棉长袖套装可外穿家居服男童,1??
思莉太太旗舰店,思莉太太情侣睡衣女款夏季纯棉短袖2026新款超火男士夏天家居服,2??
马克公主,马克公主莫代尔夏季睡衣女可爱少女风短袖长裤薄款学生家居服套装,2??
韩黛语旗舰店,春夏纯棉短袖八分裤睡衣女大码加肥加大胖mm200斤全棉家居服套装,1??
马克公主旗舰店,马克公主情侣睡衣女纯棉长袖2026年新款春秋甜美高级感男士家居服,2??
JoyceBra,JoyceBra  星星波点翻领德绒睡衣女秋冬新款舒适可外穿家居服套装,1??
都市丽人官方旗舰店,都市丽人珊瑚绒睡衣女士冬季加绒厚2026新款法兰绒保暖家居服套装,2??
暖暖の睡衣,可爱卡通睡衣女款夏带胸垫短袖长裤纯棉网红款可外穿套装2026新款,9?
思莉太太旗舰店,思莉太太华芙格棉睡衣女春秋长袖韩系碎花宽松网红款可外穿家居服,2??
棉竹屋官方旗舰店,棉竹屋情侣纯棉睡衣套装春夏季2026新款开衫短袖短裤可外穿家居服,2??
切慕睡衣,夏天睡衣家居服可外穿女款2026新款上短袖下长裤柔软带胸垫两件套,1??
花子日单小铺,「云朵猫」可爱纯棉纱布睡衣女春秋款2026新款长袖宽松家居服套装,2??
無印折扣工厂网店,纯棉睡衣女双层纱全棉睡衣长袖春夏薄款情侣格子睡衣男四季家居服,8?
YOUSHU 有术,有术老钱风垂感宽松抽绳直筒休闲裤男2026秋季新款高级感阔腿长裤,699.00
FILA官方旗舰店,斐乐直筒裤丨FILA官方男士针织长裤秋冬运动裤休闲跑步加绒裤子,740.00
ESSEFAUST潮牌店,ESSEFAUST设计感解构休闲卫裤男潮牌美式宽松百搭直筒运动长裤子,87.60
bodydream旗舰店,四季皆宜潮流休闲裤舒适宽松多色可选,219.00
lululemon官方旗舰店,Lightweight Softstreme女士轻盈中长裤速干丨lululemon丨LW5IJ0S,980.00
bodydream旗舰店,【穿云裤】BODYDREAM秋新款廓形长裤休闲裤运动裤弯刀裤白色裤子,289.00
BENLAI旗舰店,本来BENLAI男士华夫格弯刀裤宽松抽绳休闲裤26秋季新款BRL660021,269.00
悟空有货原创设计师品牌,悟空有货重磅纯色马吉拉垂感运动卫裤男潮牌宽松百搭直筒休闲长裤,176.00
lululemon官方旗舰店,"Pull-On 女士松紧腰锥形裤腿中腰中长裤 23""丨lululemon丨LW6CIHS",750.00
AFGK线上商店,AFGK25SS美式复古多口袋褶皱迷彩工装裤直筒宽松休闲cargo长裤子,199.00
我需要一个潮牌,美式复古潮牌豹纹条纹休闲裤男女款秋冬新款重磅直筒运动坠感卫裤,168.98
瞬时山野Monterest,瞬时山野Monterest户外无氟防水休闲裤基础弯刀软壳裤宽松长裤男,379.00
悟空有货原创设计师品牌,悟空有货美式解构拼接水洗运动卫裤男女潮牌街头宽松阔腿百搭长裤,176.00
柳步旗舰店,深蓝色格子裤男女秋季高级感痞帅微喇裤子美式复古休闲运动直筒裤,118.00
STAW世拓旗舰店,STAW世拓趣跑二合一3.0短裤带内衬抗菌透气轻量运动马拉松跑步裤,599.00
蓝岐旗舰店,蓝岐SOLOTEX弹力休闲裤男士2026春秋新款防泼水百搭徒步运动长裤,499.00
FFR 原F383,F383 美式复古蓝色阔腿裤男女宽松垂感休闲长裤抽绳渐变弯刀卫裤,153.00
瞬时山野Monterest,瞬时山野Monterest户外吸湿速干轻量运动长裤弧形分割弹力休闲裤,369.00
ROSTAT(原ROAST LUCKY),Roast lucky 中缝线单褶轻微喇运动休闲长裤健身百搭显腿长直筒裤,278.00
1NING一宁 高个子加长裤,Altezza Divina「薄爽康宁裤」高个子一米九加长卫裤直筒裤休闲裤,269.00
BENLAI旗舰店,全能裤|本来BENLAI男士凉感抗皱防晒直筒休闲裤26秋新款BRS660015,199.00
AERLIMITEDD专柜定制,鼎级品质！26ss韩系urban小众火柴人贴布刺绣松紧运动休闲长裤女,239.00
柳步旗舰店,黑色三条杠速干裤子男夏季薄款美式高街直筒运动裤条纹冰丝休闲裤,110.00
李宁官方旗舰店,李宁运动裤男款秋季黑色裤子男士休闲裤跑步针织卫裤直筒训练长裤,199.00
李宁官方旗舰店,李宁户外CF溯丨卫裤男士新款长裤男装宽松束脚休闲山系运动裤,299.00
ONLPP,ONLPP美式复古字母印花条纹褶皱弯刀裤男女秋抽绳宽松阔腿休闲裤,228.00
MEBXX,美式复古灰色卫裤男女设计感小众解构宽松显瘦直筒阔腿弯刀运动裤,119.00
帛先生旗舰店,秋季天丝莱赛尔男裤2026新款垂感直筒裤春秋休闲裤子男款运动卫裤,181.00
FORSTNES,FORSTNES2026美式解构重磅弯刀卫裤男简约通勤宽松直筒休闲运动裤,143.00
boneless官方旗舰店,【商场同款】BONELESS反光牙条拼接防泼水户外运动登山裤休闲裤,369.00
gigt极吉官方旗舰店,gigt极吉五分瑜伽裤短裤女跑步新款健身裤普拉提训练服运动套装,398.00
BLACKLISTS黑泽川,BLACKLISTS美式基础款刺绣抽绳休闲直筒卫裤男女爵士舞运动阔腿裤,117.00
qotriock官方旗舰店,美式高街褶皱降落伞兵裤男女秋季潮户外运动冲锋裤宽松运动休闲裤,138.00
一个最帅的买了,速干冰丝男士短裤薄款2026新款爆款运动篮球室外跑步五分休闲裤子,79.00
BLACKLISTS黑泽川,BLACKLISTS美式复古运动风条纹拼接直筒卫裤男女跳舞宽松阔腿裤潮,128.00
FPA,FPA户外轻量运动风洞透气冰丝凉感软弹长裤 夏季轻薄速干休闲裤子,249.00
明翼男装,三条杠运动裤男士春秋款宽松直筒大码裤子垂感休闲长裤针织卫裤男,158.00
gigt极吉官方旗舰店,畅动裤gigt极吉瑜伽裤女运动普拉提健身服套装高腰提臀外穿鲨鱼裤,268.00
LORCA原创工作室(原坐山客),坐山客 轻量化户外速干裤男女同款夏季透气洞洞裤凉感休闲直筒裤,318.00
CTB CaptainBeer啤酒队长,CTB啤酒队长 美式星星贴布绣阔腿卫衣裤女宽松慵懒风百搭跳舞裤,148.00
VIN MUK,VINMUK美式慵懒低腰休闲裤女早秋通勤卫裤宽松直筒遛弯运动阔腿裤,148.00
拓路者官方旗舰店,拓路者休闲户外伞兵裤男夏季薄款直筒裤宽松防泼水工装长裤登山裤,629.00
CHANT2nd,「CHANT2nd」垂感卫裤女低腰休闲裤秋季薄款阔腿长裤显瘦新款裤子,128.00
安踏官方旗舰店,安踏奶芙裤丨校服卫裤秋季女裤新款针织运动裤宽松束脚裤休闲长裤,199.00
古韵中华旗舰店,古韵中华夏季宽松灯笼裤太极拳练功裤男太极裤女夏春秋棉麻阔腿裤,119.00
RCDB人间指南,RCDB山系户外防泼水机能工装速干伞兵裤男女休闲宽松百搭阔腿长裤,199.00
GROZNY STORE,GROZNY鸟家3.0立体弯刀Cronin四季软壳休闲直筒运动速干冲锋裤男,148.00
AUTICUP线上商店,夏季凉感透气户外速干轻薄高密度尼龙织带打褶休闲裤男女同款,89.99
盈瓷 GA SEASONS,盈瓷真丝|翠羽 重工新中式刺绣桑蚕丝连衣裙女夏季小个子国风裙子,8??
dangdang Somes   当当,dangdang somes“古董情书”裙子女款2026中古蕾丝系带衬衫连衣裙,7??
FIVE PLUS官方旗舰店,FIVE PLUS连体简约气质V领撞色修身A字约会连衣裙2026新款女秋装,9??
RICH IN CHEESE 舒胡蕾,法式白色吊带连衣裙女夏高级感气质收腰长款包臀礼服裙,2??
Valacy's 梵老师,Valacy's 海岛编织系列┋'风吹半夏'镂空肌理度假感针织连衣裙,1???
盈瓷 GA SEASONS,盈瓷真丝|万事顺荔 桑蚕丝大王缎连衣裙女夏季新中式小个子吊带裙,8??
香影官方旗舰店,香影波西米亚白色连衣裙女2026秋节新款长袖度假旅游穿搭a字短裙,5??
WearKeki,WearKeki●无尽夏 苎麻塔克线小飞袖连衣裙女定染蕾丝拼接娃娃裙,3??
Valacy's 梵老师,Valacy's 南法假日系列┋'泰兰德之夏'鸢尾印花1OO真丝吊带/长裙,1???
POPCHRIO欧可芮旗舰店,POPCHRIO欧可芮◆法式荷叶边蕾丝长袖衬衫连衣裙V领叠穿显瘦裙子,5??
edition官方奥莱旗舰店,【奥莱独享】edition吊带裙白玉兰绣花醋酸长款连衣裙EBD1DRSK02,2???
FLONAKED旗舰店,FLONAKED杏色中式晕染金纱蕾丝层叠荷叶边长袖连衣裙小众设计,1???
OAKMOO橡木苔,"OAKMOO/""她的诗""莱赛尔不规则裙夏无袖收腰高级垂感背心连衣长裙",5??
歌莉娅官方旗舰店,歌莉娅黑色连衣裙女2026新款夏季重要场合巨好看荷叶袖赫本小黑裙,4??
FLONAKED旗舰店,FLONAKED设计师植庭定位印花层叠花边收腰无袖连衣裙小众设计,1???
KROCHE,王可同款 Kroche「浪漫七夕」法式船领露背蝴蝶结缎面背心连衣裙,4??
Freja旗舰店,Freja25SS Florina Dress 【赵露思同款】,2???
Ranwear official,Ranwear 这是一个有着香气的晚上 浪漫感飘逸荷叶边无袖连衣裙,2??
安妮森林annforest设计师店,耗料2.78米仙气花卉刺绣纯苎麻定染绿色连衣裙送吊带裙 安妮森林,8??
CHICHY旗舰店,【慵懒度假风】CHICHY法式复古v领连衣裙女26夏新款波西米亚长裙,1???
小镇姗姗TOWN33,小镇姗姗 那不勒斯少女~白色连衣裙女春秋宽松可调节绣花娃娃裙,2??
CHICHY旗舰店,【明星同款】CHICHY法式碎花荷叶边连衣裙女26秋新款别致长裙,1???
吴零零轻奢女装,吴零零白羽法式白月光大摆长款连衣裙夏日露背海边度假V领吊带裙,4??
SHENSHEN with U,深深定制 法式高级感露肩连衣裙女白色缎面订婚礼服领证气质长裙,3??
MICHAEL KORS官方旗舰店,MICHAEL KORS MK 女士 Polo 领针织百褶针织连衣裙,4???
哈齿小姐,哈齿小姐 重工镂空立体浮雕刺绣高支100棉翻领宽松直筒显瘦连衣裙,7??
dodc旗舰店,dodc青花瓷碎花吊带裙女夏季新款裙子海边度假沙滩裙气质连衣裙,4??
RICH IN CHEESE 微胖定制,RICHINCHEESE 茶香可颂【系列合集】 长袖高弹针织打底收腰连衣裙,1??
Muggle Studio 主线,muggle studio 原创设计法式复古夏季气质收腰蕾丝连衣长裙,3??
OAKMOO橡木苔,"OAKMOO/""树的心跳""海边度假风露背吊带连衣裙女夏蕾丝蛋糕长裙",3??
SNIDEL官方旗舰店,SNIDEL2026春夏新品甜美双层荷叶领露肩收腰提花连衣裙SWFO262306,1???
LOWEY,[现货]lowey 素描庄园 法式连衣裙女印花复古浪漫宫廷方领茶歇裙,5??
哈齿小姐,哈齿小姐 温婉简约艺术连衣裙垂感飘逸腰侧可调节围裹式通勤裙子,7??
K姐KSOEUR 品质女装,K姐KSOEUR【午后漫步】重工镂空刺绣浪漫氛围感收腰蛋糕连衣裙女,4??
安妮森林annforest设计师店,仙气炒色纯苎麻定位花卉刺绣紫色优雅连衣裙送吊带裙 安妮森林,9??
无艳一禾,无艳一禾【曼城都会】格雷灰莱赛尔亚麻收腰无袖翻领连衣裙-腰带,7??
三吉黑花,三吉黑花【镜花月】新中式绣花早春漂亮连衣裙子国风蕾丝拼纱长裙,7??
三吉黑花,三吉黑花【春酒】新中式丝绒烧花拼纱连衣裙子今年流行新款长裙潮,7??
OfAkiva,OfAkiva“十四行诗”浪漫印花连衣裙女夏挂脖蕾丝拼接碎花吊带裙,4??
bananagirl旗舰店,Bananagirl2026年秋季新款黄色连衣裙V领泡泡袖小个子宽松连衣裙,4??
钱安安 JIANO FOREVER,钱安安短款法式气质吊带小礼服修身收腰包臀连衣裙子连身裙女,4??
无艳一禾,无艳一禾【虞娇】2026巨好看绝美不撞款印花飘带人丝高质感连衣裙,6??
OfAkiva,【李梦同款】OfAkiva“水生系列”原创油画印花吊带连衣裙鱼尾裙,4??
Li Hui Er 李慧儿,LiHuiEr李慧儿 简雾 黑色连衣裙女夏无袖背心长裙白色礼服裙子女,4??
WhyBerry Lab,WhyBerry 26SS“纯白茉莉”娃娃领修身连衣裙复古收腰灰裙千金风,3??
innomoood,"innomoood""紫罗勒""双层连衣裙大领口宽松a型飞袖连衣裙格纹少女",2??
MandyShen曼迪妈灵感店,曼迪妈 真丝桑蚕丝剪花撞色复古圆领宽松短袖连衣裙长裙夏,3???
吴零零轻奢女装,吴零零【黛西】法式吊带连衣裙露背海沙滩边度假长裙小白裙,4??
HelloSunny官方旗舰店,王楚然同款HelloSunny森呼吸无痕粉底液内衣女士隐形肤色文胸美背,1??
六只兔子内衣店,六只兔子小聚蛋内衣女小胸聚拢显大性感蕾丝收副乳无钢圈甜美文胸,1??
天猫超市,【祝绪丹同款】幸棉第二代前扣无肩带内衣女小胸聚拢显大文胸抹胸,3??
Bananain蕉内旗舰店,蕉内501S内衣女士聚拢小胸性感文胸无钢,1??
VICTORIA'S SECRET官方旗舰店,直降208|维密杨幂同款反重力MAX大胸显小无钢圈无痕文胸女夏薄,4??
Kissy内衣正品折扣店,官网正品kissy内衣 一片式无痕无钢圈,1??
VICTORIA'S SECRET官方旗舰店,直降238|维密明星同款ACE三角杯蕾丝叠穿LOGO字母肩带文胸女夏,5??
SecretWorld秘密世界,SecretWorld内衣女小胸聚拢收副乳防下垂无痕隐形夏季显大文胸罩,7?
好奇蜜斯旗舰店,好奇蜜斯小胸聚拢内衣女显大无钢圈文胸罩套装不空杯防下垂夏薄粉,1??
好奇蜜斯旗舰店,好奇蜜斯芭比联名闪水钻内衣女聚拢小胸夏薄款文胸罩套装性感粉色,1??
芬格美旗舰店,内衣女大胸显小收副乳防下垂全罩杯薄款夏季文胸罩调整型大码无痕,1??
艾莎雅旗舰店,加厚6cm小胸显大聚拢内衣女聚拢防滑裹抹胸隐形无痕前扣无肩带文胸罩,1??
Bananain蕉内旗舰店,蕉内凉皮511C凉感细肩带内衣女透气无痕小胸聚拢胸罩美背薄款文胸,1??
theblender旗舰店,【新品】The Blender撞色固定胸垫可交叉肩带小三角杯内衣女早秋,1??
曼妮芬官方旗舰店,曼妮芬魔力掌内衣性感蕾丝舒适聚拢文胸小胸显大女士无钢圈胸罩,3??
SecretWorld秘密世界,Secret World嘭嘭杯内衣女小胸聚拢收副乳防下垂上托显大无痕文胸,9?
怡倩内衣旗舰店,怡倩【氧气杯2.0】大胸显小无痕内衣女薄款隐形收副乳大码文胸,2??
六只兔子内衣店,六只兔子蕾丝内衣女小胸聚拢显大性感文胸罩套装上托防下垂收副乳,9?
丰筱旗舰店,平胸专用细肩带粉底液内衣女超薄款美背隐形无痕小胸显大聚拢文胸,1??
ubras官方旗舰店,虞书欣同款ubras无尺码小奶皮无痕内衣女夏薄款隐形背心运动文胸,1??
古今服饰旗舰店,古今冰丝无痕内衣女夏薄款凉感透气无钢圈背心式文胸罩2026新款,1??
MOMOPlGl品牌,【百万博主推荐】无痕隐形文胸夏季薄款女士小胸聚拢收副乳防下垂,1??
OOCO内衣旗舰店,内衣女文胸小胸不空杯夏甜美少女薄细肩带插片式法式三角杯无钢圈,1??
ELLEgirl内衣旗舰店,ELLEgirl少女文胸发育期背心青少年女孩初高中学生可调节肩带内衣,3??
SecretWorld旗舰店,【王玉雯同款】前扣内衣女小胸聚拢防下垂无痕美背文胸罩2026新款,1??
有棵树官方旗舰店,舒舒舒~！无钢托高弹面料多色可选文胸,1??
俞兆林官方旗舰店,粉底液内衣女夏薄款隐形无痕肤色美背背心大胸显小胸聚拢运动文胸,5?
多情猫旗舰店,多情猫2026秋季外扩低领内衣女小胸聚拢显大收副乳加厚无痕文胸罩,1??
SecretWorld旗舰店,【赵今麦同款】Secret World内衣女小胸聚拢防下垂收副乳无痕薄款,1??
APOTCARE丨设计师,法国 APOTCARE 蕾丝内衣2026年新款法式性感刺绣超薄聚拢文胸套装,7??
都市丽人内衣旗舰店,都市丽人无痕裸感内衣女小胸聚拢夏薄款软支撑收副乳防下垂文胸罩,1??
Beauty时尚甄选,【7A抑菌】内衣女夏季薄款冰丝隐形无痕大胸显小聚拢防下垂文胸罩,1??
维多利亚内衣高端店,维多利亚内衣套装女性感蕾丝小胸聚拢调整型收副乳薄款女士文胸罩,4??
娜彤蜜旗舰店,调整型内衣女小胸聚拢收副乳文胸塑形矫正防下垂五排扣防外扩胸罩,1??
亲肤日记官方店,亲肤日记u领兔耳二分之一杯薄内衣女小胸轻薄低胸法式文胸罩蕾丝,1??
TENO旗舰店,日本TENO无痕内衣女小胸聚拢不空杯三角杯轻薄透气高颜值春夏文胸,2??
芬狄诗官方旗舰店,【吴昕同款】芬狄诗莫吉托内衣女粉底液三角杯小胸细肩带美背文胸,1??
猫人经典内衣旗舰店,猫人孕妇内衣无痕文胸怀孕期专用聚拢收副乳防下垂不勒胃哺乳胸罩,1??
都市丽人旗舰店,都市丽人法式蕾丝内衣女小胸聚拢显大夏薄款防下垂无痕舒适文胸罩,7?
verycode内衣旗舰店,维多利亚小胸聚拢内衣女上托防下垂调整收副乳性感蕾丝文胸套装密,1??
立黛美旗舰店,山茶花香氛初中生少女内衣二三阶段青春发育期背心15岁高中生文胸,1??
都市丽人服饰旗舰店,都市丽人蕾丝碎花内衣女小胸聚拢防下垂收副乳舒适无痕薄款文胸罩,9?
都市丽人服饰旗舰店,都市丽人内衣女小胸聚拢显大防下垂收副乳舒适有型无钢圈蕾丝文胸,9?
私密内衣馆旗业店,无钢圈文胸女小胸聚拢2013年新款夏季前扣美背无痕大胸收副乳内衣,8?
欧佳娜旗舰店,防下垂内衣女聚拢小胸显大收副乳调整型塑型加厚薄款上托文胸罩夏,1??
verycode内衣旗舰店,维多利亚内衣女小胸聚拢调整型无痕光面性感无钢圈加厚文胸套装密,1??
迷尚萨拉旗舰店,内衣女学生初中大童无钢圈文胸发育期细肩带少女薄款胸罩无痕背心,5?
贝盈达旗舰店,高中生内衣女学生初中少女文胸青春发育期青少年三阶定型女孩背心,1??
丹魅娅旗舰店,儿童国学服汉服襦裙女小学生古装开笔礼书童...,68.00
花梦令旗舰店,花梦令【草莓兔兔】原创汉洋折衷汉服套装国...,83.00
埃格罗旗舰店,武侠改良古装汉服女男女同款学生班服中国风...,38.00
月梳茼旗舰店,月梳茼原创汉服女金台红袖汉元素齐胸衫裙刺...,188.00
山河辞令 服道具全,华夏武侠风汉服表演服出班中国风上下五千年...,79.00
雯茜姿旗舰店,汉唐广袖古典舞演出服女飘逸中国风艺考古装...,298.00
汉韵轩汉服,独特设计元素·汉韵轩汉服魅力新品,288.00
沿调旗舰店,汉服男童秋季女童国风儿童古装国学服装古风...,86.25
月梳茼旗舰店,金枫玉树原创汉服女重工刺绣诃子裙改良齐胸...,268.00
静还决汉服,静还决 明月拂松 明星同款原创汉服男女同...,215.00
青青子衿成人汉服,姐妹们看这汉服太精致了穿上简直仙女,343.00
花间酒精品汉服,玉人歌汉服女原创唐制一片式齐胸裙超仙中国...,220.00
静还决汉服,静还决 繁华绮梦 原创明制汉服套装比甲长...,207.00
雨花央雪 原创汉服,雨花央雪【鹤花羽】汉服女明制云肩对襟大袖...,236.00
花间酒精品汉服,成人汉服女学生春秋【桂花兔】明制立领刺绣...,280.00
皖裕旗舰店,女童超仙汉服中国风小女孩古装春秋款儿童古...,269.00
异誌閣,异志阁原创汉服【红鸾缔囍】改良宋制重工织...,98.00
花仙记汉服,花仙记【小羊庄园】原创汉服琵琶袖马面裙汉...,69.00
机器鸭旗舰店,中秋汉服男童演出服女童古风小少爷唐装儿童...,80.00
柯雪旗舰店,毕业照改良古装汉服女中国风交领古风男武侠...,45.00
清秀古装汉服演出服,女童汉服春秋超仙中国风唐装儿童古装襦裙小...,178.00
异誌閣,异志阁原创改良【永宴瑶华】魏晋南北朝汉元...,1080.00
夕洛茜旗舰店,夕洛茜刘亦菲同款汉服套装2026新款古风...,299.00
秋醇旗舰店,汉服女童超仙襦裙中国风古装2026新款古...,99.00
仙楚姬旗舰店,仙楚姬原创汉服【木兰辞】侠客风汉服小师妹...,398.00
月梳茼原创汉服店,月梳茼原创汉服女【月枝桂香】汉元素齐胸衫...,148.00
天轻纱汉服馆,汉服古装·仙气飘飘小个子套装,268.00
槿姿俏旗舰店,汉服男童2026春新款儿童超仙女童古装学...,39.90
秋醇旗舰店,儿童汉服男童国学服套装三字经古装小学生中...,43.00
机器鸭旗舰店,中秋节汉服女童2026新款古装儿童古风超...,71.00
青伊阁汉服馆,蓝尾蝶汉服女古装重工刺绣齐腰大袖衫诃子裙...,698.00
彬妃旗舰店,小龙女同款汉服女成人白色仙气古装古典舞蹈...,298.00
暖色原创汉服,暖色【青衣】宋制原创汉服女对襟大袖衫长干...,19.90
揽风华,揽风华【鱼宴灯宵】原创汉服半身裙双经轴马...,348.00
花上月令原创汉服企业店,原创汉服女【霁月瑶光】魏晋风重工刺绣异志...,319.00
暖色原创汉服,暖色原创汉服女【花神】唐制齐胸渐变襦裙花...,358.00
春和 国风工作室,【春和】声声慢 宋制复原仕女图 天丝对襟...,150.00
芭米诺旗舰店,女童汉服春秋中国风唐装敦煌飞天异域风情古...,130.00
乐彩服饰,女童国风汉服花木兰古装,80.00
沿调旗舰店,成人汉服古装国学服中国风男女款国学服装教...,70.00
花仙记汉服,花仙记[旋转木马]原创汉服明制琵琶袖马面...,199.00
乌扣旗舰店,乌扣.陌上 女童汉服春秋款儿童超仙长袖古...,428.00
羽毛鱼旗舰店,汉服男童女童折洋汉衷洛丽塔小少爷公主裙唐...,116.67
棠衣馆,新款【桃夭】古风重工刺绣汉服女套装粉色南...,999.00
锦衣坊,汉服女童2026新款连衣裙儿童国风古装礼...,208.00
红纱帐旗舰店,敦煌飞天改良汉服沙漠异域风情刺绣古典舞蹈...,386.00
玉术旗舰店,玉术新品【揽月裁樱】大袖衫吊带重工刺绣春...,358.00
paper kite纸风筝童裙,2026女童春季原创中国风明制重工刺绣唐...,318.00
无艳一禾,无艳一禾【平生欢】新中式原创人丝提花重工刺绣旗袍连衣裙,711.25
OfAkiva,【李梦同款】OfAkiva“罗曼词”新中式印花旗袍连衣裙女背心长裙,399.00
盈瓷 GA SEASONS,盈瓷品质｜海蓝绣 重工国风刺绣改良旗袍女夏季收腰新中式连衣裙,434.95
漫屿ManYu,新中式国风改良旗袍连衣裙小个子收腰汉服长裙古风礼服绝美初恋,59.90
挽苏服饰旗舰店,挽苏紫色竹叶提花旗袍2026新款改良年轻拼接刺绣日常可穿连衣裙女,289.00
无艳一禾,无艳一禾【白秀珠】原创新中式人棉亚麻提花珠链收腰旗袍连衣裙,948.75
漫屿ManYu,2026新中式国风旗袍连衣裙女改良琉光薄纱收腰复古仙女日常,139.90
锦衣玉琦新中式旗袍,锦衣玉琦新中式红色真丝结婚旗袍2026新款订婚敬酒服新娘礼服裙女,679.00
逸芬梦纺旗舰店,逸芬梦纺新中式订婚旗袍敬酒礼服2026夏季新娘气质结婚套装连衣裙,500.00
云玺礼服,新中式旗袍敬酒服高级感2026新款绝美订婚礼服修身出阁回门宴便装,358.00
汀玥苓旗舰店,汀玥苓旗袍2026新款改良高级感连衣裙国风少女秋季原创新中式长袖,248.00
一城风絮丨复古原创女装,新款丨绣花复古民国风倒大袖全开襟立领旗袍,1739.00
dangdang Somes   当当,dangdangSomes“柳腰轻”1OO人丝斜裁小个子短款绿色旗袍女新中式,388.00
十六梅,十六梅《笑春风》新款新中式提成改良原创设计小个子日常可穿旗袍,599.00
无艳一禾旗舰店,无艳一禾【梳妆】新中式100人丝提花旗袍连衣裙+珠片绣云肩,586.25
Babymoon 冷月,Babymoon 新中式改良旗袍修身连衣裙新款条纹绣花裙子女夏季短裙,299.00
逸芬梦纺旗舰店,逸芬梦纺新中式改良旗袍连衣裙女新娘结婚订婚小个子红色敬酒服夏,460.00
艺桥写真馆,2025新中式改良旗袍女新款轻款气质高端提花紫色性感包臀连衣裙服,118.00
盈瓷 GA SEASONS,盈瓷真丝｜紫定成功 桑蚕丝新中式旗袍女夏季小个子国风连衣裙,1058.64
MIMO DK,Mimo dk 国风手工花藤刺绣重工收腰显瘦温柔气质改良旗袍连衣裙,69.80
无艳一禾旗舰店,无艳一禾【红尘仙】新中式原创蕾丝提花无袖立领连衣裙,911.25
锦绣依人旗袍,2026高端年轻款旗袍女夏季改良粉色订婚礼服新中式日常绝美高级感,399.00
苏玉豪旗舰店,绿色旗袍高端气质少女新中式2026新款夏季提花连衣裙年轻款小个子,228.00
逸红颜旗舰店,逸红颜《欢笺》26年秋新人丝亚麻混纺晕染合欢花刺绣喇叭袖旗袍女,728.00
OfAkiva,OfAkiva“冷冽岩兰”新中式印花旗袍连衣裙女复古盘扣拼接鱼尾裙,439.00
锦绣依人旗袍,可以上班穿的旗袍女新中式日常可穿改良年轻款收腰修身素雅连衣裙,399.00
戎美五金冠女装店 A股上市公司出品,庭檐风月【桑蚕丝/欧根纱/重工绣花/丝滑里】夏日旗袍连衣裙/短裤,9999.00
BlankPalette 调色格,Blank palette|蓝色扎染旗袍女新中式连衣裙女夏裙子质感高级感,185.00
初蝉新中式国风女装,初蝉衣事新中式国风改良旗袍女26夏新款设计感粉色剪花收腰连衣裙,698.00
艾诗霓婚纱旗舰店,艾诗霓《朱颜辞》新中式订婚旗袍敬酒礼服2026新娘气质结婚套装夏,789.00
HooLast设计馆,新中式国风碎花旗袍裙女26年秋季新款高腰显瘦小众设计感高品质,998.00
BlankPalette 调色格,Blank palette|黑色新中式旗袍改良年轻款少女高级感显瘦连衣裙女,175.00
Rian trea雨婷,Rian trea雨婷 新中式复古旗袍连衣裙女绿色花卉蕾丝拼接气质旗袍,389.00
云鬓斜簪 原创设计师品牌,云鬓斜簪 深咖锦鲤针织旗袍连衣裙 包臀鱼尾新中式长裙度假日常女,279.00
安妮森林annforest设计师店,重工莱赛尔镂空绣金丝亮片花边斜襟旗袍连衣裙送吊带裙安妮森林,798.00
伊茜礼服,香槟色订婚礼服旗袍敬酒服2026新款高级感新中式回门答谢宴两件套,222.00
十六梅,十六梅《寒烟翠》100%桑蚕丝30姆米香云纱提花花萝旗原创古法旗袍,599.00
GJFD(Good Job小众限量定制),Good Job【枝慕月】新中式国风薄纱拼接连衣裙亮片蕾丝复古旗袍裙,339.00
墨黛兰旗舰店,紫色素雅奥黛旗袍2026新款改良小清新日常可穿新中式茶服连衣裙女,299.00
挽苏服饰旗舰店,挽苏白色刺绣旗袍2026新款改良年轻款日常可穿新中式连衣裙女夏季,299.00
HiimDai,【赵昭仪同款】HiimDai 夜灼花 新中式国风印花修身旗袍连衣长裙,399.00
墨黛兰旗舰店,绿色小清新旗袍2026新款改良年轻款小个子复古新中式连衣裙女长袖,209.00
小孩子才做选择,『一梦江南』新中式少女高级改良旗袍流行收腰气质国风连衣裙春夏,198.00
伊丽莎白婚纱,终于找到了一款精美又实惠的嫁衣，婚礼完美收官！,2099.00
CERFMIA 小鹿弥雅,小鹿弥雅《花盈》原创新中式复古甜美收腰无袖显瘦旗袍连衣裙夏,299.00
凤乐谷旗舰店,青花瓷舞蹈服装演出服成人女中国风扇子舞现,399.00
大蜜cc 微胖定制,DMcc大蜜【东方韵】新中式改良旗袍年轻款微胖mm显瘦大码连衣裙夏,229.90
一城风絮丨复古原创女装,天姿雪丨一城风絮丨复古立领盘扣全开襟无省古法平裁旗袍日常长款,1759.00
Bananain蕉内旗舰店,日常通用莫代尔睡衣凉感透气适合青年男女,299.00
SecretWorld秘密世界,【赵今麦同款】SecretWorld睡衣女绵柔长袖长裤家居服套装春季夏,199.98
宫蝶官方旗舰店,宫蝶【2套价】迪士尼米奇红色情侣居家服女长袖纯棉新婚睡衣春季,778.00
Sinbounboun Homedress馨帮帮,馨帮帮Homedress 波点开衫睡衣裤套装女早秋可外穿长袖长裤家居服,89.90
都市丽人官方旗舰店,都市丽人优可丝【三件套】睡衣女秋季新款甜美碎花吊带长裤家居服,239.90
贝妍旗舰店,个性潮女|贝妍史努比长袖修身豹纹阔腿长裤睡衣套装,298.00
宫蝶官方旗舰店,宫蝶【轻柔软】mikko睡衣女春秋纯棉长袖日系卡通可爱柔软家居服,289.00
奶喵的裙摆,奶喵【蓝莓兔兔】甜美娃娃领冰丝睡衣卡通春秋可爱长袖长裤家居服,135.00
Sinbounboun Homedress馨帮帮,馨帮帮Homedress 小清新碎花花边家居服初秋长袖长裤女款睡衣套装,89.90
棉花泡泡家居服,棉花泡泡 星星泡泡袖A类双层纱纯棉睡衣女款夏全棉短袖家居服套装,155.00
小新宅家,可爱赫拉兔睡衣女夏季短袖短裤长裤纯棉薄款三件套卡通粉色家居服,178.00
奈奈屿nny,甜美韩系少女撞色条纹纯棉纱睡衣女夏2026新款家居服外穿短袖短裤,170.00
JoyceBra,JoyceBra  星星波点翻领德绒睡衣女秋冬新款舒适可外穿家居服套装,109.90
轩靓官方旗舰店,轩靓睡衣男秋冬季加厚加绒套头保暖珊瑚绒海岛绒春秋款家居服套装,306.00
Bananain蕉内旗舰店,蕉内棉棉300Sleep女士莫代尔带杯深睡居家睡衣夏新款女款吊带睡裙,159.00
JoyceBra,JoyceBra  夏季新款冰丝波点睡衣套装女款韩系高级感可外穿家居服,99.90
贝妍旗舰店,贝妍夏季薄款纯棉短袖情侣睡衣女史努比凉感家居服休闲大码男套装,228.00
蘑菇咕咕,蘑菇咕咕 蓝格小黑狗a类纯棉睡衣女款夏短袖双层纱全棉家居服套装,142.00
软软梦 Softdream,软软梦「天使内心」原创款可爱印花冰丝睡衣女春夏家居服长袖短袖,118.00
棉花泡泡家居服,棉花泡泡 紫格小灰猫a类纯棉双层纱睡衣女款夏全棉短袖家居服套装,142.00
乔益の家居服,小狗冰丝睡衣情侣装一男一女带胸垫夏季短袖高级感夏天薄款家居服,159.00
奈奈屿nny,可爱小熊纯棉棉纱长袖睡衣女春秋外穿2026超火新款秋季套装家居服,180.00
芬腾可安品牌家居服睡衣,芬腾可安睡衣女款夏季纯棉短袖短裤套装开衫带胸垫家居服可外穿,128.00
乐菲儿家居服,日系熊猫情侣睡衣女春秋款纯棉长袖套装2025新款夏冬季男士家居服,118.00
尘熙旗舰店,尘熙睡衣女春秋款法式长袖套装棉家居服宫廷风纯白色公主风可外穿,399.00
欧诗帛旗舰店,2026新款缎面冰丝睡衣女士夏季天高级感短袖带胸垫大码家居服套装,94.00
芬腾官方旗舰店,芬腾红色睡衣女春秋款结婚新婚情侣纯棉家居服男士大码本命年套装,338.00
蘑菇咕咕,蘑菇咕咕娃娃领碎花纯棉双层纱睡衣女款夏薄款短袖全棉家居服套装,155.00
山橘月家居服品牌店,显瘦带胸垫大码胖mm睡衣女款2025新款夏短袖三件套格子家居服外穿,77.90
思莉太太旗舰店,思莉太太情侣睡衣女款夏季纯棉短袖2026新款超火男士夏天家居服,237.00
鹿可思家居服,情侣可爱猪猪短袖睡衣女夏季薄款冰丝凉感爽棉男生大码卡通家居服,66.00
山橘月家居服品牌店,带胸垫200斤大码胖mm睡衣女夏季新款短袖薄款凉感家居服外穿套装,65.40
猫人优品旗舰店,猫人纯棉睡衣女款夏季2026新款休闲短袖短裤卡通可爱风家居服套装,139.90
达尔丽官方旗舰店,达尔丽带胸垫莫代尔棉睡衣女春秋新款长袖A类抗菌防螨薄家居服夏,218.00
珈诗芬睡衣家居服,100%纯棉男士睡衣春秋季长袖青少中年睡衣男秋天夏全棉家居服套装,89.00
VINEEMAN维妮蔓,【粉兔眠眠】睡衣带胸垫女款2026新款冰丝长袖蕾丝花边居家服套装,55.40
正品GP Madam家居服,GP Madam蚕丝睡衣男女丝绸长袖春秋情侣真丝小狗明星同款家居服夏,529.00
乐姿梦旗舰店,乐姿梦情侣睡衣女春秋款黑色高级感男士长袖冰丝可外穿家居服套装,298.00
ubras品牌官方店,刘雯同款ubras云棉家居服女士睡衣情侣套装男款冰丝短袖短裤26夏,329.00
乐姿梦旗舰店,超A情侣装时尚简约冰丝薄款夏季必备,298.00
都市丽人官方旗舰店,都市丽人秋冬季睡衣女款半边绒可外穿2026新款吊带家居服三件套装,299.00
眠岛睡衣Somnus island,『眠岛』2026春秋睡衣女纯棉纱布长袖套装休闲可外穿带胸垫家居服,299.00
景町品牌家居服,奶fufu冰丝睡衣女款2026新款夏季薄款短袖套装带胸垫家居服可外穿,186.00
暖暖の睡衣,睡衣女款夏纯棉带胸垫可爱卡通短袖长裤2026新款可外穿套装小个子,99.00
惠子家睡衣品牌店,纯棉睡衣女春秋季大码短袖七分裤带胸垫26新款小狗套装夏天家居服,155.40
miiow猫人官方旗舰店,猫人冰丝睡衣女款2026新款夏季短袖薄款可爱少女家居服套装可外穿,99.00
rosetree旗舰店,RoseTree宫廷风睡衣女款春秋季长袖蕾丝独特绝美家居服套装带胸垫,318.00
家乐芬旗舰店,家乐芬睡衣男士夏季夏款丝绸冰丝短袖长裤大码家居服男款休闲套装,248.00
悟空有货原创设计师品牌,悟空有货立体褶皱A字廓形老钱风长裤子男高级感通勤百搭休闲西裤,178.00
Lost myself线上商店,LostMyself 海岛度假多巴胺穿搭彩色亮色系休闲裤长裤水洗牛仔裤,339.00
lululemon官方旗舰店,Stretch Woven 女士阔腿裤 拒水*亚洲版型丨lululemon丨LW5HTOA,1080.00
MISS SIXTY官方旗舰店,【杨幂同款】Miss Sixty2026冬季牛仔裤女休闲广角裤微喇超模裤,1690.00
悟空有货原创设计师品牌,悟空有货美式解构拼接水洗运动卫裤男女潮牌街头宽松阔腿百搭长裤,176.00
KTAP原KITTYLURE,时尚达人·高街工装阔腿牛仔裤显瘦遮肉,89.00
三福官方旗舰店,三福女休闲裤2026秋季新款抽绳松紧腰工装裤阔腿宽松休闲裤子女装,349.00
Ja1CBAY (原Ja1从不熬夜),Ja1从不熬夜 高级感精帆布弯刀工装裤中性风百搭cleanfit阔腿裤子,188.00
古怪舍原创设计肚皮衣饰局,谁来懂一下这个风琴褶,209.00
三福官方旗舰店,三福休闲裤2026秋季新款休闲松紧腰个性宽松阔腿直筒裤长裤女装,179.00
哈齿小姐,哈齿小姐 显瘦无压力高密高支宽松垂感廓形系带高腰遮肉阔腿长裤,569.00
莱伦斯布正装店,莱伦斯布高腰显瘦弹力微喇裤女秋宽松垂感直筒西裤灰色时髦西装裤,318.00
NAWS (NOTAWEAR),NAWS【腻腻同款】陶瓷牛仔麻袋裤 水洗反做口袋阔腿裤牛仔裤长裤,670.00
Moment 1991,moment灰色西裤女垂坠高级感宽松设计感显瘦阔腿裤女春秋季日系,367.00
NERESUM,NERESUM美式复古星星印花牛仔短裤女做旧水洗宽松阔腿休闲七分裤,118.00
POJNN,POJNN美式高级感弯刀黑色西裤cleanfit廓形阔腿镰刀休闲裤子男女,138.00
哈齿小姐,哈齿小姐 夏日海蓝堡宽松阔腿双腰带天丝亚麻设计感高腰通勤长裤,329.00
马勺旗舰店,cleanfit美式高街原牛水洗七分牛仔裤男夏季百搭休闲A字阔腿中裤,119.00
Moment 1991,moment白色灯芯绒阔腿裤女春秋季2023新款宽松直筒休闲垂感显瘦,498.00
ONLPP,ONLPP美式复古慵懒风粉色阔腿裤女低腰显瘦宽松垂感休闲直筒长裤,228.00
范思蓝恩旗舰店,徐若晗代言范思蓝恩阔腿直筒高腰通勤休闲西装裤女春秋含醋酸羊毛,419.00
Have Rice 饭馆 摩登品牌店,量感杨桃裤 立体廓形微肌理感盐缩皱感休闲裤长裤,259.00
MEBXX,美式复古灰色卫裤男女设计感小众解构宽松显瘦直筒阔腿弯刀运动裤,119.00
Sleep at 11,Sleep at 11 韩系白色裙边屁帘裤假两件阔腿裤女休闲裤弯刀长裤子,149.00
BENLAI旗舰店,本来BENLAI女士凉感休闲户外工装宽松阔腿裤26秋季新款BNT660039,339.00
柳步旗舰店,深蓝色格子裤男女秋季高级感痞帅微喇裤子美式复古休闲运动直筒裤,118.00
IREX,IREX【25版15oz赤耳原牛】直筒阔腿Baggy日本限定原厂A字牛仔裤,158.00
AGUA STUDIOS,AGUA美式波点抽绳阔腿休闲裤女夏季新款宽松显瘦低腰拖地直筒长裤,139.00
吴夫人家的衣橱,美式复古蓝阔腿牛仔裤女秋季2026重工水洗中低腰宽松弯刀拖地裤子,258.00
ISLAND,ISLAND美式复古三条杠弯刀卫裤男女宽松百搭垂感街舞阔腿休闲裤子,199.00
兰梦娅旗舰店,白灰色运动裤女春秋2026新款小个子直筒阔腿裤宽松bf慵懒风卫裤子,61.12
CEEYOU(原CUTEioi),CEEYOU私服系泼墨水洗蓝牛仔中裤女夏季新品休闲通勤百搭五分裤,229.00
ONLPP,ONLPP美式复古格子拼色休闲裤女2026春季宽松百搭阔腿拖地长裤,228.00
DailyScene,DailyScene「从轻」垂感口袋捏褶廓形空气阔腿裤百搭休闲棕色长裤,389.00
aoxiaotu,2026春夏新薄款棉麻米白色直筒裤女宽松九分 百搭窄版阔腿工装裤,199.00
FAPAS(原仟依库原创女装),白色莱赛尔天丝阔腿休闲裤女2026夏季薄款高腰垂感显瘦亚麻直筒裤,138.00
XinDUguan,韩系慵懒感蓝色设计拼接休闲裤女夏季2026新款荷叶边格纹阔腿长裤,89.90
独INDULGE,独INDULGE 清辉·不规则解构条纹弯刀阔腿休闲宽松长裤女裤裙,529.00
ISLAND,ISLAND复古解构设计感弯刀水洗工装裤男女宽松阔腿美式休闲裤子潮,399.00
Thumpup,THUMPUP美式复古垂感剑道弯刀西裤男宽松休闲高级感直筒阔腿裤子,258.00
Thumpup,THUMPUP复古法式翻边高级感休闲西裤男女宽松垂感老钱风阔腿长裤,258.00
i.t 品牌店,it :CHOCOOLATE撞色拼接休闲阔腿裤女春秋新款宽松慵懒西装裤子,382.00
田喜儿旗舰店,速干运动裤高中初中学生少女夏薄款2026新款小个子宽松山本休闲裤,88.78
川川也,川川也美式复古水洗做旧多口袋拼接剪裁工装裤男女宽松直筒休闲裤,158.00
XinDUguan,美式复古满印星星屁帘假两件阔腿裤女春慵懒垂感宽松运动休闲长裤,99.90
ADPPP(原初恋人原创牛仔),绣标水洗复古蓝阔腿牛仔裤女2026夏季新款低腰宽松显瘦休闲直筒裤,198.99
马勺旗舰店,棉麻混纺亚麻白色弯刀休闲裤男2026夏季新款老钱风宽松显瘦阔腿裤,185.00
中老年爸妈装,2026夏季新款舒适高腰女士阔腿裤冰丝印花宽松九分裤简约通勤,5.88
有棵树官方旗舰店,有棵树冰丝男士内裤无痕透气男生四角短裤2...,133.90
全棉时代服饰旗舰店,全棉时代男士内裤纯棉2026年夏季新款男...,169.00
元力象旗舰店,元力象男士内裤冰丝透气高档新款莫代尔短裤...,229.00
Bananain蕉内旗舰店,3件|蕉内凉皮311男士冰丝内裤莫代尔纯...,198.00
少女美屋旗舰店,卡通猫内裤~A类纯棉夏季男士内裤抗菌哈喽...,29.85
Bananain蕉内旗舰店,3件|蕉内凉皮5系冰丝男士内裤平角透气四...,159.00
有棵树官方旗舰店,有棵树男士内裤纯棉抗菌四角裤2026新款...,133.00
Calvin Klein官方旗舰店,【吸湿速干炫光引力带】CK内衣男士低腰防...,360.00
Cloud Krezz 品牌专柜店,Cloud Krezz男士内裤纯棉舒适抗...,99.00
粉色心跳旗舰店,【礼盒装】大象鼻子~男士内裤夏季纯棉抗菌...,62.85
驸马工作室,3条装 巨柔软莫代尔面料透气男士内裤无痕...,118.00
SALIGIA撒利加旗舰店,SALIGIA经典莫代尔棉莱赛尔黑白性感...,159.00
有棵树旗舰店,有棵树冰丝男士内裤无痕透气四角短裤衩20...,89.90
Noah Wa Wa个性内裤,豹纹男士内裤粉色冰丝柔软平角男生可爱搞怪...,49.00
曼妮芬官方旗舰店,3件|曼妮芬男士吸湿速干内裤高弹抗菌四角...,207.00
酷宝先生,三条装阿罗裤男士纯棉格子大码家居四角内裤...,54.00
少女美屋旗舰店,KT小狗~夏季男士冰丝抗菌舒适速干可爱卡...,32.85
森马内衣旗舰店,森马男士内裤男生10A级抗菌透气平角裤四...,99.00
ChoiceKaiser旗舰店,ChoiceKaiser男士内裤男生纯棉...,228.00
CAPABLE KYLIN 卡比雷尔文,CALIENKELER男士内裤男纯棉抗菌...,59.90
尤米服饰店,男士内裤时尚青少年男生透气抗菌平角裤衩个...,29.90
有棵树企业店铺,有棵树男士内裤2026新款青少年纯棉10...,111.90
真维斯天曼专卖店,真维斯男士内裤男生冰丝平角夏季薄款透气四...,49.00
尤米服饰店,新款男士内裤青少年运动潮流四角裤头莫代尔...,13.90
猫人商务旗舰店,猫人男士内裤男款纯棉平角短裤男生2026...,89.90
七匹狼诺姆专卖店,七匹狼男士内裤纯棉平角裤本命年大红色属马...,65.00
WEMOVE维姆工作室,维姆工作室 男士内裤纯棉男款平角裤内裤男...,118.00
蕉下官方旗舰店,蕉下男士内裤莫代尔透气运动不卡裆四角裤抑...,79.00
真维斯天曼专卖店,真维斯纯棉男士内裤男生宽松运动透气平角短...,49.00
吉良先生,男士内裤纯棉夏季薄款吸汗透气短裤男黑白色...,39.00
JYRH内衣店,内裤男纯棉四角贴身舒适男生潮流透气低腰土...,138.00
全棉时代服饰旗舰店,全棉时代男士内裤平角阿罗裤男纯内裤棉居家...,88.00
Cukum Kboie品牌专柜店,CukumKboie男士内裤男款纯棉四角...,359.00
橙子先生内裤,男士冰丝内裤男生夏季薄款2026新款青少...,50.00
橙子先生内裤,内裤男生纯棉四角裤男款短裤青少年简约透气...,59.00
都市丽人精品旗舰店,都市丽人本命年红色内裤男款纯棉2026新...,79.90
南极人旗舰店,南极人男士内裤纯棉男生男款四角裤平角短裤...,57.30
啄木鸟官方旗舰店,男士内裤男款纯棉男生平角裤啄木鸟官方旗舰...,60.00
有棵树内衣旗舰店,有棵树男士内裤纯棉抗菌透气平角裤男生四角...,159.80
南极人服饰旗舰店,南极人冰丝内裤男无痕抗菌纯棉裆透气202...,59.90
松山棉店旗舰店,松山棉店蚕丝莫代尔男士内裤透气男生短裤青...,119.00
Lee内衣旗舰店,Lee李牌80支云感棉男士内裤无痕透气1...,125.00
南极人旗舰店,南极人男士内裤纯棉男生男款四角裤平角短裤...,57.30
time1991,男士内裤薄款莫代尔男生平角裤柔软无痕四角...,39.90
playboy内衣旗舰店,花花公子男士内裤纯棉新男款四角短裤衩平角...,98.90
聚新程甄选,格子男士内裤纯棉男生平角裤中腰四角裤短裤...,49.90
Csanlv Klins内衣甄选,Csanlv Klins内裤男士冰丝男生...,289.00
playboy内衣旗舰店,花花公子男士内裤纯棉猛男粉色内裤男生可爱...,79.90
蓝瑟旗舰店,高腰蓝色牛仔短裙女2026春夏新款a字裙显瘦百搭黑色包臀半身裙子,1??
MALBON GOLF官方旗舰店,MALBON 高尔夫PERFORMANCE LAURELL女士运动休闲学院风百褶半身裙,1???
古怪舍原创设计肚皮衣饰局,古怪舍「幻海絮语」抽皱飘带设计感双层半身裙女黑色显瘦棉质裙子,2??
Dazi金大支,Dazi金大支蕾丝拼接撞色百褶半身裙2026新款秋季高腰胖mm大码裙子,3??
Luna7xi,Luna7xi 简约气质半身裙女秋季新款设计感高腰中长款半裙开叉长裙,3??
Luna7xi,Luna7xi 杏色不规则半身裙女夏季高腰显瘦包臀裙气质长款开叉裙子,3??
skechers官方旗舰店,斯凯奇半身裙速干A字裙2026年夏季新女垂顺挺括伞裙时尚休闲半裙,3??
羊好好旗舰店,新款白色蛋糕短裙女松紧腰半身裙高腰显瘦百搭通勤高端云朵a字裙,1???
落落狷介 LUOLUOJUANJIE,落落狷介半身裙女2026新款绿色蕾丝拼接波点半裙小个子松紧腰裙子,3??
热风官方旗舰店,热风女士白色半身裙2026年夏季新款简约分割伞裙蝴蝶结浪漫半裙,2??
SUW 苏喂,早秋日系复古轻亚风花苞百搭褶皱蓬蓬灰色a字过膝中长裙半身裙女,1??
阿一 realeasy,阿一 气质拉满 UMA飘逸长裙女夏季高腰纱裙a字裙子不规则半身裙,1??
LotusRoot三寸藕,三寸藕【秋分麦浪】复古格子花边半身裙新款秋季通勤显瘦A字裙女,7?
爱情魔鬼鱼女装馆,爱情魔鬼鱼 纯色系带半身裙女2026夏季新款高腰通勤百搭A字裙长裙,1??
BIGGOLD STUDIO,BIGGOLD设计感条纹荷叶边蛋糕裙裙裤女显瘦百搭防走光半身裙短裙,1??
ZOCHEEO,ZOCHEEO 灯芯绒a字半身裙女秋冬直筒裙复古气质高腰显瘦中长裙,2??
Rest＆Recreation圣水洞专柜,【韩国包邮】restandrecreation温柔风撞色蝴蝶结上衣半身裙套装,1???
林大事LINTINGXIN,灰色百褶西装裙女半身裙高腰休闲a字春夏季过膝中长裙,5?
Chetoor,黑色半身裙女春秋2025年新款芭蕾学院风蛋糕裙短裙甜酷辣妹百褶裙,7?
阿一 realeasy,阿一扎染上线 半身裙女秋季高腰雪纺小众鱼尾裙长款a字裙子伞裙,9?
YUQIPAO STUDIO,大码胖mm复古波点半身裙女秋冬遮胯显瘦蛋糕裙高腰A字大摆中长裙,8?
依艾格旗舰店,卡其色高腰a字半身裙女2026新款春夏韩系显瘦通勤包臀短裙小个子,1??
Fn Clean Explain,Fn Clean Explain 简约老钱 A字半身裙2026春夏时髦显瘦高腰中裙,3??
Onthereverse,Onthereverse 原创设计感学院风黑色抽绳系带A字日系百褶半身裙女,2??
小溜的线上商店,SMALLIU MODE 低腰拼接伞裙半身裙宽松型女士涤纶柔软舒适松紧腰,3??
小丫头衣社,韩系学院风波点毛呢半身裙女2026秋季新款A字百搭休闲半裙1381A,8?
Chetoor,白色半身裙女春秋2025年新款芭蕾学院风蛋糕裙短裙甜酷辣妹百褶裙,7?
爱情魔鬼鱼女装馆,爱情魔鬼鱼 藏蓝色复古波点半身裙女2026夏季新款高腰显瘦A字长裙,1??
Hhyii,Hhyii 格纹note 复古格纹半身裙女2026春秋百搭高腰a字包臀短裙,1??
馨帮帮sinbounboun,馨帮帮 蕾丝拼接不规则半身裙女秋高腰大摆长裙显瘦A字格子伞裙,1??
YUQIPAO STUDIO,大码胖mm复古格纹半身裙女秋冬新款高腰显瘦A字裙不规则中长裙子,9?
小丫头衣社,韩系慵懒风波点半身裙女2026秋季新款松紧腰休闲A字花苞中裙1324Q,8?
橘子酱YO,橘子酱YO满印星星条纹拼接Y2K古早味蛋糕裙显瘦百搭百褶蓬蓬短裙,7?
芊蕙自制女装,一步半身裙女夏季2026新款中长款小个子半身长裙高腰开叉包臀裙子,1??
芊蕙自制女装,灰色莫代尔开叉半身裙女小个子修身显瘦包臀裙夏季垂感百搭一步裙,1??
依艾格旗舰店,学院风灰色西装百褶裙中裙女夏季小个子百搭高腰A字半身裙JK裙子,1??
裤邦人旗舰店,裤邦人咖色褶皱花苞半身裙女2026年秋季新款高腰辣妹a字裙长裙子,1??
BBT Sweety,BBT Sweety咖色蛋糕裙木耳边蓬蓬半身裙女夏季抽褶透气A字短裙,1??
韩流风小女人,2026年夏季新款复古做旧水洗蓝高腰牛仔短裙A字显瘦遮胯包臀版型,1??
红人馆女装店,红人馆包臀半身裙女2026秋季今年流行爆款中长款巨好看麂皮绒裙子,2??
梅子熟了 MEIZISHULE,梅子熟了「人鱼姬流光裙」仿醋酸鎏光缎面大裙摆半身裙幻彩百褶裙,4??
PINKEEN STUDIO,PINKEEN白色高腰半身裙女装2026年夏季新款休闲简约显瘦A字裙短裙,1??
海盐糖YUJU,海盐糖YUJU甜美蕾丝系带蝴蝶结蓬蓬蛋糕裙层次感半身裙女公主短裙,1??
ISEEMIGGA旗舰店,HelloKitty联名多层网纱不规则半身裙ISEEMIGGA网球运动短裙子夏,4??
馨帮帮sinbounboun,馨帮帮   文艺复古拼接感镂空蕾丝钩花高腰A字垂感立体蓬蓬半身裙,1??
雨气泡微胖大码女装,大码胖mm粉色碎花雪纺半身裙女春夏长款垂感包臀鱼尾裙不规则长裙,9?
岛歌夫人,岛歌夫人重工花型蕾丝半身裙女秋季新款半裙温柔直筒裙高腰长裙子,1??
isislove旗舰店,ISISLOVE白色不规则蕾丝花边蛋糕裙中长款高腰垂坠感绝美半身裙女,2??
Bananain蕉内旗舰店,一不小心就入手！多色可选舒适透气蕉内睡衣,2??
Bananain蕉内旗舰店,【王一博同款】蕉内氮气505Dry家居服吸汗短袖男士睡衣女款新款夏,2??
松山棉店旗舰店,松山棉店家居服套装莫代尔情侣新中式长袖男女大码国风春秋款睡衣,3??
芬腾可安品牌家居服睡衣,芬腾可安睡衣女款夏季纯棉短袖短裤套装开衫带胸垫家居服可外穿,1??
松山棉店旗舰店,松山棉店萌宠开衫长袖条纹家居服套装男士女士睡衣亲肤棉莫透气秋,3??
宫蝶官方旗舰店,宫蝶【2套价】迪士尼米奇红色情侣居家服女长袖纯棉新婚睡衣春季,7??
domiamia旗舰店,Domiamia纯棉月子服春夏季孕妇睡衣哺乳上衣孕期产后外出家居服,7??
贝妍旗舰店,个性潮女|贝妍史努比长袖修身豹纹阔腿长裤睡衣套装,2??
都市丽人官方旗舰店,都市丽人优可丝【三件套】睡衣女秋季新款甜美碎花吊带长裤家居服,2??
奈奈屿nny,ins灰色蝴蝶结春秋睡衣女纯棉布料100全棉家居服秋季套装2026新款,1??
PJOCLOCK睡时记,PJOCLOCK睡时记睡衣女带胸垫2026夏季纯棉可爱可外穿防凸点家居服,2??
尘熙旗舰店,尘熙原创设计睡衣女春秋款长袖V领套装宽松家居服复古宫廷风纯棉,3??
蘑菇咕咕,蘑菇咕咕小猫和木屋a类纯棉睡衣女夏双层纱100全棉长袖家居服套装,1??
猫人优品旗舰店,猫人睡衣女款夏薄款100%纯棉短袖短裤卡通可爱2026新款家居服套装,1??
宫蝶官方旗舰店,宫蝶【轻柔软】小马宝莉少女睡衣秋季长袖轻奢甜美冰丝家居服外穿,3??
蘑菇咕咕,蘑菇咕咕 原创海盐小兔a类纯棉睡衣女夏双层纱全棉长袖家居服套装,1??
Sinbounboun Homedress馨帮帮,馨帮帮Homedress 波点开衫睡衣裤套装女早秋可外穿长袖长裤家居服,8?
棉花泡泡家居服,棉花泡泡 原创纯棉双层纱睡衣女夏A类全棉童话拼布短袖套装家居服,1??
棉花泡泡家居服,棉花泡泡 原创小鱼泡泡长袖纯棉双层纱睡衣女夏A类全棉套装家居服,1??
ubras官方旗舰店,ubras云棉家居服情侣套装长袖长裤女士睡衣带胸垫翻领可外穿夏季,2??
BE旗舰店,蜡笔小新纯棉睡衣女夏带胸垫情侣秋春家居服男长袖秋季舒适居家风,2??
小新宅家,可爱赫拉兔睡衣女夏季短袖短裤长裤纯棉薄款三件套卡通粉色家居服,1??
奈奈屿nny,秋款韩系撞色拼接纯棉纱睡衣女款春秋季双层纱长袖家居服2026新款,1??
miss cat ponyo家居服,MISSPONYO CCAT甜美碎花睡衣女夏季棉感短袖长裤甜美小野家居服,1??
悦内官方旗舰店,悦内睡衣女夏季夏天冰丝短袖短裤家居服时尚粉色条纹三件套高级感,3??
乐姿梦旗舰店,乐姿梦情侣睡衣女夏款冰丝高级感夏天短袖短裤男士凉感家居服套装,2??
悦内官方旗舰店,悦内睡衣男士夏季冰丝短袖短裤家居服夏款丝绸仿真丝质薄款高级感,2??
Sinbounboun Homedress馨帮帮,馨帮帮Homedress 小樱桃条纹睡衣女早秋款甜美翻领开衫家居服套装,8?
轩靓官方旗舰店,轩靓【7A抗菌】睡衣女夏季莱赛尔短袖短裤2026新款凉感家居服套装,4??
乔益の家居服,小狗冰丝睡衣情侣装一男一女带胸垫夏季短袖高级感夏天薄款家居服,1??
达尔丽官方旗舰店,达尔丽带胸垫莫代尔棉睡衣女春秋新款长袖A类抗菌防螨薄家居服夏,2??
韩黛语旗舰店,春夏纯棉短袖八分裤睡衣女大码加肥加大胖mm200斤全棉家居服套装,1??
同语旗舰店,同语莫代尔棉儿童睡衣春秋男童女童可爱小猫家居服长袖可外穿套装,1??
同语旗舰店,同语儿童睡衣女童新款春秋柔软莫代尔棉长袖套装可外穿家居服男童,1??
JoyceBra,JoyceBra韩系粉条纹豹纹印花睡衣女秋款长袖棉质可外穿家居服套装,1??
马克公主,马克公主莫代尔夏季睡衣女可爱少女风短袖长裤薄款学生家居服套装,2??
SecretWorld秘密世界,【赵今麦同款】SecretWorld睡衣女绵柔长袖长裤家居服套装春季夏,1??
天猫超市,OAKFAMILY孕妇月子服春秋竹棉纱布薄款产后哺乳,4??
JoyceBra,JoyceBra小清新碎花华夫格睡衣女舒适亲肤长袖家居服套装2026秋季,1??
山橘月家居服品牌店,显瘦带胸垫大码胖mm睡衣女款2025新款夏短袖三件套格子家居服外穿,7?
都市丽人官方旗舰店,都市丽人珊瑚绒睡衣女士冬季加绒厚2026新款法兰绒保暖家居服套装,2??
陌娇旗舰店,"陌娇""韩系松驰感""针织棉睡衣女春秋小碎花长袖带胸垫三件套家居服",2??
無印折扣工厂网店,纯棉睡衣女双层纱全棉睡衣长袖春夏薄款情侣格子睡衣男四季家居服,8?
思莉太太旗舰店,思莉太太华芙格棉睡衣女春秋长袖韩系碎花宽松网红款可外穿家居服,2??
思莉太太旗舰店,思莉太太情侣睡衣女款夏季纯棉短袖2026新款超火男士夏天家居服,2??
轩靓官方旗舰店,轩靓睡衣女春秋款莫代尔薄款长袖休闲时尚冰丝凉感大码家居服套装,3??
马克公主旗舰店,马克公主情侣睡衣女纯棉长袖2026年新款春秋甜美高级感男士家居服,2??
软软梦 Softdream,软软梦「天使内心」原创款可爱印花冰丝睡衣女春夏家居服长袖短袖,1??
FILA官方旗舰店,斐乐直筒裤丨FILA官方男士针织长裤秋冬运动裤休闲跑步加绒裤子,740.00
ESSEFAUST潮牌店,ESSEFAUST设计感解构休闲卫裤男潮牌美式宽松百搭直筒运动长裤子,87.60
lululemon官方旗舰店,Lightweight Softstreme女士轻盈中长裤速干丨lululemon丨LW5IJ0S,980.00
悟空有货原创设计师品牌,悟空有货重磅纯色马吉拉垂感运动卫裤男潮牌宽松百搭直筒休闲长裤,176.00
bodydream旗舰店,BODYDREAM简单裤 秋季舒适健身卫裤男裤子宽松直筒裤运动裤休闲裤,219.00
bodydream旗舰店,【穿云裤】BODYDREAM秋新款廓形长裤休闲裤运动裤弯刀裤白色裤子,289.00
我需要一个潮牌,美式复古潮牌豹纹条纹休闲裤男女款秋冬新款重磅直筒运动坠感卫裤,168.98
柳步旗舰店,深蓝色格子裤男女秋季高级感痞帅微喇裤子美式复古休闲运动直筒裤,118.00
BENLAI旗舰店,本来BENLAI男士华夫格弯刀裤宽松抽绳休闲裤26秋季新款BRL660021,269.00
蓝岐旗舰店,蓝岐SOLOTEX弹力休闲裤男士2026春秋新款防泼水百搭徒步运动长裤,499.00
瞬时山野Monterest,瞬时山野Monterest户外无氟防水休闲裤基础弯刀软壳裤宽松长裤男,379.00
lululemon官方旗舰店,Lightweight Softstreme女士轻盈中长裤速干丨lululemon丨LW5IJ0S,980.00
悟空有货原创设计师品牌,悟空有货美式解构拼接水洗运动卫裤男女潮牌街头宽松阔腿百搭长裤,176.00
1NING一宁 高个子加长裤,Altezza Divina「薄爽康宁裤」高个子一米九加长卫裤直筒裤休闲裤,269.00
AERLIMITEDD专柜定制,鼎级品质！26ss韩系urban小众火柴人贴布刺绣松紧运动休闲长裤女,239.00
AFGK线上商店,AFGK25SS美式复古多口袋褶皱迷彩工装裤直筒宽松休闲cargo长裤子,199.00
STAW世拓旗舰店,STAW世拓趣跑二合一3.0短裤带内衬抗菌透气轻量运动马拉松跑步裤,599.00
瞬时山野Monterest,瞬时山野Monterest户外吸湿速干轻量运动长裤弧形分割弹力休闲裤,369.00
ROSTAT(原ROAST LUCKY),Roast lucky 中缝线单褶轻微喇运动休闲长裤健身百搭显腿长直筒裤,278.00
MEBXX,美式复古灰色卫裤男女设计感小众解构宽松显瘦直筒阔腿弯刀运动裤,119.00
FFR 原F383,F383 美式复古蓝色阔腿裤男女宽松垂感休闲长裤抽绳渐变弯刀卫裤,153.00
柳步旗舰店,黑色三条杠速干裤子男夏季薄款美式高街直筒运动裤条纹冰丝休闲裤,110.00
BENLAI旗舰店,全能裤|本来BENLAI男士凉感抗皱防晒直筒休闲裤26秋新款BRS660015,199.00
FORSTNES,FORSTNES2026美式解构重磅弯刀卫裤男简约通勤宽松直筒休闲运动裤,143.00
李宁官方旗舰店,李宁运动裤男款秋季黑色裤子男士休闲裤跑步针织卫裤直筒训练长裤,199.00
李宁官方旗舰店,李宁户外CF溯丨卫裤男士新款长裤男装宽松束脚休闲山系运动裤,299.00
ESSENTIALSTENE旗舰店,ESSENTIALS官网卫裤短裤男FOG美式休闲运动五分裤男2026夏季透气,158.00
BLACKLISTS黑泽川,BLACKLISTS美式基础款刺绣抽绳休闲直筒卫裤男女爵士舞运动阔腿裤,117.00
帛先生旗舰店,秋季天丝莱赛尔男裤2026新款垂感直筒裤春秋休闲裤子男款运动卫裤,181.00
明翼男装,三条杠运动裤男士春秋款宽松直筒大码裤子垂感休闲长裤针织卫裤男,158.00
ONLPP,ONLPP美式复古字母印花条纹褶皱弯刀裤男女秋抽绳宽松阔腿休闲裤,228.00
AUTICUP线上商店,夏季凉感透气户外速干轻薄高密度尼龙织带打褶休闲裤男女同款,89.99
BLACKLISTS黑泽川,BLACKLISTS美式复古运动风条纹拼接直筒卫裤男女跳舞宽松阔腿裤潮,128.00
迪卡侬旗舰店,迪卡侬瑜伽直筒长裤宽松运动休闲棉质8511812健身女2455336RFY1,59.90
qotriock官方旗舰店,美式高街褶皱降落伞兵裤男女秋季潮户外运动冲锋裤宽松运动休闲裤,138.00
boneless官方旗舰店,【商场同款】BONELESS反光牙条拼接防泼水户外运动登山裤休闲裤,369.00
GROZNY STORE,GROZNY鸟家3.0立体弯刀Cronin四季软壳休闲直筒运动速干冲锋裤男,148.00
qotriock官方旗舰店,美式高街弯刀休闲裤子男秋季潮牌宽松重磅运动卫裤重磅垂感直筒裤,128.00
gigt极吉官方旗舰店,gigt极吉五分瑜伽裤短裤女跑步新款健身裤普拉提训练服运动套装,398.00
FPA,FPA户外轻量运动风洞透气冰丝凉感软弹长裤 夏季轻薄速干休闲裤子,249.00
星期十青少年生活馆,美式条纹休闲裤男生春季大童运动裤卫裤宽松青少年直筒三条杠长裤,164.00
严选精品上等男装,冰丝裤子夏季男士2026新款速干直筒宽松垂感阔腿裤休闲裤薄款长裤,119.00
VIN MUK,VINMUK美式慵懒低腰休闲裤女早秋通勤卫裤宽松直筒遛弯运动阔腿裤,148.00
古韵中华旗舰店,古韵中华夏季宽松灯笼裤太极拳练功裤男太极裤女夏春秋棉麻阔腿裤,119.00
安踏官方旗舰店,安踏奶芙裤丨校服卫裤秋季女裤新款针织运动裤宽松束脚裤休闲长裤,199.00
gigt极吉官方旗舰店,畅动裤gigt极吉瑜伽裤女运动普拉提健身服套装高腰提臀外穿鲨鱼裤,268.00
CHANT2nd,「CHANT2nd」垂感卫裤女低腰休闲裤秋季薄款阔腿长裤显瘦新款裤子,128.00
warmtrees旗舰店,TreesOutside运动吸湿排汗户外多口袋廓形长裤运动宽松休闲裤男士,259.00
好利来官方旗舰店,好利来半熟芝士原味奥巧奶酪乳酪蛋糕送女友礼物零食糕点食品早餐,7?
碧翠园官方旗舰店,碧翠园泥巴派巧克力蛋糕减健康零食脂抹茶可可夹心下午茶代餐甜品,3?
碧翠园官方旗舰店,碧翠园巧克力泥巴派蛋糕抹茶零食可可粉蓝莓夹心糕点甜品早餐面包,3?
滋百味食品店,铁罐子蛋糕动物奶油可可巧克力蓝莓奥巧抹茶开心果千层盒子蛋糕点,3?
天猫超市,碧翠园泥巴派草莓黑巧克力夹心蛋糕短保下午茶点心零食早餐面包,3?
滋百味食品店,罐子蛋糕动物奶网红奶酪蛋糕千层爆浆巧克力抹茶盒子蛋糕甜品顺丰,2?
味哆哆休闲食品店,铁罐子蛋糕动物奶油奥巧蓝莓抹茶开心果巧克力千层慕斯盒子蛋糕点,3?
熊治旗舰店,【任选5罐】熊治罐子蛋糕奶油罐罐甜品休闲零食盒子蛋糕,1??
巧师傅食品店,铁罐子蛋糕动物奶油可可巧克力奥巧蓝莓抹茶千层甜品慕斯盒子蛋糕,3?
AQIN阿钦旗舰店,AQIN阿钦罐子蛋糕巧克力抹茶奶酪盒子千层慕斯甜品网红零食小蛋糕,8?
阿沐沐,【现货】日本东京香蕉奶油蛋糕TOKYO BANANA甜品进口零食点心礼盒,3?
奶吉诞旗舰店,奶吉诞正品官方旗舰店磅蛋糕盒子罐子黄油抹茶零食法芙娜巧克力,3??
壹米汀蛋糕研究所,夏上新 壹米汀芒果百香果慕斯蛋糕 冷冻蛋糕商用甜品安佳动物奶油,9?
新味觉烘焙甜品店,铁罐子蛋糕动物奶油奥巧克力蓝莓抹茶开心果千层慕斯盒子蛋糕甜点,3?
壹米汀蛋糕研究所,新品 壹米汀迪拜生巧克力巴斯克蛋糕 冷冻慕斯蛋糕商用安佳芝士,1??
好味多休闲食品店,铁罐子蛋糕动物奶油抹茶开心果巧克力千层盒子奥巧蓝莓奶酪甜品点,3?
巧师傅烘焙甜品店,芋泥千层蛋糕草莓抹茶榴莲榛子巧克力六拼网红生日甜品下午茶零食,3?
好味多休闲食品店,白脱奶油蛋糕动物奶油老式童年小时候裱花硬奶油乳酪生日蛋糕零食,7?
熊治旗舰店,任选5罐更划算】熊治罐子蛋糕罐装奶油小罐盒子甜品慕斯网红,3?
BCPARK官方企业店,碧翠园泥巴派巧克力蛋糕可可粉脏脏点心抹茶夹心糕点解馋零食甜品,4?
巧师傅烘焙甜品店,巧师傅大颗粒榛子巧克力千层蛋糕动物奶油网红爆浆下午茶生日甜品,7?
贤小东旗舰店,鲜达仓仓提拉米苏蛋糕即食小罐盒子巧克力慕斯动物奶油甜品零食,6?
天猫超市,猫超臻选猪肉松戚风蛋糕手撕面包整箱营养早代餐健康休闲零食400g,3?
知觅食品,千层蛋糕动物奶油网红爆款草莓榴莲巧克力抹茶六拼生日甜品下午茶,2?
半糖主义甜品店,爆浆毛巾卷蛋糕网红动物奶油现做现发甜品草莓蓝莓奥利奥糕点零食,2?
甜丫丫烘培零食店,铁罐子蛋糕动物奶油抹茶开心果可可巧克力千层盒子奶酪蛋糕甜品点,3?
浅茶家旗舰店,浅茶家罐子蛋糕奶酪盒子蛋糕罐罐千层慕斯甜品零食小蛋糕中秋送礼,4?
麦田坊旗店,豆乳盒子千层蛋糕网红慕斯甜品点心爆浆奶油提拉米苏草莓榴莲食品,1?
山木云食品旗舰店,山木云空气蛋糕营养早餐面包学生健康零食下午茶糕点爆款旗舰店,8?
芝洛洛旗舰店,芝洛洛罐子蛋糕千层慕斯甜品零食盒子小蛋糕中秋礼物送女友老婆,1??
涵轩坊食品店,网红毛巾卷蛋糕爆浆甜品草莓抹茶芋泥下午茶动物奶油糕点心零食品,1?
淘淘乐西点,顺丰西式蛋糕三角慕斯甜品西点提拉米苏摆摊小块点心茶歇宴会自助,2??
味香思旗店,六拼千层蛋糕草莓蓝莓芋泥巧克力抹茶奥利奥榴莲动物奶油生日甜品,2?
巧师傅线上折扣店,爆款！动物奶油千层蛋糕超好吃！,2?
天猫超市,【鸡蛋含量≥62%】泡吧黄金虎皮蛋糕面包整箱早餐夜宵零食糕点,2?
信达冷冻甜品,网红爆款彩虹慕斯千蛋糕商用批发摆摊自助餐烘焙8寸冷冻甜品整箱,1??
怡元坊旗舰店,怡元坊0蔗糖蛋糕罐子低甜动物奶油糕点低卡BD,6?
莓子甜品甜蜜社,铁盒包装开心果千层蛋糕 巧克力抹茶芒果芋泥点心甜品 动物奶油,6?
涵轩坊食品店,8个瑞士卷蛋糕面包动物奶油sa姆超市同款原味伯爵红茶零蔗糖糕点,1?
半糖主义甜品店,千层蛋糕爆浆草莓榴莲芋泥榛子巧克力抹茶奥巧生日甜品六拼四拼,2?
巧师傅线上折扣店,【下午茶好选择】多种口味铁罐子蛋糕附赠钢勺,3?
蒂利休斯食品店铺,网红瑞士卷慕斯蛋糕500克盒冷餐茶歇下午茶点甜品宴会自助餐包邮,2??
浅茶家旗舰店,浅茶家奶酪罐子蛋糕动物奶油盒子蛋糕下午茶千层慕斯甜品零食蛋糕,4?
层遇食品旗舰店,层遇罐子蛋糕盒子豆乳蛋糕动物奶油慕斯提拉米苏甜品小蛋糕网红新,9?
浮伴烘焙,巧克力罐子蛋糕动物奶油下午茶休闲零食糕点千层盒子罐罐蛋糕甜品,2?
宫季食品,【宫季每日鲜】新品罐罐蛋糕20种口味正品顺丰包邮办公室宿舍零食,6?
七点谷力食品旗舰店,七点谷力芙芙蕾学生营养早餐蛋糕整休闲茶点心小零食糕点独立包装,2?
唇动旗舰店,唇动经典小蛋糕夹心巧克力解馋小零食早餐面包甜品点心即食糕点,2?
小呆呆零食店,霸王丝辣条大礼包20包儿时经典爆辣网红解...,1?
一口快乐,8090怀旧零食童年经典功夫棒辣条辣片一...,9.??
天猫超市,0荞麦低脂辣条豆干豆皮豆卷面筋辣棒素牛筋...,2?
天猫超市,开小差油泼辣子辣条10包,1?
天猫超市,缺牙齿素牛肚魔芋辣条香辣味变态辣零食魔鬼...,1?
天猫超市,飞旺湖南辣条大礼包干烧麦片臭干子辣片80...,3?
天天见零食汇,500g邬辣妈豆卷辣条很麻很辣零食小吃休...,1?
好味聚美食,斑马肉辣条牛筋儿时怀旧辣片面筋麻辣豆干网...,2?
好味聚美食,辣条零食大礼包小时候爆款混合装童年怀旧儿...,2?
嘟嘟嘴食品特惠,德建KK星超辣辣条辣丝80后90后绝辣变...,1?
天猫超市,宇仔大长筋辣条香辣解馋怀旧休闲小零食80...,3?
佳龙旗舰店,佳龙台式素香肠小包装辣条零食儿时怀旧80...,4?
麻辣王子旗舰店,麻辣王子辣条吃货零食大礼包麻辣解馋小零食...,1?
卫道秀洛婷专卖店,家城沙嗲素牛肉干怀旧辣条牛肉粒儿时经典校...,1?
好货严选工厂,飞旺麻辣条零食臭干子辣条网红爆款怀旧休闲...,9.??
天猫超市,三只松鼠辣卤大礼包35小袋肉类夜宵小吃荤...,1?
天天特卖工厂,素龙虾辣条儿时经典零食小包装麻辣龙虾童年...,9.??
官方国货甄选,卫龙辣条亲嘴烧零食经典香辣100片散装大...,1?
西北老农枸杞特产店,怀远一品辣条宁夏银川清真食品纯手工麻辣条,2?
嘟嘟嘴食品特惠,儿时怀旧麻辣片辣条大辣片湖南爱国辣得欢香...,1?
国货严选旗舰,仟禧味虾鱼蛋零食辣条童年回忆湖南特产80...,8.??
辣条馆长食品专营店,辣条迷·麻辣王子大礼包多种规格任选,1?
双仔食品旗舰店,双仔牛筋传说辣条经典素牛筋怀旧香辣解馋休...,2?
天天见零食汇,湖南特产飞旺辣条武汉八宝里青丝怀旧5毛钱...,8.??
tb2596246561,周氏辣片湖南特产周氏兄弟小辣片香辣片香油...,2?
顾湘食品企业店,李星星棒棒牛辣条大辣棒面筋8090后怀旧...,1?
思乡山食品官方店,思乡山素牛蹄筋辣条香辣花边波浪形面筋童年...,7.??
顾湘食品企业店,顾湘干巴棒 香辣丝干辣条90后儿时怀旧小...,2?
豆小哥食品专营店,赛一小包手工辣条组合香辣办公室解馋零食小...,6?
百味千寻零食臻选,麻辣王子辣条散称零食品小吃微麻微辣儿时怀...,2?
馋小乖旗舰店,【藤椒辣条组合】馋小乖麻辣条辣片湖南特产...,1?
诚诚食品专营店,嘴巴香辣条小辣片80后怀旧零食小时候的麻...,9.??
百川香铛铛旗舰店,香铛铛辣条酒鬼手撕妈咪牛肉5角包8后怀旧...,3?
朱大哥食品专营店,缺牙齿素牛肚变态辣零食辣味魔芋辣条魔鬼素...,7.??
偶哥食品专营店,周再德香油条大包周氏湖南辣条148g儿时...,6.??
食品零食店,卫龙亲嘴烧辣条整盒整箱混合口味100片盒...,8.??
樱耀尚食品旗舰店,湘扬农庄平江大辣片手斯吮指辣条湖南豆皮香...,1?
思乡山旗舰店,【思乡山】素牛蹄筋辣条辣棒湖南特产零食8...,2?
国货严选旗舰,臭干子飞旺辣条零食大礼包8090后儿时经...,2?
思乡山食品官方店,思乡山魔鬼辣条网红爆款辣丝辣片麻辣休闲小...,8.??
豆小哥食品专营店,思乡山豆角干蒜煸辣条怀旧零食休闲年货食品...,4?
官方国货甄选,麻辣藤椒辣条小零食大礼包辣片辣丝辣棒辣排...,8.??
吃乐美零食屋,邬辣妈辣条豆卷微麻微辣小包装麻辣小吃湖南...,1?
嘟嘟嘴食品特惠,新林爱琴情公寓5辣条8090后儿时怀旧香...,9.??
鸽鸽食品专卖店,鸽鸽散称蒜香辣条小零食豆角干麻辣素食面筋...,5?
益源食品,钟芹辉火辣面霸辣条童年儿时怀旧小零食金丝...,6.??
口口俏企业店,口口俏平江童年大辣片老式香辣豆皮豆干手工...,1?
豆有味旗舰店,【豆有味】素牛蹄筋花边大浪卷辣片辣棒辣条...,7.??
隆意辉旗舰店,央妈推荐！坚果每日一包独立包装每日坚果官...,3?
良品铺子旗舰店,良品铺子8罐纯坚果礼盒零食大礼包干果中秋...,9??
锦双彬旗舰店,农科院丨每日坚果独立包装0添加混合果仁孕...,2??
长珩食品专营店,三只松鼠坚果礼盒夏威夷果中秋送礼零食大礼...,7?
春江月食品旗舰店,春江月纯坚果高端礼盒中秋送礼高档送长辈罐...,4??
悠享佳旗舰店,悠享佳腰果仁500g真空装原味焙烤生熟越...,1??
三只松鼠甄礼专卖店,三只松鼠坚果礼盒中秋节礼品送长辈领导混合...,9?
珍纳春旗舰店,农科院山核桃仁26年新货野生官方旗舰店孕...,1??
鼎贞食品专营店,三只松鼠坚果中秋礼盒零食大礼包整箱干果礼...,1??
临山有食旗舰店,临山有食每日坚果原味纯坚果混合果仁全干果...,1??
孕味食足旗舰店,孕味食足孕妇零食坚果怀孕期能吃的混合每日...,1??
沃隆滋味家,沃隆每日坚果大队长750g独立小包装混合...,1??
天猫超市,觅菓原味大混合坚果仁营养补硒增钙孕妇零食...,2??
科旭食品专营店,三只松鼠坚果礼盒中秋节礼品送礼长辈团购高...,3??
沃隆旗舰店,沃隆混合纯坚果2斤装孕妈大罐装休闲零食营...,3??
沃隆旗舰店,沃隆每日坚果175g*4腰果混合果仁巴旦...,2??
天猫超市,觅菓竹韵赤红大坚果礼盒纯坚果高端商务节日...,3??
天猫超市,百草味低GI每日坚果纯坚果独立小包装休闲...,8?
天猫超市,良品铺子低GI每日坚果礼盒孕妇健康零食节...,1??
天猫超市,小憩一刻碧根果仁去壳长寿果干果320g坚...,9?
天猫超市,美荻斯超级脆每日坚果桶皇冠桶孕妇休闲零食...,2??
温州市乐清食品批发商行,徽之梦每日坚果仁腰果仁巴旦木干果蔓越莓干,2?
陌叶食品专营店,官方正品三只松鼠坚果大礼盒中秋节混合干果...,3??
松鼠优品食品,三只松鼠坚果零食大礼包夏威夷果年货炒货包...,2?
SM线上会员超市代购店,山姆烘烤混合坚果仁盐焗罐装代购开心果腰果...,2??
本善松鼠食品行,三只松鼠中秋坚果大礼包礼盒装干果送长辈高...,4??
棠品旗舰店,棠品每日坚果500g混合坚果干果果仁小包...,8?
好货严选工厂,洽洽每日坚果混合坚果小蓝袋黄袋益生菌孕妇...,1?
三只松鼠旗舰店,三只松鼠罐装每日坚果500g健康早餐解馋...,3??
官方国货甄选,纯每日坚果仁混合独小包装孕妇儿童专用0零...,2?
吃货嘟嘟零食商城,三只松鼠坚果零食大礼包巨型大箱生日礼物中...,1??
天猫超市,每果时光新疆纸皮大核桃仁新货原味熟烘焙坚...,8?
SM线上会员超市代购店,山姆每日坚果900g代购盒装混合坚果独立...,8?
国货严选旗舰,甘源缤纷豆果综合果仁坚果炒货每日混合干果...,1?
SAMM旗舰店,山姆正品代购每日坚果休闲孕妇健康零食下午...,6?
爆米乐食品专营店,三只松鼠零食大礼包坚果礼盒干果混合中秋团...,3??
天猫超市,农香森大颗粒带衣腰果新货坚果孕妇办公室营...,6?
新疆玖昌干果特产企业店,新疆特产干果坚果自选混搭礼盒大礼包来自新...,3?
赵铁生食品旗舰店,赵铁生坚果礼盒开心果腰果巴旦木龙眼多口味...,3??
天猫超市,每果时光紫皮大腰果仁新货盐焗原味干果带皮...,8?
狸三少旗舰店,年货坚果礼盒混合组合10斤散装干果大全零...,1?
线上会员代购店,山姆超市每日坚果礼盒混合果干会员店孕妇零...,2?
百草味甄礼专卖店,百草味中秋坚果礼盒零食大礼包送礼长辈领导...,5?
淘宝农场,每日坚果混合坚果仁7种坚果果干零食罐装腰...,7.??
臻味食品旗舰店,臻味高档坚果礼盒进口原料2370g干果大...,2??
三只松鼠烘焙旗舰店,三只松鼠每日坚果混合独立包装早餐健康休闲...,9?
天猫超市,【超市独家】沃隆每日坚果混合干果仁休闲零...,1??
MM卓越会员代购店,超市代购Members Mark越南进口...,1??
优质藏牛店,风干牛肉干内蒙古手撕麻辣西藏特产耗牛肉干...,1??
天猫超市,猫超臻选9成风干牛肉干蒙都内蒙特产高蛋白...,1??
春燕的特产店,四川手撕风干牛肉干500g阿坝西藏特产超...,1??
青藏特产合作社,青海风干牦牛肉干手撕风味散装零食内蒙古西...,5?
天猫超市,猫超臻选低盐风干牛肉干蒙都低脂高蛋白草原...,1??
sundry山萃旗舰店,中粮山萃风干牛肉干内蒙古特产孕妇零食手撕...,2??
小李的牛排课,IMOC小李的谷饲安格斯牛肉干牛脆脆牛薄...,2??
牧谣食品旗舰店,牧谣风干牛肉干原味非油炸独立小包装孕妇儿...,7?
山萃仁喜堂专卖店,中粮山萃牛肉干内蒙古风干特产手撕肉干送礼...,8??
巫小蛮旗舰店,扎实脂香巨解馋 巫小蛮肥瘦牛胸口脆片 酥...,2??
文友食品旗舰店,青海特产文友手撕牦牛肉高原藏区牦牛肉干五...,6?
天猫超市,草原今朝特干牛肉干风干牛肉160g内蒙特...,8?
文友食品旗舰店,文友风干牦牛肉五香麻辣青海特产风干藏式手...,9?
草原村旗舰店,草原村 风干牛肉干9成干超干正宗内蒙古特...,2??
蒙都旗舰店,蒙都手撕牛肉干内蒙古风干牛肉干草原500...,2??
郑新初旗舰店,网红无添加郑新初烤鲜牛肉辣牛肉干粒香辣麻...,5?
天猫超市,失重森林和牛薄脆薄切风干牛脆片牛脆脆牛肉...,9?
藏小哥旗舰店,藏小哥风干手撕牛肉干四川特产非内蒙古麻辣...,8?
阿坝牦牛肉干特产店,乡野草原牦牛肉正宗手撕牛肉粒香辣五香味青...,2?
青尚轩食品总店,风干牛肉干内蒙古特产手撕低盐开袋即食无添...,9?
天山果仓干果店,新疆手撕牛肉干现切风干牛肉干麻辣香辣五香...,9?
斡儿朵牛肉干,斡儿朵网红纯风干牛肉干内蒙古休闲独立真空...,1??
斡儿朵牛肉干,斡儿朵纯牛肉干风干内蒙通辽草原特产手撕5...,1??
焙鲜说旗舰店,【厂家直发】松口牛爆脆糖醋麻辣爆辣解馋零...,1??
岩柠旗舰店,农科院正宗内蒙古牛肉粒无添加官方旗舰店原...,3?
润泽内蒙特产商行,广发草原牛肉干清真牛肉内蒙古通辽特产,1??
小牛拉图旗舰店,小牛拉图内蒙古超干手撕风干牛肉干小吃零食...,1??
天天特卖工厂,拇指牛肉风干非手撕牛肉即低减健身解馋肥脂...,2?
牛犇犇特产,【买1送1】风干手撕耗牦牛肉干内蒙古四川...,2??
天猫超市,蒙时代超风干耐嚼牛肉干250g原味解馋磨...,1??
仙俏旗舰店,内蒙古风干牛肉干手撕正宗特产牛肉零食无添...,1??
天猫超市,蒙都牛肉干内蒙古风干牛肉低盐低脂休闲零食,1??
天一角食品旗舰店,天一角手撕五香牛肉干零食温州湖岭特产酱卤...,4??
蒙都旗舰店,蒙都风干牛肉干内蒙古超干牛肉干草原零食办...,3??
山萃仁喜堂专卖店,中粮山萃牛肉干内蒙古风干肉干特产零食送礼...,2??
天猫超市,蒙时代内蒙古特产风干牛肉干500g五香味...,1??
西藏林芝特产 藏林源,藏林源 西藏特产风干牦牛肉干美食手撕风干...,1??
老马草原官方企业店,老马草原炭烤牛肉干  250g起 内蒙古...,9?
疆瀚旗舰店,疆瀚新疆特产风干牛肉干250g/袋原味香...,7?
大牧场食品旗舰店,大牧场手撕牛肉干内蒙古风干官方旗舰店独立...,1??
优质藏牛店,内蒙古风干牛肉干减低肥脂解馋手撕休闲孕妇...,1??
斯琴妹子旗舰店,内蒙古风干牛肉干2斤正宗官方旗舰店特产手...,2??
雪域高原特产商行,正宗风干牛肉干西藏麻辣手撕牛肉干 500...,2??
天猫超市,农香森牛肉干内蒙古风味风干牛肉块手撕超干...,1??
官方国货甄选,官方旗舰店牛肉干内蒙古风干500g*2斤...,8?
草原达尔沁旗舰店,草原达尔沁正宗内蒙古手撕特超干风干牛肉干...,3??
炭食光食品旗舰店,炭食光内蒙古风干牛肉干正宗特产低减手撕脂...,1??
斯琴妹子旗舰店,【大克重500g】牛肉干内蒙古超干手撕风...,2??
RitterSPORT瑞特滋旗舰店,瑞特滋软心什锦口味夹心巧克力纯可可脂婚庆喜糖毕业礼零食进口,3?
启优西餐烘焙餐料行,法国进口可可百利白巧克力29%34%38%58%70%纯可可脂巧克力500g,1?
elletter旗舰店,Elletter德噜噜进口纯可可脂坚果黑巧克力榛子巴旦木草莓冻干零食,1??
瑞士莲食品旗舰店,Lindt/瑞士莲官方正品软心精选牛奶黑巧克力600g休闲零食,2??
露玉雅旗舰店,黑巧克力无蔗糖100%纯可可脂0脂代餐提神醒脑原装进口官方旗舰店,1??
LADERACH莱德拉旗舰店,莱德拉laderach半岛铁盒巧克力礼盒进口办公室零食生日教师节礼物,3??
诺梵旗舰店,诺梵松露巧克力礼盒装喜糖礼物休闲零食糖果送女友（代可可脂）,5?
东来品牌店,黑巧克力70以上正品纯苦黑巧可可脂健身伴侣100%休闲苦味解腻解馋,4?
RitterSPORT瑞特滋旗舰店,【1kg钜惠装 囤货优选】瑞特滋夹心巧克力喜糖批发量贩装德国进口,2??
godiva歌帝梵食品旗舰店,【中秋节礼物】godiva歌帝梵大师巧克力礼盒休闲办公室零食送女友,2??
天猫超市,士力架焦糖花生夹心巧克力400g*2桶学习运动充能量棒小零食喜糖果,9?
meiji明治官方旗舰店,meiji明治经典排块牛奶巧克力75g5盒黑巧纯可可脂独立小包分享装,5?
天猫超市,爱莲巧俄罗斯进口巧克力纯可可脂组合装独立小块方便拿取零食生巧,1??
良米家旗舰店,比利时进口巧克力送老师女友高端生日教师节礼物中秋礼盒2026新款,1??
腾芙食品专营店,德芙士力架花生夹心巧克力10斤整箱全家桶能量棒零食小吃年货糖果,9??
天猫超市,瑞士莲软心精选巧克力进口休闲零食糖果婚庆多种口味,2??
天猫超市,德芙尊慕巧克力高级3口味黑巧礼盒280g1盒教师节礼盒休闲零食糖果,1??
meiji明治官方旗舰店,meiji明治澳洲坚果巴旦木坚果燕麦夹心巧克力黑巧休闲装零食,5?
金旺巧克力,金沙巧克力夹心婚庆散装结婚喜糖果仁情人节烘焙蛋糕装饰,1?
旭泰源旗舰店,旭泰源皇姿彩色多味巧克力烘焙专用烘焙蛋糕装饰原料（代可可脂）,4?
天猫超市,爱莲巧俄罗斯进口牛奶巧克力25%可可盒装大头娃娃喜糖仪式感礼物,1??
天猫超市,爱莲巧俄罗斯牛奶榛子味巧克力排块纯可可脂25%可可入口丝滑喜糖,1??
天猫超市,费列罗榛果威化巧克力制品8粒100g*1盒喜糖教师节礼物礼盒零食,5?
pierremarcolini旗舰店,【中秋送礼】PM比利时小确幸榛果果仁坚果巧克力高端礼盒节日礼物,2??
天猫超市,Fedura费杜拉巧克力礼盒纯可可脂薄片黑巧克力排块礼盒装健,1??
aficion歌斐颂旗舰店,歌斐颂100%黑巧克力纯可可脂健身无添加蔗糖超苦零食烘焙网红58g,6?
王后面粉商用装官方店,嘉利宝巧克力500g-2.5kg比利时进口黑巧白巧豆币纯可可脂烘焙专用,8?
天猫超市,Kinder健达巧克力夹心牛奶巧克力制品20条装办公室休闲零食,4?
aficion歌斐颂旗舰店,歌斐颂70%/85%/90%黑巧克力多浓度组合运动健身零食备考考试礼物,8?
旭泰源旗舰店,【特红推荐】皇姿中国红圣诞红巧克力砖块1000g口感丝滑,5?
颖琳食小屋,【动漫同款/日本Meiji 明治雪吻限定浓厚小巧牛奶草莓口味巧克力,2?
海边的王姑娘 来自海岛的特产 海岛旅游网,威海特产｜无花果巧克力｜威海精品特产里口果园系列伴手礼,6.??
王后面粉商用装官方店,嘉利宝100%黑巧克力豆500g比利时原装进口纯可可脂块烘焙专用生酮,8?
天猫超市,【正品行货】Lindt瑞士莲进口特醇排装黑巧克力健身零食,6?
脆香米旗舰店,脆香米散装500g脆米心夹心巧克力休闲零食巧克力办公室解馋小吃,3?
越南特色零食店,越南原装代购ALLUVIA纯黑巧克力天然可可脂正品传统手工休闲特产,4?
姐妹烘焙屋,梵豪登嘉利宝黑/白巧克力砖香醇代可可脂烘焙用DIY巧克力砖1kg,3?
天猫超市,【正品行货】Lindt瑞士莲精选软心巧克力分享装糖巧优质可可,1??
天猫超市,【下拉领优惠】每日黑巧鲜萃黑巧吨吨装巧克力可可脂暑假零食礼物,2??
润泽轩食品专营店,德芙巧克力小巧粒丝滑牛奶香白浓黑结婚庆喜糖果零食混合散装批发,1??
爱普诗旗舰店,黑巧克力爱普诗官方瑞士进口纯可可脂健身休闲零食送礼120g罐装,9?
吃嘴猴零食铺,巧克力 雀岛牛奶巧克力大板 块砖大板块,3?
天猫超市,【中秋礼物】每日黑巧黑巧克力酸甜苹果干浆果燕麦120gAaaaapple,1??
将甜生活馆的小店50,澳洲feastables秘鲁Mr Beast野兽先生零食牛奶巧克力60g*10袋装,5??
爱普诗旗舰店,黑巧克力爱普诗瑞士进口纯可可脂微苦黑巧健康零食送礼罐装329g,2??
宏平烘焙,生日蛋糕装饰巧克力金条金币元宝祝寿财神婚庆喜糖摆件烘焙插件,9.??
点一点烘焙店,法国进口法芙娜巧克力豆纯可可脂52%60%耐烤高温入炉曲奇面包烘焙,1?
进口食品特卖会,9块Hershey'S好时巧克力30g 牛奶巧克力曲奇脆乐多巧克力零食整盒,4?
休闲农场旗舰店,休闲农场巧克力黑曲奇压缩饼干代餐零食干粮...,15.99
绿果心旗舰店,农科院小熊注心饼干小包装巧克力夹心饼干多...,50.80
绿果心旗舰店,无蔗糖饼干高纤九黑藜麦谷物饼干粗粮全麦五...,36.80
巧菱食品旗舰店,圆荣圆上海万年青饼干咸味葱香饼干网红办公...,36.60
恰咩食品旗舰店,台湾风味！香葱牛轧糖夹心饼干铁盒牛扎饼网...,88.00
忆潮食,潮汕特色南澳虾皮薄脆饼干海苔黑芝麻办公解...,25.00
rivsea禾泱泱旗舰店,【4件82折】禾泱泱鸡蛋酥酥饼软软饼 儿...,32.80
小羊森林旗舰店,小羊森林猴头菇小米脆酥性小饼干儿童脾胃休...,70.00
Saimans旗舰店,山姆代购鲜牛乳饼干官方正品代购动物造型儿...,59.00
宏玫瑰食坊,岩烧芝士脆饼干500克日式奶香轻薄九蔬脆...,49.60
天猫超市,奥利奥薄脆夹心饼干香草+草莓+蓝莓树莓味...,79.80
天猫超市,COSTA黑松露火腿苏打饼干360g独立...,42.90
天猫超市,猫超臻选猴姑饼干高蛋白高钙600g江中猴...,150.00
鲍师傅旗舰店,鲍师傅曲奇饼干三种口味盒装180g中秋送...,199.00
聪明小熊代购店,进口香港珍妮曲奇聪明小熊饼干640g四味...,109.00
天猫超市,伟龙万年青酥性饼干葱香咸味经典上海风味怀...,49.90
天猫超市,【进口】马奇新新积宝多密斯欢密斯饼干礼罐...,69.90
天猫超市,【胡兵推荐】格力高五红脆百奇巧克力味装饰...,59.90
小吃货零食Club企业店,本垒北海道苏打饼干奶盐木糖醇咸蛋黄味酥饼...,14.50
轻食兽旗舰店,轻食兽低GI饼干早晚餐代餐粗粮全麦饱腹下...,62.90
天猫超市,法丽兹巧克力曲奇饼干混合口味食品休闲零食...,29.90
聪明小熊代购店,香港珍妮曲奇聪明小熊饼干640g四味奶油...,109.00
天猫超市,猫超臻选燕麦咔咔脆太平薄脆饼干礼盒休闲零...,119.00
任跃食品专营店,彩虹日记海苔味小马米饼结婚订婚伴手礼喜事...,26.45
大物食养,台湾老杨咸蛋黄饼干方块酥咸味曲奇饼干小包...,34.80
天猫超市,闲趣薄脆饼干自然清咸休闲儿童零食咸味饼干...,36.90
葡记旗舰店,澳门葡记黄油小花曲奇饼干198g*3盒抹...,198.00
天猫超市,茶颜悦色干脆碱水面包丁休闲零食酥脆小饼干...,39.90
雪可滋食品旗舰店,雪可滋牛乳饼干北海道风味海盐咸味网红零食...,93.80
仟焙滋旗舰店,仟焙滋 纯牛奶卡通海盐星星童年饼干点心儿...,29.90
香轩食品专营店,盼盼梅尼耶干蛋糕面包干散装早餐奶酪饼干小,17.90
鲍师傅旗舰店,鲍师傅椰丝奶酥盒装可可奶酥脆脆奶酥饼干中...,49.00
Rene Little Bear旗舰店,香港小熊黄油曲奇饼干休闲零食送礼下午茶七...,158.00
摘其乐食品旗舰店,等位小零食整箱批棋牌室锅巴饼干火锅店休闲...,39.90
官方国货甄选,生椰拿铁饼干好吃的零食小饼干海盐芝士乳咖...,8.85
嘉顿食品旗舰店,【中秋礼盒】嘉顿家肥屋润礼盒1670g曲...,168.00
摘其乐食品旗舰店,马卡龙夹心饼干整箱批小包装曲奇饼干前台招...,19.90
香美客食品旗舰店,香美客苏打饼干菇菇珍好咸味海盐香葱无蔗糖...,19.90
麦皇朝食品,黑芝麻层层酥饼干薄脆老式整箱夹心饼干80...,24.00
东先食品专营店,法丽兹巧克力夹心曲奇饼干散装网红休闲零食...,72.50
楚信食品专营店,优乐麦干酪蛋糕鸡蛋饼薄脆饼干营养早餐充饥...,8.74
泰山娃食品官方店,泰山娃椰奶薄脆饼干零食散装多口味小吃休闲...,45.80
泰山娃旗舰店,泰山娃薄脆饼干食品休闲早餐零食小吃单独包...,49.90
淘工厂食品生鲜特卖场,比利时焦糖饼干蛋糕装饰早餐饼干风味休闲焦...,11.90
泰喜糖果店,喜饼整箱混合礼盒散装婚宴结婚专用喜事满月...,19.90
熙熙猴台味专卖店,无糖海盐苏打饼干孕妇咸味碱性胃酸小零食孕...,43.60
嘉顿食品旗舰店,嘉顿威化饼干礼盒512g巧克力柠檬多口味...,74.80
鸿伊妮旗舰店,香葱薄脆饼干整箱办公室零食早餐单独小包装...,29.90
谷语原焙面包,全麦面包0脂肪无糖精减低脂整箱粗粮早餐纯黑代餐饱腹食品吐司片,25.00
碧翠园官方旗舰店,碧翠园全麦欧包速食早餐减无添蔗糖手作代餐饱腹零食品夹心脂面包,32.10
玩铁猩猩旗舰店,玩铁猩猩爆料千层坚果厚切吐司全麦面包营养健康早餐代餐零食品,64.90
十月结晶官方旗舰店,十月结晶研食妈咪牛乳厚切吐司整箱孕妇营养早餐短保健康奶香面包,79.90
碧翠园官方旗舰店,碧翠园全麦坚果厚切吐司巧克力面包减0无蔗糖代餐零食脂早餐速食,17.70
BCPARK官方企业店,酵母蛋白全麦软吐司多口味面包高饱腹早代餐生巧抹茶零食解馋即食,33.30
节点旗舰店,手撕面包独立小包装全早餐麦整箱营养学生休闲小吃零食品整箱批发,36.80
BCPARK官方企业店,全麦星空莓野厚切吐司抹茶面包羽衣甘蓝蔓越莓坚果干黑巧健身轻食,33.30
天猫超市,碧翠园低脂肪奇亚籽全麦吐司0无添蔗糖面包健康早餐三明治短保,29.90
舒赞旗舰店,舒赞手工牛乳巧克力紫薯厚切吐司手撕面包整箱早餐三明治营养零食,49.80
天猫超市,碧翠园全麦软夹心欧包早餐减无添蔗糖手作代餐饱腹零食品脂面包,29.90
天猫超市,猫超臻选酵香老面包豪士速食代餐手撕面包学生早餐下午茶零食点心,30.00
嗨山姆先森帅猪专卖店,嗨山姆厚切牛乳吐司～专为儿童宝妈早餐速食手撕面包整箱,29.90
筱时候 手作烘焙,筱时候 软欧包手作法式夹心营养健康代餐早餐饱腹现做现发,19.90
七小七旗舰店,七小七儿童鲜奶黄油厚切吐司面包学生健康营养早餐整箱三明治零食,45.20
天猫超市,猫超臻选黄油厚切鲜奶吐司面包豪士速食代餐早餐下午茶小零食500g,31.90
洪淘旗舰店,山姆达藜麦无边吐司全麦面包低糖0脂早餐三明治零食官方旗舰店,28.70
优卓旗舰店,全麦面包坚果吐司粗粮旗舰店孕妇早餐类减无糖精非0脂肥专用官方,49.90
吃不胖星球,任选39.9元包顺丰手作欧包代餐面包碱水贝果不加蔗糖营养早餐,6.90
七年五季旗舰店,七年五季全麦碱水面包球减低早餐脂整箱无糖精代餐饱腹手作零食品,59.90
天猫超市,猫超臻选猪肉松戚风蛋糕手撕面包整箱营养早代餐健康休闲零食400g,39.90
国货严选旗舰,全麦面包纯0脂粗粮早代餐吐司早餐饱腹健身热量抗饿荞麦黑麦切片,12.30
荼眉间旗舰,厚切吐司全麦生牛乳面包片早餐整箱速食少糖低脂营养健康学生代餐,33.21
天天特卖工厂,香葱肉松卷面包整箱早餐蛋糕乳夹心三明治零食品香松爆浆好吃饱腹,9.90
天猫超市,【鸡蛋含量≥62%】泡吧黄金虎皮蛋糕面包整箱早餐夜宵零食糕点,29.90
吃不胖星球,酱酪墨鱼辣松松全麦欧面包健康营养早餐代餐手作烘焙不加蔗糖和油,19.00
天猫超市,猫超臻选全麦红豆椰香面包卷吐司豆沙糕点早代餐饱腹办公零食400g,19.90
淘工厂食品生鲜特卖场,手撕奶香面包早餐代餐糕点心休闲零食品整箱粗粮早餐专用食品,9.60
日加能食品旗舰店,日加能全麦碱水球面包轻食简餐早代餐高饱腹现做现发短保充饥欧包,59.90
好货严选工厂,牛乳厚切吐司面包巧克力手撕切片整箱早餐营养代餐奶香手工健康,14.90
天天特卖工厂,夹心早餐面包整箱吐司学生代餐食品特价营养乳酸菌抗饿零食批发,12.25
天猫超市,三只松鼠黄油牛乳厚切吐司1050g 混合口味早餐面包营养代餐下午茶,39.90
旅创人生泉州特产店,福建闽南老式三明治夹心面包怀旧80后油炸儿小时候的味道吐司早餐,9.80
虎小糯食品旗舰店,全麦面包0脂控无糖精黑麦代餐粗粮早餐营养低脂零食品欧包减吐司,56.20
颜小贝食品专卖店,颜小贝吐司面包整箱黄油厚切千层吐司营养健康早餐代糖早餐糕点,19.80
天悦莱旗舰店,【央妈推荐】牛乳千层吐司糕点手撕面包早代餐奶香健康零食整箱,14.20
天猫超市,三只松鼠蓝莓桑葚全麦谷物吐司早餐面包整箱营养粗粮代餐糕点零食,39.00
颜小贝旗舰店,颜小贝碱水面包棒低脂减0蔗糖饱腹代餐营养健康早餐面包整箱零食,15.80
淘宝农场,全麦面包坚果吐司厚切营养早餐整箱0减饱脂肥腹专用速食代餐健康,17.60
天猫超市,盼盼抹茶红豆千层吐司面包蛋糕点心小面包营养早餐休闲零食小吃,39.90
麦小饱旗舰店,【牛油果+奇异果】全麦早餐面包无糖精减0低脂肪肥饱腹代餐吐司,65.80
光合力量旗舰店,光合力量全麦面包减0低脂无糖精早餐代餐粗粮饱腹零食整箱吐司片,39.90
尚品食品专营店,满滋屋三明治速食洪瑞珍同款吐司代餐食品儿童冰淇淋日式面包早餐,108.75
官方国货甄选,星空莓野吐司全麦面包厚切营养健身代餐早餐面包办公室零食无蔗糖,16.00
老沧口旗舰店,老沧口手撕原味老面包100g*8袋拉丝牛奶营养健康早餐西式糕点零食,99.80
会员商城品牌店,全麦吐司面包羽衣甘蓝专用营养早餐减脂期低卡脂食物代餐主食轻食,35.90
遇见谷语,全麦面包0脂肪吐司片黑麦荞麦无糖精减粗粮早餐糕点代餐零食品,32.89
菜青虫食品旗舰店,全麦面包0脂肪无糖精黑麦低减代餐饱腹食品荞麦粗粮整箱早餐吐司,65.60
过亿才是起步,雅树无糖薄荷糖独立小包装商用零食批发酒店...,39.80
昕梦食品专营店,UHA悠哈奶糖味觉糖果散装特浓牛奶糖巧克...,29.90
tb9456511707,阿尔卑斯喜糖批发混合散装水果原味牛奶硬糖...,68.00
羊鼻公旗舰店,正宗羊鼻公官方百草梨膏糖润喉护嗓纯手工 ...,128.00
费列罗官方旗舰店,费列罗官方旗舰店臻品巧克力制品糖果礼盒3...,193.00
久久王食品专营店,酷莎圈圈薄荷糖无糖开业礼盒喜糖散装火锅酒...,49.00
沁晚香旗舰店,正宗麦芽糖纯手工无添加老式传统捏捏乐棒棒...,65.80
糖又糖食品专营店,阿尔卑斯混合水果味硬糖结婚喜糖散装批发婚...,59.90
RitterSPORT瑞特滋旗舰店,【1kg钜惠装 囤货优选】瑞特滋夹心巧克...,298.00
良品铺子旗舰店,良品铺子猪事顺利巨型零食大礼包整箱休闲生...,199.00
venchi闻绮旗舰店,【书形礼盒】Venchi鱼子酱状巧克力进...,245.00
天猫超市,脆香米小马宝莉造型牛奶巧克力棒棒糖12g...,100.00
嘎嘎猛严选,仟漾3d燃密码套盒糖果THSHYOR正品...,420.00
海边宽宽旗舰店,【海边宽宽旗舰店】海南椰浆椰脆糖糖果零食...,59.00
喜之郎官方旗舰店,喜之郎蒟蒻果汁果冻喜糖果魔芋批发散装结婚...,59.80
嘎嘎猛严选,蜜伊纤胶原蛋白肽果蔬压片糖果草本旗舰店密...,131.00
天猫超市,真知棒棒糖什锦水果味约60支540g*1...,38.90
醇然心动旗舰店,海亿kiss醇然心动无糖薄荷糖清新口气海...,48.80
灿燃轻体馆,澜脂草本果蔬压片糖果官方正品益生元果蔬粉...,135.00
钜记饼家澳门店,澳门手信特产钜记饼家原味花生脆糖/椰丝花...,58.00
任跃食品专营店,彩虹日记樱花白桃味夹心棉花糖结婚糖果订婚...,19.80
任跃食品专营店,徐福记喜事发发水果型果汁橡皮糖结婚订婚伴...,16.80
德芙官方旗舰店,德芙巧克力官方旗舰店喜糖6g订婚结婚伴手...,299.90
味蕾进口食品店,日本原装龙角散进口润喉糖颗粒糖粉末独立包...,20.60
西已喜礼,山姆喜糖成品礼盒含糖结婚糖果一包成品20...,4.69
PULADA朴拉达糖果,潘多拉日记黑加仑味夹心软糖紫色风格爆款结...,8.80
潘多拉日记食品旗舰店,GINMAR金玛全系列混合味糖果结婚喜糖...,19.80
天猫超市,妙伯乐5果VC风车糖儿童棒棒糖无添加蔗糖...,39.00
PULADA朴拉达糖果,PULADA朴拉达草莓炼奶味棒棒糖喜糖婚...,8.80
潘多拉日记食品旗舰店,潘多拉日记荔枝味水果夹心硬糖结婚喜糖婚糖...,8.80
meiji明治官方旗舰店,meiji明治小糖果系列三角包草莓青提味...,50.00
天猫超市,费列罗榛果威化巧克力制品8粒100g*1...,59.00
吉量食品专营店,德国比得兔水果糖混合水果味婚礼伴手礼扁罐...,48.00
食味全,印尼foxs水晶糖四季茶水果糖硬糖糖果网...,19.00
PULADA朴拉达糖果店,潘多拉日记荔枝味夹心硬糖爆款结婚喜糖高颜...,8.80
西已喜礼,山姆喜糖成品礼盒含糖结婚糖果婚糖高级混合...,4.65
PULADA朴拉达糖果店,GINMAR金玛全系列混合味糖果结婚喜糖...,19.80
长通旺食品专营店,DANMAS丹玛仕混合口味试吃糖果软糖硬...,16.80
嘉顿食品旗舰店,嘉顿草莓味利是糖果经典喜糖230g*2散...,98.00
芸徙食品专营店,大白兔奶糖礼盒12种混合口味团购糖果教师...,79.80
贤胖胖韩食屋,金智秀同款PerlediSole意大利柠...,39.90
芸徙食品专营店,上海大白兔奶糖12种口味混合散装圣诞节糖...,39.90
五月清茫,大马碧富海盐咸柠檬糖薄荷青柠马来西亚hi,34.00
润泽轩食品专营店,德芙巧克力小巧粒丝滑牛奶香白浓黑结婚庆喜...,199.90
加拿大棒棒糖,加拿大原装进口枫糖浆太妃糖雪上糖果枫叶棒...,19.80
百达食品旗舰店,百达劲跳糖儿童跳跳糖爆炸糖大颗粒商用礼物...,17.80
葡记旗舰店,【澳门葡记什锦坚果仁糖158g】太妃糖坚...,99.00
茹佳美味食品,2023网红星空棒棒糖高颜值糖果礼盒装送,13.80
滇二娃旗舰店,滇二娃农科院贵州特产麻辣土豆片休闲食品网...,45.90
劳仑兹旗舰店,Lorenz劳仑兹德国进口原切薯片网红零...,69.90
久亿食品专营店,上好佳鲜虾片虾条薯片50包儿童年货零食大...,24.80
盼盼食品官方旗舰店,盼盼家庭号薯片虾条超大包办公室解馋休闲零...,19.80
天猫超市,乐事北海道奶香焗烤口味薯片网红凑单零食品...,50.00
天使食品旗舰店,天使土豆片椒香麻辣味薯片大袋装包邮80后...,29.90
天猫超市,品客薯片三连罐110g*3罐原味/酸乳酪...,49.90
天使食品旗舰店,天使土豆片100g*20袋大包装装椒香麻...,168.00
远方好物优选,远方的梦想非油炸亚麻籽原味薯片儿童健康零...,26.50
ORION好丽友食品旗舰店,好丽友好友趣薯片韩国泡菜火鸡面有趣蜂蜜黄...,39.00
天猫超市,滇二娃农科院云南特产麻辣土豆片51*3包...,19.90
甜蜜物语食品店,Pringles品客薯片110g罐装混合...,28.90
和裕食品专营店,小王子薯片整箱批发超大包散装论斤称紫薯黄...,11.00
天猫超市,Pringles/品客薯片原味/酸乳酪洋...,49.90
甜心进口零食商城,墨西哥进口乐事原味薯片163gx3罐无限...,28.00
喜铺伴手礼用品批发,好丽友薯愿薯片小包装宝宝周岁生日结婚订婚...,2.50
福满满食品工坊,乐事薯片70g袋装休闲追剧解馋零食大礼包...,30.12
名秀源食品专营店,麻辣土豆片云南特产波浪薯片洋芋片酒吧KT...,88.00
小王子旗舰店,小王子薯片整箱批发散装称斤4斤网红休闲零...,68.90
小火猪猪,乐事薯片70克飘香麻辣锅味土豆切片香辣味...,28.80
第三空间食品,乐事薯片70g/袋大包装热门膨化食品办公...,18.12
天猫超市,【宋雨琦推荐】Lay's/乐事薯片原切袋...,29.90
百味千寻零食臻选,滇二娃高原土豆片麻辣香辣黑松露和牛味原味...,21.90
颖点食品专营店,上好佳零食大礼包鲜虾片薯片大包零食小吃整...,199.90
好味聚美食,乐吧薯片小脆薯片非油炸硬脆饼干麻辣味番茄...,14.90
大自然特产商城,俄罗斯进口薯片长条薯片阿斯顿迈咔多口味非...,19.80
小火猪猪,乐事薯片见手青口味新口味云南限定所有口味...,23.80
百味千寻零食臻选,滇二娃农科院联合研发薯片土豆片32g*1...,17.90
阿老表美食店,土豆片云南贵州特产麻辣味薯片解馋办公室追...,8.00
泰司食品专营店,乐事无限薯片104g大罐青柠黄瓜原味薯片...,33.62
贵州特产美食集中赢,贵州特产土豆片麻辣味即食原切马铃薯薯片解...,18.80
优华食品专营店,乐事薯片104g大罐无限黄瓜原味薯片膨化...,122.80
乐事旗舰店,乐事薯片原切薯片零食休闲小吃食品解馋零食...,39.90
朱大哥食品专营店,长沙金粒门官方旗舰店基本薯片零食特产新鲜...,18.00
颖琳食小屋,美版Prinles品客薯片美国进口158...,59.00
温州渔人小院,盐津铺子非油炸薯片海苔烤肉番茄青瓜小包装...,15.80
好丽友至梵专卖店,好丽友好友趣薯片韩国泡菜味45g*10袋...,15.00
吃点好的进口零食商城,5袋德国进口劳仑滋原切薯片海盐椒盐味办公...,38.00
萌萌零食,【2026世界杯联名】乐事薯片FIFA联...,21.80
顺腾食品专营店,厚切薯片土豆片黄油甜辣芝士黑松露原切办公...,49.90
乾盈食品专营店,好丽友好友趣薯片45g韩国泡菜味零食蜂蜜...,20.00
弘韵零食商城,Calbee卡乐比日式咖喱味薯片期间限定...,7.80
云南好吃佬食品,1公斤薯片云南贵州特产麻辣土豆片小吃炸土...,27.38
蓝缇食品,品客薯片马来西亚进口洋葱味罐装混合口味膨...,14.80
云翔食记,【官方正品】乐事薯片12g迷你小包装整箱...,14.95
弘韵零食商城,韩国进口海太CHiiKAWA联名款蜂蜜黄...,48.80
乐事旗舰店,乐事原切薯片小吃休闲食品零食小吃超级好吃...,59.90
泰司食品专营店,乐事薯片大包超大70g*10袋装原味黄瓜...,33.70
qinqin亲亲旗舰店,亲亲果肉果冻一整颗橘球鲜剥整个番茄爆汁水果冻儿童小零食0脂肪,59.90
小羊心选滋补养生旗舰店,羊爸爸陈皮麦芽吸吸果冻儿童小包装健康零食小吃解馋学生可吸果冻,36.25
天猫超市,喜之郎Cici可吸的果冻爽椰果粒果汁饮料儿童零食0脂小吃水果味,17.90
优痩身正品,西米优冻新品咖啡畅妍饮果冻升级版带防伪码可查实体店发货,49.90
天猫超市,喜之郎Cici椰果粒果冻爽150g*20支儿童零食小吃可吸的果冻饮料,59.90
灿燃轻体馆,纤之魅so果冻soso果饮酵素大SO脂果冻,155.00
酵素果冻批发代理,微商同款正品俏韵诗菁华果冻复合果蔬能,35.00
喜之郎官方旗舰店,喜之郎Cici果汁果冻爽吸的果冻吸葡萄味0脂肪休闲魔芋零食大礼包,34.80
爷爷不泡茶旗舰店,爷爷不泡茶 初恋青提吸吸冻 可吸果冻挤食0脂肪休闲解馋儿童零食,23.40
壹利源   川渝特产,喜之郎果冻6种味水果味果冻小吃果汁乳酸果冻10斤整箱小果冻零食,18.80
挚爱永恒喜铺,喜之郎蜜桔龙眼芒果菠萝苹果黄桃味果肉果冻混合整箱新年儿童零食,18.58
益生元臻品直播店,【15盒】官方聚润福益生元酵素果冻加强版果冻卡曼橘聚尚福旗舰店,26.90
唯叮食品专营店,喜之郎蒟蒻果冻果汁魔芋解馋好吃小零食果冻休闲吸冻散装批发团购,68.00
喜之郎官方旗舰店,喜之郎蒟蒻果汁果冻0脂散称批发量贩魔芋喜糖伴手礼批发量贩零食,26.20
唯叮食品专营店,喜之郎果冻360g约14杯果汁果肉什锦乳酸六一儿童节零食休闲分享,68.00
贵州好物工厂,色尖 贵州特产刺梨冻500g 刺梨果冻健康零食分享装伴手礼品小零食,19.90
天天特卖工厂,喜之郎果冻家有喜事蒟蒻喜糖0独立小包装结婚伴手礼婚礼婚庆袋装,26.00
昔宝食品专营店,蒟蒻果冻喜事0脂解馋独立包装高颜值伴手礼儿童果汁果冻喜糖好事,19.90
益勋商贸企业店,不二家吸吸果冻儿童节下午茶享散装批发婚庆生日伴手礼零食囤货,89.00
蜡笔小新食品旗舰店,蜡笔小新420g一整颗果肉果冻草莓大果冻水果儿童零食礼盒装礼物,99.00
Coupon 洋行,佳达拖肥椰果肉果冻90后怀旧小时候的儿童夏天休闲零食小吃托肥,7.40
淘宝农场,喜之郎散装500g蒟蒻果冻魔芋解馋好吃小零食休闲吸吸冻小包装荔枝,12.90
蜡笔小新食品旗舰店,蜡笔小新420g一整颗荔枝果肉果冻水果青提草莓果冻礼盒儿童小零食,49.91
福建美食批发,喜之郎果肉果冻散装10斤装整箱13种混合口味儿童休闲零食5斤果冻,96.00
喜上喜食品专营店,喜之郎蒟蒻果冻0脂肪果汁大人小孩儿童解馋过年糖果零食散装批发,6.80
流浪熊食品专营店,喜之郎果肉果冻散装10斤装整箱13种混合口味儿童零食5斤果冻,71.60
麦番食品专营店,溜溜梅天然梅冻500g散装天然青梅蒟蒻果冻旗舰店同款休闲零食批发,18.13
荟盛食品企业店,喜之郎果肉果冻散装混合口味乳酸学生儿童休闲日常零食实惠大包装,71.60
福建美食批发,喜之郎果肉果冻10斤整箱大包装儿童休闲零食多种口味散装乳酸果冻,185.60
小畅食品饮料批发,蜡笔小新2kg巨型鲜Q果冻爽超大可吸吸果冻葡萄味网红零食果汁果冻,47.60
樱桃小丸子食品旗舰店,樱桃小丸子果冻零食儿童生日大礼包网红礼物适合中秋摆台小吃甜品,69.90
翠燕欧旗舰店,升级款蒟蒻果冻可解馋小包装果冻儿童零食小吃箱大礼包官方旗舰店,22.90
好货严选工厂,金银花柚子汁果味果冻0添加果汁布丁儿童零食正品散装批发整箱,15.80
溜溜梅旗舰店,【下拉详情领补贴】溜溜梅梅冻nfc果浆蒟蒻吸吸果冻休闲零食小吃,19.90
招财猫食品专营店,不二家吸吸果冻可吸果冻组合幼儿园生日伴手礼儿童节分享小零食,19.90
招财猫食品专营店,不二家吸吸果冻多口味可吸果冻喜事伴手礼幼儿园下午茶分享小零食,30.00
zuo一下旗舰店,zuo一下屁桃果汁型可吸果冻爽0脂益生元添加椰果粒休闲零食100g,86.90
樱桃小丸子食品旗舰店,樱桃小丸子果冻零食儿童生日大礼包网红甜品宝宝礼物中秋布甸摆台,39.00
喜之郎昇扬专卖店,喜之郎蒟蒻果汁果冻吸魔芋0脂肪儿童解馋零食小吃休闲食品团批发,9.80
夏目友人旗舰店,夏目友人 蒟蒻果冻0脂健康小零食可吸果冻散装喜糖儿童节礼物,17.90
虹食仔旗舰店,混合蒟蒻果冻小包装果冻儿童零食小吃整箱追剧解馋官方旗舰正品,12.84
inahome旗舰店,金银花柚子汁果冻儿童健康小零食休闲野餐追剧浓缩柠檬梨汁清润甜,21.60
天天特卖工厂,吸吸果冻儿童可摇摇冻网红休闲小零食椰果蒟蒻果粒小吃低卡七夕,5.99
昕梦食品专营店,草莓熊益生菌蒟蒻果冻儿童休闲零食吸吸冻幼儿园袋装61儿童节零食,16.80
zuo一下旗舰店,zuo一下屁桃果冻萌粒盲盒袋潮玩周边0脂蒟蒻儿童水果爆珠果冻零食,89.90
绿果心旗舰店,蒟蒻果冻零食小吃茶冻可吸果冻代餐解馋好吃休闲零食官方旗舰店,30.80
喜上喜食品专营店,喜之郎果冻果肉什锦乳酸味儿童解馋休闲办公小零食散装一整箱批发,9.90
特产美食店1,什锦果冻大杯180g大碗清凉椰果肉橙子水果味果冻零食蒟蒻果冻整箱,6.80
好利来官方旗舰店,好利来半熟芝士原味奥巧奶酪乳酪蛋糕送女友礼物零食糕点食品早餐,7?
沪小贝品牌工厂店,沪小贝奥利奥风味双层乳酪芝士慕斯蛋糕冷冻商用蛋糕西式甜品糕点,8?
碧翠园官方旗舰店,碧翠园泥巴派巧克力蛋糕减健康零食脂抹茶可可夹心下午茶代餐甜品,3?
碧翠园官方旗舰店,碧翠园巧克力泥巴派蛋糕抹茶零食可可粉蓝莓夹心糕点甜品早餐面包,3?
滋百味食品店,铁罐子蛋糕动物奶油可可巧克力蓝莓奥巧抹茶开心果千层盒子蛋糕点,3?
天猫超市,碧翠园泥巴派草莓黑巧克力夹心蛋糕短保下午茶点心零食早餐面包,3?
巧师傅食品店,铁罐子蛋糕动物奶油可可巧克力奥巧蓝莓抹茶千层甜品慕斯盒子蛋糕,3?
阿沐沐,【现货】日本东京香蕉奶油蛋糕TOKYO BANANA甜品进口零食点心礼盒,3?
碧翠园食品旗舰店,巧克力泥巴派脏脏蛋糕抹茶零食蓝莓可可mct黑巧夹心网红爆款代餐,4?
味哆哆休闲食品店,铁罐子蛋糕动物奶油奥巧蓝莓抹茶开心果巧克力千层慕斯盒子蛋糕点,3?
甜丫丫烘培零食店,芋泥千层蛋糕动物奶油爆浆草莓榴莲抹茶榛子巧克力生日甜品点六拼,2?
滋百味食品店,脆皮梦龙毛巾卷奥巧夹心碎黑巧克力动物奶油下午茶盒子蛋糕甜品点,4?
好味多休闲食品店,铁罐子蛋糕动物奶油抹茶开心果巧克力千层盒子奥巧蓝莓奶酪甜品点,3?
壹米汀蛋糕研究所,夏上新 壹米汀芒果百香果慕斯蛋糕 冷冻蛋糕商用甜品安佳动物奶油,9?
BCPARK官方企业店,巧克力泥巴派可可黑巧蓝莓夹心糕点网红甜品健康点心脏脏抹茶蛋糕,4?
新味觉烘焙甜品店,铁罐子蛋糕动物奶油奥巧克力蓝莓抹茶开心果千层慕斯盒子蛋糕甜点,3?
奶吉诞旗舰店,奶吉诞正品官方旗舰店磅蛋糕盒子罐子黄油抹茶零食法芙娜巧克力,3??
熊治旗舰店,【任选5罐】熊治罐子蛋糕奶油罐罐甜品休闲零食盒子蛋糕,1??
BCPARK官方企业店,泥巴派巧克力蛋糕代餐可可粉草莓夹心点心健康糕点下午茶解馋零食,4?
味哆哆休闲食品店,榛子巧克力千层蛋糕大颗粒可可爆浆网红下午茶生日甜品点榴莲芋泥,4?
壹米汀蛋糕研究所,壹米汀粉芭乐慕斯蛋糕 冷冻蛋糕商用 咖啡厅甜品 安佳动物奶油,9?
巧师傅烘焙甜品店,芋泥千层蛋糕草莓抹茶榴莲榛子巧克力六拼网红生日甜品下午茶零食,3?
零点食客休闲食品店,六拼千层蛋糕动物奶油榛子巧克力爆浆榴莲芋泥抹茶网红生日甜品点,3?
甜丫丫烘培零食店,铁罐子蛋糕动物奶油抹茶开心果可可巧克力奶酪罐子下午茶千层盒子,3?
AQIN阿钦旗舰店,AQIN阿钦罐子蛋糕巧克力抹茶奶酪盒子千层慕斯甜品网红零食小蛋糕,8?
甑选网红零食铺,哈哈喜哈哈巴氏鲜牛乳蛋糕1000g云朵鸡蛋糕面包即食代餐营养早餐,3?
天猫超市,猫超臻选猪肉松戚风蛋糕手撕面包整箱营养早代餐健康休闲零食400g,3?
舞动舌尖舰店,手工甜点达人|多种口味芋泥蛋糕口感醇厚,3?
信达冷冻甜品,瑞士卷网红爆款早餐蛋糕零食甜品宿舍摆摊专用整箱即食网红甜品,1??
熊治旗舰店,任选5罐更划算】熊治罐子蛋糕罐装奶油小罐盒子甜品慕斯网红,3?
信达冷冻甜品,网红爆款慕斯布丁蛋糕甜品点心卡通兔造型摆摊商用批发自助餐摆盘,1??
好味多休闲食品店,白脱奶油蛋糕小时候老式硬奶油经典裱花生日蛋糕动物黄油甜品糕点,4?
思味特美美食店铺,半熟芝士双味奥巧奶酪乳酪蛋糕零食糕点心礼盒下午茶甜品送男女友,3?
知觅食品,千层蛋糕动物奶油网红爆款草莓榴莲巧克力抹茶六拼生日甜品下午茶,2?
巧师傅线上折扣店,六拼千层蛋糕动物奶油榴莲巧克力芋泥草莓抹茶奥li奥生日蛋糕甜品,2?
巧师傅烘焙甜品店,巧师傅大颗粒榛子巧克力千层蛋糕动物奶油网红爆浆下午茶生日甜品,7?
麦田坊旗店,豆乳盒子千层蛋糕网红慕斯甜品点心爆浆奶油提拉米苏草莓榴莲食品,1?
麦田坊旗店,铁盒罐子蛋糕动物奶油千层甜品巧克力抹茶蓝莓奥li奥慕斯盒子零食,3?
蒂利休斯食品店铺,网红瑞士卷慕斯蛋糕500克盒冷餐茶歇下午茶点甜品宴会自助餐包邮,2??
开心森进口酱料店,MORISCA印尼千层糕365g 浓郁榴莲斑兰风味脱水蛋糕传统糕点下午茶,3?
稻香村官方旗舰店,稻香村拿破仑糕点蛋糕营养早餐零食奶油面包充饥点心休闲小吃美食,8?
绿扰扰旗舰店,冰山熔岩巧克力蛋糕网红甜品纯可可脂蛋糕礼盒520礼物送女友零食,1?
巧师傅食品店,巧师傅四拼千层蛋糕动物奶油榴莲巧克力草莓提拉米苏生日蛋糕甜品,7?
巧师傅线上折扣店,甜甜甜~！树莓开心果抹茶铁罐子蛋糕下午茶糕点,3?
淘淘乐西点,顺丰西式蛋糕三角慕斯甜品西点提拉米苏摆摊小块点心茶歇宴会自助,2??
半糖主义甜品店,爆浆毛巾卷蛋糕网红动物奶油现做现发甜品草莓蓝莓奥利奥糕点零食,2?
平野村食品旗舰店,平野村泰式咸法酪千层条礼盒冰激凌口感纯动物奶油甜品蛋糕下午茶,8?
莓子甜品甜蜜社,铁盒包装开心果千层蛋糕 巧克力抹茶芒果芋泥点心甜品 动物奶油,6?
天猫超市,0荞麦低脂辣条豆干豆皮豆卷面筋辣棒素牛筋...,2?
天猫超市,开小差油泼辣子辣条10包,1?
天猫超市,缺牙齿素牛肚魔芋辣条香辣味变态辣零食魔鬼...,1?
天猫超市,飞旺湖南辣条大礼包干烧麦片臭干子辣片80...,3?
天猫超市,三只松鼠辣卤大礼包35小袋肉类夜宵小吃荤...,1?
好味聚美食,斑马肉辣条牛筋儿时怀旧辣片面筋麻辣豆干网...,2?
天猫超市,宇仔大长筋辣条香辣解馋怀旧休闲小零食80...,3?
tb2596246561,周氏辣片湖南特产周氏兄弟小辣片香辣片香油...,2?
好味聚美食,超长一根筋辣条很长一根的素牛筋大长筋香面...,2?
天天见零食汇,500g邬辣妈豆卷辣条很麻很辣零食小吃休...,1?
西北老农枸杞特产店,怀远一品辣条宁夏银川清真食品纯手工麻辣条,2?
顺腾食品专营店,网红麻辣酒鬼青豆脆骨辣条手撕大刀肉809...,1?
一口快乐,8090怀旧零食童年经典功夫棒辣条辣片一...,9.??
卫道秀洛婷专卖店,家城沙嗲素牛肉干怀旧辣条牛肉粒儿时经典校...,1?
益源食品,钟芹辉火辣面霸辣条童年儿时怀旧小零食金丝...,6.??
天天见零食汇,湖南特产飞旺辣条武汉八宝里青丝怀旧5毛钱...,8.??
百味千寻零食臻选,麻辣王子辣条散称零食品小吃微麻微辣儿时怀...,2?
樱耀尚食品旗舰店,湘扬农庄平江大辣片手斯吮指辣条湖南豆皮香...,1?
哆味多食府,90后怀旧零食网红大礼包整箱辣味经典辣条...,2?
珍德有食品企业店,源氏烤豆皮散装称重火爆大辣片怀旧零食手撕...,2?
伊可唯食品旗舰店,麻辣香菇豆干过年小包装零食豆腐干辣条休闲...,1??
天天特卖工厂,素龙虾辣条儿时经典零食小包装麻辣龙虾童年...,9.??
悠津食品专营店,卫龙小面筋辣条独立小包装礼包独立包装儿时...,9?
嗨吃客食品,卫龙亲嘴豆皮大面筋辣条棒香辣麻酱味火锅素...,4?
佳龙旗舰店,佳龙台式素香肠小包装辣条零食儿时怀旧80...,4?
天猫超市,麻辣王子地道麻辣味辣条正宗四川麻辣很麻很...,3?
双仔食品旗舰店,双仔牛筋传说辣条经典素牛筋怀旧香辣解馋休...,2?
官方国货甄选,卫龙辣条亲嘴烧零食经典香辣100片散装大...,1?
顾湘食品企业店,顾湘干巴棒 香辣丝干辣条90后儿时怀旧小...,2?
顾湘食品企业店,李星星棒棒牛辣条大辣棒面筋8090后怀旧...,1?
嘟嘟嘴食品特惠,儿时怀旧麻辣片辣条大辣片湖南爱国辣得欢香...,1?
偶哥食品专营店,周再德香油条大包周氏湖南辣条148g儿时...,6.??
辣条馆长食品专营店,麻辣王子鹅鸭杀联名辣条网红爆款小零食大礼...,1?
好货严选工厂,飞旺麻辣条零食臭干子辣条网红爆款怀旧休闲...,9.??
广连盛旗舰店,辣条大礼包8090后儿时怀旧麻辣小零食小...,5?
淘宝农场,盐津铺子手撕素肉素牛排香辣味豆腐干辣条休...,1?
思乡山食品官方店,思乡山素牛蹄筋辣条香辣花边波浪形面筋童年...,7.??
官方国货甄选,辣条大礼包8090后儿时怀旧小零食的童年...,9.??
麻辣王子旗舰店,麻辣王子辣条吃货零食大礼包麻辣解馋小零食...,1?
豆小哥食品专营店,赛一小包手工辣条组合香辣办公室解馋零食小...,6?
好食力零食店,川辣牛肉棒味老式长辣条90回忆童年儿时经...,7.??
诚诚食品专营店,嘴巴香辣条小辣片80后怀旧零食小时候的麻...,9.??
豆有味旗舰店,【豆有味】素牛蹄筋花边大浪卷辣片辣棒辣条...,7.??
思乡山食品官方店,(七种口味)豆有味素牛板筋麻辣凉皮小吃辣...,7.??
星雅品旗舰店,麻辣混合辣条大礼包五毛钱的90后儿时怀旧...,3?
玉峰食品旗舰店,玉峰双胞胎香辣条网红爆款小零食大礼包儿时...,3?
麦芋食品旗舰店,新包装宇仔大长今辣条172g/18g大长...,2?
百川香铛铛旗舰店,香铛铛辣条酒鬼手撕妈咪牛肉5角包8后怀旧...,3?
天猫超市,觅菓原味大混合坚果仁营养补硒增钙孕妇零食...,2??
天猫超市,臻味鲍鱼果南美洲进口鲍鱼果原料巴西坚果仁...,5?
科旭食品专营店,三只松鼠坚果礼盒中秋节礼品送礼长辈团购高...,3??
亲亲休闲食品,新货陆哥巴西松子500g 精选进口手剥松...,1??
沃隆旗舰店,沃隆混合纯坚果2斤装孕妈大罐装休闲零食营...,3??
沃隆旗舰店,沃隆每日坚果175g*4腰果混合果仁巴旦...,2??
天猫超市,觅菓竹韵赤红大坚果礼盒纯坚果高端商务节日...,3??
天猫超市,良品铺子低GI每日坚果礼盒孕妇健康零食节...,1??
木雷旗舰店,良品铺子坚果零食礼盒金秋送福混合坚果年货...,1??
天猫超市,新边界原味脱衣大核桃仁300g新疆特产阿...,4?
新农哥旗舰店,新农哥大颗粒紫皮腰果500g罐装原味坚果...,1??
徽芸四海干果美食店,土耳其开心果无添加原色新货500g孕妇盐...,2??
枣阿布旗舰店,枣阿布原味腰果330g特级自然成熟腰果仁...,1??
温州市乐清食品批发商行,徽之梦每日坚果仁腰果仁巴旦木干果蔓越莓干,2?
良品铺子旗舰店,良品铺子8罐纯坚果礼盒零食大礼包干果中秋...,9??
隆意辉旗舰店,央妈推荐！坚果每日一包独立包装每日坚果官...,3?
天猫超市,小憩一刻碧根果仁去壳长寿果干果320g坚...,9?
陌叶食品专营店,官方正品三只松鼠坚果大礼盒中秋节混合干果...,3??
松鼠优品食品,三只松鼠坚果零食大礼包夏威夷果年货炒货包...,2?
SM线上会员超市代购店,山姆烘烤混合坚果仁盐焗罐装代购开心果腰果...,2??
天猫超市,美荻斯超级脆每日坚果桶皇冠桶孕妇休闲零食...,2??
首食食品专营店,臻味坚果礼盒环球优选干果零食大礼包春节员...,2??
锦双彬旗舰店,农科院丨每日坚果独立包装0添加混合果仁孕...,2??
孕味食足旗舰店,孕味食足孕妇零食坚果怀孕期能吃的混合每日...,1??
长珩食品专营店,三只松鼠坚果礼盒夏威夷果中秋送礼零食大礼...,7?
春江月食品旗舰店,春江月纯坚果高端礼盒中秋送礼高档送长辈罐...,4??
御坚果旗舰店,御坚果原味巴西坚果补硒正宗鲍鱼果仁富硒沙...,3??
珍纳春旗舰店,农科院山核桃仁26年新货野生官方旗舰店孕...,1??
鼎贞食品专营店,三只松鼠坚果中秋礼盒零食大礼包整箱干果礼...,1??
三只松鼠甄礼专卖店,三只松鼠坚果礼盒中秋节礼品送长辈领导混合...,9?
沃隆滋味家,沃隆每日坚果大队长750g独立小包装混合...,1??
百果园食品旗舰店,【百果园】巴旦木仁罐装新鲜原味无添加杏仁...,6?
疆阿伯旗舰店,顺丰新货高端坚果礼盒装红色礼盒多种混合坚...,2??
新疆玖昌干果特产企业店,新疆特产干果坚果自选混搭礼盒大礼包来自新...,3?
天猫超市,农香森大颗粒带衣腰果新货坚果孕妇办公室营...,6?
吃货嘟嘟零食商城,三只松鼠坚果零食大礼包巨型大箱生日礼物中...,1??
SM线上会员超市代购店,山姆每日坚果900g代购盒装混合坚果独立...,8?
线上会员代购店,山姆超市每日坚果礼盒混合果干会员店孕妇零...,2?
官方国货甄选,纯每日坚果仁混合独小包装孕妇儿童专用0零...,2?
本善松鼠食品行,三只松鼠中秋坚果大礼包礼盒装干果送长辈高...,4??
爆米乐食品专营店,三只松鼠零食大礼包坚果礼盒干果混合中秋团...,3??
千牛花食品专营店,三只松鼠坚果礼盒新年中秋礼品盒送礼长辈干...,8?
天猫超市,洽洽小黄袋每日纯坚果750g混合果仁休闲...,1??
天猫超市,猫超臻选爆卖100w+越南A180紫皮腰...,9?
LUMIVEE旗舰店,诸暨枫桥老树香榧坚果开口2025年新货官...,3??
国货严选旗舰,紫皮大腰果仁坚果带衣500g越南特产孕妇...,2?
西域皇后旗舰店,西域皇后坚果礼盒尊享款12袋/4000g...,1??
国货严选旗舰,甘源缤纷豆果综合果仁坚果炒货每日混合干果...,1?
优质藏牛店,风干牛肉干内蒙古手撕麻辣西藏特产耗牛肉干...,1??
天猫超市,猫超臻选9成风干牛肉干蒙都内蒙特产高蛋白...,1??
天猫超市,【下拉享优惠】蒙都9成干风干牛肉干内蒙特...,8?
天猫超市,猫超臻选低盐风干牛肉干蒙都低脂高蛋白草原...,1??
天猫超市,失重森林和牛薄脆薄切风干牛脆片牛脆脆牛肉...,9?
天猫超市,草原今朝约9成干特干牛肉原味160g*1...,8?
文友食品旗舰店,青海特产文友手撕牦牛肉高原藏区牦牛肉干五...,6?
郑新初旗舰店,网红无添加郑新初烤鲜牛肉辣牛肉干粒香辣麻...,5?
青尚轩食品总店,风干牛肉干内蒙古特产手撕低盐开袋即食无添...,9?
文友食品旗舰店,文友青海特产风干牦牛肉干藏式手撕牛肉干开...,9?
蒙都旗舰店,蒙都手撕牛肉干内蒙古风干牛肉干草原500...,2??
阿坝牦牛肉干特产店,乡野草原牦牛肉正宗手撕牛肉粒香辣五香味青...,2?
斡儿朵牛肉干,斡儿朵网红纯风干牛肉干内蒙古休闲独立真空...,1??
天山果仓干果店,新疆手撕牛肉干现切风干牛肉干麻辣香辣五香...,9?
藏小哥旗舰店,藏小哥风干手撕牛肉干四川特产非内蒙古麻辣...,8?
姑娘追旗舰店,新疆姑娘追手撕风干牛肉干1000g特产原...,3??
阿坝牦牛肉干特产店,正宗手撕牛肉干五香麻辣味整条独立包装四川...,4?
甄尚美居官方企业店,内蒙古特产牛肉干手撕牛肉干风干正宗炭烤牛...,1??
马哈妈妈西博企业店,马哈妈妈牛脆脆薄脆风干牛肉脆片休闲零食呼...,7?
天猫超市,蒙之魂全牛肉礼盒酱牛肉特产熟食卤肉节日送...,1??
焙鲜说旗舰店,【厂家直发】松口牛爆脆糖醋麻辣爆辣解馋零...,1??
西藏林芝特产 藏林源,西藏特产阿佳风干牦牛肉耗牛肉干高远美食零...,7?
Hormel荷美尔旗舰店,荷美尔即食薄切牛肉干35g*10办公室零...,7?
天猫超市,蒙都牛肉干内蒙古风干牛肉低盐低脂休闲零食,1??
天猫超市,蒙时代手撕牛肉干7成干内蒙古特产办公休闲...,7?
蒙都旗舰店,蒙都风干牛肉干内蒙古超干牛肉干草原零食办...,3??
IMOC歆枫专卖店,IMOC小李的肥肥牛肉干安格斯谷饲牛肉9...,6?
山萃仁喜堂专卖店,中粮山萃牛肉干内蒙古风干特产手撕肉干送礼...,8??
IMOC歆枫专卖店,IMOC小李的和牛牛肉干M7谷饲牛肉片无...,8?
优质藏牛店,内蒙古风干牛肉干减低肥脂解馋手撕休闲孕妇...,1??
东来品牌店,胖东来牛肉干内蒙古手撕风干牛肉条粒无糖孕...,6?
春燕的特产店,四川手撕风干牛肉干500g阿坝西藏特产超...,1??
大牧场食品旗舰店,大牧场手撕牛肉干内蒙古风干官方旗舰店独立...,1??
仙俏旗舰店,内蒙古风干牛肉干手撕正宗特产牛肉零食无添...,1??
绿盛食品旗舰店,绿盛牛肉粒儿童零食小吃即食解馋五香沙嗲牛...,1??
SM线上会员超市代购店,山姆牛肉干内蒙古风干熏烧烤肉小吃零食内蒙...,1??
好货严选工厂,风干牛肉干手撕四川麻辣五香减低肥脂西藏非...,3?
sundry山萃旗舰店,中粮山萃风干牛肉干内蒙古特产孕妇零食手撕...,2??
牛犇犇特产,【买1送1】风干手撕耗牦牛肉干内蒙古四川...,2??
小李的牛排课,IMOC小李的谷饲安格斯牛肉干牛脆脆牛薄...,2??
洽一份食品专营店,内蒙古风干牛肉干减低肥脂解馋手撕休闲零食...,4?
天天特卖工厂,拇指牛肉风干非手撕牛肉即低减健身解馋肥脂...,2?
小牛拉图旗舰店,小牛拉图内蒙古超干手撕风干牛肉干小吃零食...,1??
牛味思旗舰店,风干鸡肉干鸡胸肉干肉条麻辣耐嚼解馋小吃休...,2?
斯日古楞风干牛肉干,牛胸口油风干牛肉干片正宗内蒙古特产熟食加...,4?
母亲食品坊,母亲西式生烤牛肉棒22g手撕牛肉干棒即食...,1??
莲木叙旗舰店,满口牛油香~安格斯牛胸口油薄脆香辣牛肉脆...,8?
点点MM好物会员代购,山姆风干牛肉熏烤风味烤肉内蒙古休闲健身充...,1??
天猫超市,士力架焦糖花生夹心巧克力400g*2桶学习运动充能量棒小零食喜糖果,9?
天猫超市,爱莲巧俄罗斯进口巧克力纯可可脂组合装独立小块方便拿取零食生巧,1??
天猫超市,脆香米小马宝莉造型牛奶巧克力棒棒糖12g*12支儿童休闲小零食糖果,1??
godiva歌帝梵食品旗舰店,【中秋节礼物】godiva歌帝梵大师巧克力礼盒休闲办公室零食送女友,2??
meiji明治官方旗舰店,meiji明治经典排块牛奶巧克力75g5盒黑巧纯可可脂独立小包分享装,5?
天猫超市,瑞士莲软心精选巧克力进口休闲零食糖果婚庆多种口味,2??
天猫超市,Kinder健达巧克力夹心牛奶巧克力制品20条装办公室休闲零食,4?
金旺巧克力,金沙巧克力夹心婚庆散装结婚喜糖果仁情人节烘焙蛋糕装饰,1?
旭泰源旗舰店,旭泰源皇姿彩色多味巧克力烘焙专用烘焙蛋糕装饰原料（代可可脂）,4?
patchi旗舰,Patchi芭驰迪拜夹心巧克力礼盒装进口高端零食送女友生日礼物伴手礼喜糖,1??
天猫超市,爱莲巧俄罗斯牛奶榛子味巧克力排块纯可可脂25%可可入口丝滑喜糖,1??
旭泰源旗舰店,皇姿黑色白色巧克力块牛奶味苦甜巧克力大板烘焙原料（代可可脂）,4?
王后面粉商用装官方店,嘉利宝70.5%黑巧克力豆币500g 比利时原装进口纯可可脂块烘焙专用,8?
天猫超市,费列罗榛果威化巧克力制品8粒100g*1盒喜糖教师节礼物礼盒零食,5?
王后面粉商用装官方店,嘉利宝100%黑巧克力豆500g比利时原装进口纯可可脂块烘焙专用生酮,8?
blondel旗舰店,Blondel布隆德 盐之花巧克力锤瑞士进口纯可可脂高端休闲零食糖果,1??
meiji明治官方旗舰店,meiji明治限定中秋送礼休闲零食分享悦享礼盒牛奶巧克力黑巧零食,1??
天猫超市,【中秋礼物】每日黑巧黑巧克力酸甜苹果干浆果燕麦120gAaaaapple,1??
godiva歌帝梵官方旗舰店,【婚庆喜糖】Godiva歌帝梵牛奶夹心黑巧克力喜糖高端宴会伴手礼,8??
aficion歌斐颂旗舰店,歌斐颂70%/85%/90%黑巧克力多浓度组合运动健身零食备考考试礼物,8?
脆香米旗舰店,脆香米散装500g脆米心夹心巧克力休闲零食巧克力办公室解馋小吃,3?
颖琳食小屋,【动漫同款/日本Meiji 明治雪吻限定浓厚小巧牛奶草莓口味巧克力,2?
aficion歌斐颂旗舰店,歌斐颂100%黑巧克力纯可可脂健身无添加蔗糖超苦零食烘焙网红58g,6?
嘉利宝旗舰店,比利时进口可可含量70.5%嘉利宝黑巧克力豆2.5kg家庭烘焙蛋糕原料,5??
将甜生活馆的小店50,澳洲feastables秘鲁Mr Beast野兽先生零食牛奶巧克力60g*10袋装,5??
海边的王姑娘 来自海岛的特产 海岛旅游网,威海特产｜无花果巧克力｜威海精品特产里口果园系列伴手礼,6.??
吃嘴猴零食铺,巧克力 雀岛牛奶巧克力大板 块砖大板块,3?
闹闹在日本,现货日本2026限定chiikawa吉伊卡哇中秋节巧克力送友零食伴手礼盒,5??
姐妹烘焙屋,梵豪登嘉利宝黑/白巧克力砖大排块香醇代可,3?
优谷爵旗舰店,巧克力自热火锅好乐园豪华DIY自制趣味巧克力棉花糖蘸酱方便速食,1?
天猫超市,【正品行货】Lindt瑞士莲精选软心巧克力分享装糖巧优质可可,1??
筱暄食品专营店,德芙6g香浓黑巧克力小巧粒排块结婚庆喜糖果零食休闲小吃散装批发,9?
巧克力大班丨原产地正品,新品比利时专柜原装leonidas利奥尼达斯黑巧克力奶巧100g减糖进口,9?
阿部淘淘88,日本神户树叶Morozoff季节限定手工巧克力牛奶糖果伴手礼【现货】,1?
润泽轩食品专营店,德芙巧克力小巧粒丝滑牛奶香白浓黑结婚庆喜糖果零食混合散装批发,1??
tb889664655419,日本nanaya同款抹茶渐变巧克力8种不同浓度茶伴手礼盒表白送女友,3?
elletter旗舰店,Elletter德噜噜进口纯可可脂坚果黑巧克力榛子巴旦木草莓冻干零食,1??
嘉利宝旗舰店,意大利原产黑巧克力爆谷米800g嘉利宝巧克力脆珠装饰家庭烘焙原料,2??
启优西餐烘焙餐料行,法国进口可可百利白巧克力29%34%38%58%70%纯可可脂巧克力500g,1?
露玉雅旗舰店,黑巧克力无蔗糖100%纯可可脂0脂代餐提神醒脑原装进口官方旗舰店,1??
果冬有旗舰店,迪拜棉花糖巧克力云朵开心果牛奶巧克力软曲奇codex正版旗舰店,3?
瑞士莲食品旗舰店,Lindt/瑞士莲官方正品软心精选牛奶黑巧克力600g休闲零食,2??
宏平烘焙,生日蛋糕装饰巧克力金条金币元宝祝寿财神婚庆喜糖摆件烘焙插件,9.??
RitterSPORT瑞特滋旗舰店,【1kg钜惠装 囤货优选】瑞特滋夹心巧克力喜糖批发量贩装德国进口,2??
点一点烘焙店,法国进口法芙娜巧克力豆纯可可脂52%60%耐烤高温入炉曲奇面包烘焙,1?
天猫超市,嘉利宝意大利原产黑巧克力爆谷米豆脆脆珠家庭烘焙装饰零食生巧,2??
爱普诗旗舰店,黑巧克力爱普诗官方瑞士进口纯可可脂健身休闲零食送礼120g罐装,9?
臻爱一生食品商行,夹心巧克力散装金莎球批发结婚婚庆喜糖花店烘焙蛋糕装饰糖果零食,1?
天猫超市,COSTA黑松露火腿苏打饼干360g独立...,42.90
天猫超市,奥利奥薄脆夹心饼干香草+草莓+蓝莓树莓味...,79.80
天猫超市,猫超臻选猴姑饼干高蛋白高钙600g江中猴...,150.00
宏玫瑰食坊,岩烧芝士脆饼干500克日式奶香轻薄九蔬脆...,49.60
天猫超市,【进口】马奇新新积宝多密斯欢密斯饼干礼罐...,69.90
天猫超市,猫超臻选燕麦咔咔脆太平薄脆饼干礼盒休闲零...,119.00
聪明小熊代购店,香港珍妮曲奇聪明小熊饼干640g四味奶油...,109.00
聪明小熊代购店,进口香港珍妮曲奇聪明小熊饼干640g四味...,109.00
羽田小跑腿代购  每周回国,日本原装北海道六花亭朗姆酒提子奶油夹心饼...,999.00
轻食兽旗舰店,轻食兽低GI饼干早晚餐代餐粗粮全麦饱腹下...,62.90
鲍师傅旗舰店,鲍师傅曲奇饼干三种口味盒装180g中秋送...,199.00
任跃食品专营店,彩虹日记海苔味小马米饼结婚订婚伴手礼喜事...,26.45
大物食养,台湾老杨咸蛋黄饼干方块酥咸味曲奇饼干小包...,34.80
Saimans旗舰店,山姆代购鲜牛乳饼干官方正品代购动物造型儿...,59.00
葡记旗舰店,澳门葡记黄油小花曲奇饼干198g*3盒抹...,198.00
绿果心旗舰店,无蔗糖饼干高纤九黑藜麦谷物饼干粗粮全麦五...,36.80
PULADA朴拉达糖果,朴拉达PULADA夹心华夫卷高端零食饼干...,16.80
尚巧厨旗舰店,安诺尼手指饼干提拉米苏原材料马斯卡彭拇指...,47.52
香轩食品专营店,盼盼梅尼耶干蛋糕面包干散装早餐奶酪饼干小,17.90
绿果心旗舰店,农科院小熊注心饼干小包装巧克力夹心饼干多...,50.80
巧菱食品旗舰店,圆荣圆上海万年青饼干咸味葱香饼干网红办公...,36.60
法丽兹食品旗舰店,法丽兹多金多福大礼盒1128g夹心巧克力...,72.70
佑文食品专营店,日本原装进口高端零食野村天日盐小圆饼干日...,120.00
rivsea禾泱泱旗舰店,【4件82折】禾泱泱鸡蛋酥酥饼软软饼 儿...,32.80
恰咩食品旗舰店,台湾风味！香葱牛轧糖夹心饼干铁盒牛扎饼网...,88.00
鲍师傅旗舰店,鲍师傅椰丝奶酥盒装可可奶酥脆脆奶酥饼干中...,49.00
嘉顿食品旗舰店,嘉顿家庭什锦饼干1380g曲奇什饼干年货...,188.00
健康严选商城,zestmake曲奇芝士白脱饼干风味制造...,175.55
麦皇朝食品,黑芝麻层层酥饼干薄脆老式整箱夹心饼干80...,24.00
Aestheticism海外购,韩国进口济州岛巴黎贝甜海派心动黄油夹心奶...,180.00
摘其乐食品旗舰店,等位小零食整箱批棋牌室锅巴饼干火锅店休闲...,39.90
巨型零食品旗舰店,创意巨型小新饼干包卡通零食大礼包儿童高颜...,209.00
thepeninsula半岛旗舰店,ThePeninsula半岛礼盒喜饼糕点...,298.00
雪可滋食品旗舰店,雪可滋牛乳饼干北海道风味海盐咸味网红零食...,93.80
摘其乐食品旗舰店,等位小零食整箱批棋牌室前台接待零食大礼包...,59.90
泰喜糖果店,喜饼整箱混合礼盒散装婚宴结婚专用喜事满月...,19.90
官方国货甄选,生椰拿铁饼干好吃的零食小饼干海盐芝士乳咖...,8.85
天猫超市,蓝罐经典口味曲奇饼干丹麦原装进口办公室分...,199.00
MXLife美心生活旗舰店,【黄油酥礼品盒】美心生活mxlife黄油...,219.00
天猫超市,义利传统老式饼干酥性饼干休闲食品黄油饼干...,16.90
巨型零食品旗舰店,高端日本进口零食大礼包礼盒可送儿童女友男...,888.00
SM超市甄选店,【爆！限时优惠】MM山姆黄油鸡蛋卷香甜酥...,79.90
淘工厂食品生鲜特卖场,比利时焦糖饼干蛋糕装饰早餐饼干风味休闲焦...,11.90
丰乐佳食品旗舰店,薄脆早餐饼干整箱超薄香葱多口味散装零食小...,15.00
LOTUS BISCOFF比时咔旗舰店,LotusBiscoff比时咔和情比利时...,225.90
詹记旗舰店,詹记桃酥新中式糕点心饼干老式零食休闲小吃...,49.90
Rene Little Bear旗舰店,香港小熊黄油曲奇饼干休闲零食送礼下午茶七...,158.00
大唐令旗舰店,大唐令糖果巧克力礼盒提亲结婚喜饼订婚聘礼...,139.00
碧翠园官方旗舰店,碧翠园全麦碱水面包球减低早餐脂整箱无添蔗糖代餐饱腹手作零食品,26.90
碧翠园官方旗舰店,碧翠园肉松全麦欧包减低脂无蔗糖下午茶早餐代餐速零食品夹心面包,34.00
天猫超市,碧翠园泥巴派草莓黑巧克力夹心蛋糕短保下午茶点心零食早餐面包,39.90
天猫超市,碧翠园低脂肪奇亚籽全麦吐司0无添蔗糖面包健康早餐三明治短保,29.90
舒赞旗舰店,舒赞手工牛乳巧克力紫薯厚切吐司手撕面包整箱早餐三明治营养零食,49.80
小白心里软旗舰店,小白心里软奶皮三明治面包学生代餐肉松早餐夹心蛋糕小吃营养点心,89.00
天猫超市,猫超臻选猪肉松戚风蛋糕手撕面包整箱营养早代餐健康休闲零食400g,39.90
天猫超市,猫超臻选酵香老面包豪士速食代餐手撕面包学生早餐下午茶零食点心,30.00
筱时候 手作烘焙,筱时候 肉松肉铺咸口贝果全麦甜品饱腹早餐面包下午茶现做现发,29.00
天猫超市,猫超臻选黄油厚切鲜奶吐司面包豪士速食代餐早餐下午茶小零食500g,31.90
天猫超市,盼盼抹茶红豆千层吐司面包蛋糕点心小面包营养早餐休闲零食小吃,39.90
七小七旗舰店,七小七儿童鲜奶黄油厚切吐司面包学生健康营养早餐整箱三明治零食,45.20
吃不胖星球,任选39.9元包顺丰手作欧包代餐面包碱水贝果不加蔗糖营养早餐,6.90
天猫超市,【鸡蛋含量≥62%】泡吧黄金虎皮蛋糕面包整箱早餐夜宵零食糕点,29.90
吃不胖星球,酱酪墨鱼辣松松全麦欧面包健康营养早餐代餐手作烘焙不加蔗糖和油,19.00
玩铁猩猩旗舰店,玩铁猩猩爆料千层坚果厚切吐司全麦面包营养健康早餐代餐零食品,64.90
奈时NICEBAKER,奈时 石磨T80干巴面包硬欧包鲁邦种微酸面包轻食brunch,56.90
七年五季旗舰店,七年五季全麦碱水面包球减低早餐脂整箱无糖精代餐饱腹手作零食品,59.90
尚品食品专营店,满滋屋三明治速食洪瑞珍同款吐司代餐食品儿童冰淇淋日式面包早餐,108.75
膳素臣食品旗舰店,膳素臣低GI燕麦面包吐司低升糖孕妇零食慢糖尿人高蛋白主食代早餐,69.90
天猫超市,三只松鼠黄油牛乳厚切吐司1050g 混合口味早餐面包营养代餐下午茶,39.90
旅创人生泉州特产店,福建闽南老式三明治夹心面包怀旧80后油炸儿小时候的味道吐司早餐,9.80
荼眉间旗舰,厚切吐司全麦生牛乳面包片早餐整箱速食少糖低脂营养健康学生代餐,33.21
淘工厂食品生鲜特卖场,手撕奶香面包早餐代餐糕点心休闲零食品整箱粗粮早餐专用食品,9.60
天天特卖工厂,香葱肉松卷面包整箱早餐蛋糕乳夹心三明治零食品香松爆浆好吃饱腹,9.90
优卓旗舰店,全麦面包坚果吐司粗粮旗舰店孕妇早餐类减无糖精非0脂肥专用官方,49.90
友其亨旗舰店,厚切吐司面包提拉米苏整箱早餐懒人速食全麦营养健康即食代餐食品,26.33
遇见谷语,全麦面包0脂肪吐司片黑麦荞麦无糖精减粗粮早餐糕点代餐零食品,32.89
天天特卖工厂,夹心早餐面包整箱吐司学生代餐食品特价营养乳酸菌抗饿零食批发,12.25
友其亨旗舰店,农科院全麦乳酪司康英式饼饱腹杂粮下午茶面包休闲零食早餐欧包糕,26.15
会员商城品牌店,全麦吐司面包羽衣甘蓝专用营养早餐减脂期低卡脂食物代餐主食轻食,35.90
SAMM旗舰店,山姆黄油千层吐司面包整箱新鲜手撕儿童早餐独立小包装会员正品店,92.80
淘宝农场,全麦面包坚果吐司厚切营养早餐整箱0减饱脂肥腹专用速食代餐健康,17.60
天猫超市,嗨山姆先森云朵猪肉酥三明治全麦牛油果肉松夹心面包懒人早餐零食,53.80
天猫超市,猫超臻选黄油水牛乳千层吐司面包营养早餐下午茶健康零食蛋糕450g,19.90
楚小妞湖北特产美食店,福莎拉园儿时营养早餐面包沙拉面包8090后怀旧老式面包夹心面包,51.60
淘宝农场,老式三明治夹心面包8090后童年零食早餐糕点芋泥整箱充饥怀旧经典,18.60
大希地旗舰店,大希地黄油吐司面包厚切儿童早餐牛奶巧克力全麦独立小包装整箱片,99.00
荼眉间旗舰,农科院星空莓野全麦吐司厚切手撕面包早餐整箱饱腹代餐官方旗舰店,31.93
鸿伊妮旗舰店,正宗港式菠萝包面包早餐整箱无添加营养学生代餐饱腹速食蛋糕零食,38.99
XIXIHOU会员店,黄油千层吐司面包手撕营养学生速食儿童代早餐糕点整箱山零食品姆,39.90
颜小贝食品专卖店,颜小贝吐司面包整箱黄油厚切千层吐司营养健康早餐代糖早餐糕点,19.80
天悦莱旗舰店,【央妈推荐】牛乳千层吐司糕点手撕面包早代餐奶香健康零食整箱,14.20
天猫超市,猫超臻选豆乳餐包早餐代餐盼盼夹心软面包营养蛋糕饱腹速食零食,39.90
鸿伊妮旗舰店,吐司整箱代早餐夹心面包蓝莓岩烧乳酪解馋小零食糕小吃休闲食品,26.43
天猫超市,猫超臻选黄油水牛乳千层吐司面包营养早餐下午茶零食蛋糕450gx2盒,39.80
吐司法则旗舰店,全麦面包羽衣甘蓝无边吐司粗粮孕妇早餐代餐减无糖精非0脂肥专用,36.90
虎小糯食品旗舰店,全麦面包0脂控无糖精黑麦代餐粗粮早餐营养低脂零食品欧包减吐司,56.20
喜之郎官方旗舰店,喜之郎蒟蒻果汁果冻喜糖果魔芋批发散装结婚...,59.80
天猫超市,脆香米小马宝莉造型牛奶巧克力棒棒糖12g...,100.00
灿燃轻体馆,澜脂草本果蔬压片糖果官方正品益生元果蔬粉...,135.00
嘎嘎猛严选,仟漾3d燃密码套盒糖果THSHYOR正品...,420.00
钜记饼家澳门店,澳门手信特产钜记饼家原味花生脆糖/椰丝花...,58.00
海边宽宽旗舰店,【海边宽宽旗舰店】海南椰浆椰脆糖糖果零食...,59.00
嘎嘎猛严选,蜜伊纤胶原蛋白肽果蔬压片糖果草本旗舰店密...,131.00
天猫超市,德芙抹茶曲奇草莓白巧巧克力208g*1盒...,59.00
任跃食品专营店,徐福记喜事发发水果型果汁橡皮糖结婚订婚伴...,16.80
任跃食品专营店,彩虹日记樱花白桃味夹心棉花糖结婚糖果订婚...,19.80
醇然心动旗舰店,海亿kiss醇然心动无糖薄荷糖清新口气海...,48.80
西已喜礼,山姆喜糖成品礼盒含糖结婚糖果一包成品20...,4.69
PULADA朴拉达糖果,潘多拉日记黑加仑味夹心软糖紫色风格爆款结...,8.80
西已喜礼,山姆喜糖成品礼盒含糖结婚糖果婚糖高级混合...,4.65
天猫超市,妙伯乐5果VC风车糖儿童棒棒糖无添加蔗糖...,39.00
贤胖胖韩食屋,金智秀同款PerlediSole意大利柠...,39.90
喜糖乐铺,山姆喜糖礼盒成品含糖结婚订婚糖果礼盒装搭...,33.59
潘多拉日记食品旗舰店,潘多拉日记荔枝味水果夹心硬糖结婚喜糖婚糖...,8.80
潘多拉日记食品旗舰店,GINMAR金玛全系列混合味糖果结婚喜糖...,19.80
吉量食品专营店,德国比得兔水果糖混合水果味婚礼伴手礼扁罐...,48.00
食味全,印尼foxs水晶糖四季茶水果糖硬糖糖果网...,19.00
芸徙食品专营店,上海大白兔奶糖12种口味混合散装圣诞节糖...,39.90
meiji明治官方旗舰店,meiji明治小糖果系列三角包草莓青提味...,50.00
PULADA朴拉达糖果,DENMAS丹玛仕紫葡萄味果心软糖结婚爆...,10.80
嘉顿食品旗舰店,嘉顿草莓味利是糖果经典喜糖230g*2散...,98.00
加拿大棒棒糖,加拿大原装进口枫糖浆太妃糖雪上糖果枫叶棒...,19.80
芸徙食品专营店,大白兔奶糖12种混合口味零食伴手礼年货节...,18.90
茹佳美味食品,2023网红星空棒棒糖高颜值糖果礼盒装送,13.80
好邻居旗舰店,好邻居麦芽糖棒棒糖果小零食六一儿童节怀旧...,40.00
PULADA朴拉达糖果店,潘多拉日记荔枝味夹心硬糖爆款结婚喜糖高颜...,8.80
PULADA朴拉达糖果店,英国ZOSLI树莓味软糖水果汁橡皮糖散装...,8.80
金通食品专营店,宝石糖水果味宝石糖水晶宝石糖创意艺术家彩...,6.00
好味聚美食,小龙虾软糖网红串烧造型状棒糖果儿童恶搞怪...,14.80
西湘荟旗舰店,玉米糖软糖按摩大号加长6cm散装超弹调情...,23.25
长通旺食品专营店,DANMAS丹玛仕混合口味试吃糖果软糖硬...,16.80
过亿才是起步,雅树无糖薄荷糖独立小包装商用零食批发酒店...,39.80
雅蕊食品专营店,遇见心动告白棒棒糖七夕恋爱糖果情人节高颜...,148.60
葡记旗舰店,【澳门葡记什锦坚果仁糖158g】太妃糖坚...,99.00
西湘荟旗舰店,张圣叹同款巴尼特超级酸糖爆酸糖糖柠檬可乐...,28.90
鸿伊妮旗舰店,花生牛皮糖软糖传统老式芝麻糖果怀旧零食小...,45.80
羊鼻公旗舰店,正宗羊鼻公官方百草梨膏糖润喉护嗓纯手工 ...,128.00
旺旺糖果旗舰店,【百补】旺旺旺仔牛奶糖结婚专用喜糖散装批...,40.00
葡记旗舰店,澳门葡记夏威夷果黑枣软糖300g手工坚果...,128.00
忆亩香食品专营店,丹玛仕青提拉丝奶糖散装结婚喜事喜糖回礼分...,35.80
舌尖上的台湾,台湾原装进口特产糖村法式杏仁牛轧糖400...,119.00
好味聚美食,乌龟对对碰造型软糖卡通小乌龟糖果创意儿童...,38.80
费列罗官方旗舰店,费列罗官方旗舰店臻品巧克力制品糖果礼盒3...,193.00
润泽轩食品专营店,德芙巧克力小巧粒丝滑牛奶香白浓黑结婚庆喜...,199.90
滇二娃旗舰店,滇二娃农科院贵州特产麻辣土豆片云南土豆丝...,45.90
天猫超市,品客薯片三连罐110g*3罐原味/酸乳酪...,49.90
劳仑兹旗舰店,Lorenz劳仑兹薯片德国进口迷迭香原切...,69.90
天猫超市,乐事北海道奶香焗烤口味薯片网红凑单零食品...,50.00
天猫超市,滇二娃农科院云南特产麻辣土豆片51*3包...,19.90
天使食品旗舰店,天使土豆片100g*20袋大包装装椒香麻...,168.00
天使食品旗舰店,天使土豆片椒香麻辣味薯片大袋装包邮80后...,29.90
甜蜜物语食品店,Pringles品客薯片110g罐装混合...,28.90
天猫超市,Pringles/品客薯片原味/酸乳酪洋...,49.90
盼盼食品官方旗舰店,盼盼家庭号薯片虾条超大包办公室解馋休闲零...,19.80
喜铺伴手礼用品批发,好丽友薯愿薯片小包装宝宝周岁生日结婚订婚...,2.50
远方好物优选,远方的梦想非油炸亚麻籽原味薯片儿童健康零...,26.50
ORION好丽友食品旗舰店,好丽友好友趣薯片韩国泡菜火鸡面有趣蜂蜜黄...,39.00
小火猪猪,乐事薯片70克飘香麻辣锅味土豆切片香辣味...,28.80
甜心进口零食商城,墨西哥进口乐事原味薯片163gx3罐无限...,28.00
福满满食品工坊,乐事薯片70g袋装休闲追剧解馋零食大礼包...,30.12
百味千寻零食臻选,本高沙屋薯片好薯原切手工薄脆零食110g...,22.90
阿老表美食店,土豆片云南贵州特产麻辣味薯片解馋办公室追...,8.00
颖琳食小屋,美版Prinles品客薯片美国进口158...,59.00
小火猪猪,乐事薯片见手青口味新口味云南限定所有口味...,23.80
吃点好的进口零食商城,墨西哥进口乐事无限桶装烧烤酸奶洋葱味薄脆...,20.00
优华食品专营店,乐事薯片104g大罐无限黄瓜原味薯片膨化...,122.80
幸福港港货店,墨西哥进口Lay's乐事薯片STAX薯片...,24.09
吃点好的进口零食商城,墨西哥进口乐事原味薯片163gx3罐无限...,28.00
大自然特产商城,俄罗斯进口阿斯顿迈咔长条薯片多味组合4盒...,45.80
婴享旗舰店,婴享益生元轻焙薯片无鸡蛋无麸质零食48g...,60.00
弘韵零食商城,韩国进口海太CHiiKAWA联名款蜂蜜黄...,48.80
大自然特产商城,俄罗斯进口薯片长条薯片阿斯顿迈咔多口味非...,19.80
百味千寻零食臻选,滇二娃高原土豆片麻辣香辣黑松露和牛味原味...,21.90
好味聚美食,乐吧薯片小脆薯片非油炸硬脆饼干麻辣味番茄...,14.90
糖果果零食屋,香港版Lay's乐事薯片大包分享装180...,32.89
幸福港港货店,香港版Lay's乐事薯片大袋分享装 追剧...,32.89
云南好吃佬食品,1公斤薯片云南贵州特产麻辣土豆片小吃炸土...,27.38
小王子旗舰店,小王子薯片整箱批发散装称斤4斤网红休闲零...,68.90
颖点食品专营店,上好佳零食大礼包鲜虾片薯片大包零食小吃整...,199.90
朱大哥食品专营店,长沙金粒门官方旗舰店基本薯片零食特产新鲜...,18.00
蓝缇食品,品客薯片马来西亚进口洋葱味罐装混合口味膨...,14.80
顺腾食品专营店,薯薯片厚切土豆片黄油甘薯锅巴甜辣芝士黄,49.90
吃货妞妞食品旗舰店,乐事薯片104g*9罐装番茄黄瓜味烧烤青...,27.90
一朝杂货铺,6包包邮日本湖池屋STRONG厚切波浪薯...,15.80
「羊角山」,云南特产麻辣子弟土豆片子弟薯片办公室膨化...,38.00
弘韵零食商城,Calbee卡乐比日式咖喱味薯片期间限定...,7.80
天猫超市,【宋雨琦推荐】乐事无限罐装薯片原味番烤6...,49.90
博爱食品专营店,岭哥红薯片原香红薯脆片零食香脆地瓜干烤红...,9.90
福满满食品工坊,乐事40g90g罐装无限薯片原味番茄黄瓜...,14.52
蓝缇食品,墨西哥进口乐事原味薯片163gx3罐无限...,20.80
吉发食品专营店,拿抓土豆片贵阳市十小吃麻辣甜辣土豆片洋芋...,28.83
线上会员代购店,会员正品代购乐事薯布朗迷你薯片香酥独立包...,18.70
天猫超市,喜之郎Cici可吸的果冻爽椰果粒果汁饮料儿童零食0脂小吃水果味,17.90
SHANIABELLE旗舰店,仙妮贝儿布蕾奶冻粉焦糖布蕾蛋糕夹心冰淇淋慕斯果冻布丁粉布雷粉,24.24
天猫超市,喜之郎cici可吸果汁果冻爽150g*10支椰果便携扭盖装儿童零食饮料,39.90
灿燃轻体馆,纤之魅so果冻soso果饮酵素大SO脂果冻,155.00
优痩身正品,西米优冻新品咖啡畅妍饮果冻升级版带防伪码可查实体店发货,49.90
挚爱永恒喜铺,喜之郎蜜桔龙眼芒果菠萝苹果黄桃味果肉果冻混合整箱六一儿童零食,18.58
壹利源   川渝特产,喜之郎果冻6种味水果味果冻小吃果汁乳酸果冻10斤整箱小果冻零食,18.80
同 仁 健康店,南京同仁堂益生元胶原酵素果冻大餐救星益生菌水果酵素清油脂正品,58.00
qinqin亲亲旗舰店,亲亲果肉果冻一整颗橘球鲜剥整个番茄爆汁水果冻儿童小零食0脂肪,59.90
迷浆进口零食,日本寒天金城什锦水果软糖果汁滨永进口儿童零食果冻方块喜糖独立,24.50
爷爷不泡茶旗舰店,爷爷不泡茶 初恋青提吸吸冻 可吸果冻挤食0脂肪休闲解馋儿童零食,23.40
喜之郎官方旗舰店,喜之郎Cici果汁果冻爽吸的果冻吸葡萄味0脂肪休闲魔芋零食大礼包,34.80
喜之郎官方旗舰店,喜之郎超大杯果肉什锦果冻网红巨型儿童休闲聚会零食小吃中秋囤货,47.00
唯叮食品专营店,喜之郎散装果肉果冻500g多口味混合真实蜜桔黄桃果肉儿童零食批发,68.00
福建美食批发,喜之郎果肉果冻散装10斤装整箱13种混合口味儿童休闲零食5斤果冻,96.00
晨一食品专营店,喜多多椰果王整箱罐头200g小瓶装大果粒糖水果冻网红零食夏日饮料,68.00
天猫超市,溜溜梅6味梅冻桶儿童解馋零食囤货装果浆蒟蒻果冻,59.90
唯叮食品专营店,喜之郎家有喜事蒟蒻果冻喜糖果批发散装订婚结婚喜事满月零食,68.00
喜之郎昇扬专卖店,喜之郎益生元果冻条散装5斤乳酸味果冻成人儿童休闲零食小吃整箱,17.60
福建美食批发,喜之郎果肉果冻10斤整箱大包装儿童休闲零食多种口味散装乳酸果冻,185.60
广禧食品旗舰店,广禧布丁粉1kg 芒果鸡蛋商用椰奶果冻粉自制烘焙甜品奶茶店专用,28.00
益生元臻品直播店,【15盒】官方聚润福益生元酵素果冻加强版果冻卡曼橘聚尚福旗舰店,26.90
昔宝食品专营店,蒟蒻果冻喜事0脂解馋独立包装高颜值伴手礼儿童果汁果冻喜糖好事,19.90
MM超市正品代购店,山姆乳酸菌0脂蒟蒻果冻解腻儿童零食独立小包装正品超市官方代购,33.70
蜡笔小新食品旗舰店,蜡笔小新420g一整颗荔枝果肉果冻水果青提草莓果冻礼盒儿童小零食,49.91
嘉嘉与物,原装进口正品保障】TaramiPURE葡萄枇杷菠萝果肉果冻休闲零食270g,158.00
蜡笔小新食品旗舰店,【樱花草莓】蜡笔小新420g一整颗果冻盒装茉莉青提儿童果冻零食,29.91
昕梦食品专营店,草莓熊益生菌蒟蒻果冻儿童休闲零食吸吸冻幼儿园袋装61儿童节零食,16.80
天天特卖工厂,喜之郎果冻家有喜事蒟蒻喜糖0独立小包装结婚伴手礼婚礼婚庆袋装,26.00
贵州好物工厂,色尖 贵州特产刺梨冻500g 刺梨果冻健康零食分享装伴手礼品小零食,19.90
舌尖甄选川渝店,椰果果冻大杯180g杯装吸吸蒟蒻果冻水果味夏天凉爽儿童小零食整箱,22.90
迈沫趣旗舰店,蒟蒻果冻零食小吃茶冻可吸果冻代餐解馋好吃休闲食品办公室零食,26.80
beazero未零旗舰店,【任选专区】未零儿童零食薯片虾条山楂棒果冻山药片玉米花水果干,30.00
荟盛食品企业店,喜之郎果肉果冻散装混合口味乳酸学生儿童休闲日常零食实惠大包装,71.60
粟站长旗舰,爆皮果冻扎破气球果冻丸子网红正品巨峰葡萄多种口味水果果冻零食,39.35
锦双彬旗舰店,农科院蒟蒻果冻零食茶冻可吸果冻代餐解馋好吃休闲零食官方旗舰店,28.80
流浪熊食品专营店,喜之郎果肉果冻散装10斤装整箱13种混合口味儿童零食5斤果冻,71.60
呆呆SM会员超市代购,山姆乳酸菌蒟蒻果冻0脂儿童吸吸果冻零食会员超市正品代购官方店,49.90
鲜宸食品旗舰店,山姆官方旗舰店乳酸菌蒟蒻果冻0脂益生菌儿童小零食会员超市正品,25.51
溜溜梅旗舰店,【下拉详情领补贴】溜溜梅梅冻nfc果浆蒟蒻吸吸果冻休闲零食小吃,19.90
樱桃小丸子食品旗舰店,樱桃小丸子果冻零食儿童生日大礼包网红礼物适合中秋摆台小吃甜品,69.90
渝之荣特产店,拖肥佳达椰果肉休闲零食童年儿时怀旧果冻椰果粒佳达拖肥混合口味,9.00
果允旗舰店,果冻按摩螺旋招待跳跳糖螺纹服务尖头水晶之恋按摩用果冻约150个,17.80
樱桃小丸子食品旗舰店,樱桃小丸子果冻零食儿童生日大礼包网红甜品宝宝礼物中秋布甸摆台,39.00
善圣味旗舰店,嘻哈冰点正品巨峰葡萄果冻提子水晶气球布丁网红儿童爆皮蓝莓果冻,51.90
谷娟娟食品旗舰店,【网红都在吃】蓝莓酵素果冻益生元果味果冻益生菌果蔬酵素果冻,39.80
沁饮食品企业店,喜之郎果冻什锦10斤装整箱13种乳酸口味儿童零食5斤袋装果肉果冻,71.60
鸿伊妮旗舰店,葡萄爆皮果冻球官方旗舰店网红气球剥皮果冻多种口味巨好吃小零食,36.99
沪小贝品牌工厂店,沪小贝开心果奶盖巴斯克芝士蛋糕冷冻商用蛋糕咖啡店西式甜品糕点,1??
好利来官方旗舰店,好利来半熟芝士原味奥巧奶酪乳酪蛋糕送女友礼物零食糕点食品早餐,7?
沪小贝品牌工厂店,沪小贝奥利奥风味双层乳酪芝士慕斯蛋糕冷冻商用蛋糕西式甜品糕点,8?
天猫超市,碧翠园泥巴派草莓黑巧克力夹心蛋糕短保下午茶点心零食早餐面包,3?
碧翠园官方旗舰店,碧翠园泥巴派巧克力蛋糕减健康零食脂抹茶可可夹心下午茶代餐甜品,3?
碧翠园官方旗舰店,碧翠园巧克力泥巴派蛋糕抹茶零食可可粉蓝莓夹心糕点甜品早餐面包,3?
碧翠园食品旗舰店,巧克力泥巴派脏脏蛋糕抹茶零食蓝莓可可mct黑巧夹心网红爆款代餐,4?
滋百味食品店,铁罐子蛋糕动物奶油可可巧克力蓝莓奥巧抹茶开心果千层盒子蛋糕点,3?
BCPARK官方企业店,巧克力泥巴派可可黑巧蓝莓夹心糕点网红甜品健康点心脏脏抹茶蛋糕,4?
巧师傅食品店,铁罐子蛋糕动物奶油可可巧克力奥巧蓝莓抹茶千层甜品慕斯盒子蛋糕,3?
阿沐沐,【现货】日本东京香蕉奶油蛋糕TOKYO BANANA甜品进口零食点心礼盒,3?
BCPARK官方企业店,巧克力泥巴派夹心蛋糕早餐代餐抹茶控可可粉零食糕点心下午茶甜品,4?
天猫超市,猫超臻选猪肉松戚风蛋糕手撕面包整箱营养早代餐健康休闲零食400g,3?
奶吉诞旗舰店,奶吉诞正品官方旗舰店磅蛋糕盒子罐子黄油抹茶零食法芙娜巧克力,3??
熊治旗舰店,【任选5罐】熊治罐子蛋糕奶油罐罐甜品休闲零食盒子蛋糕,1??
新味觉烘焙甜品店,铁罐子蛋糕动物奶油奥巧克力蓝莓抹茶开心果千层慕斯盒子蛋糕甜点,3?
味哆哆休闲食品店,铁罐子蛋糕动物奶油奥巧蓝莓抹茶开心果巧克力千层慕斯盒子蛋糕点,3?
甜丫丫烘培零食店,芋泥千层蛋糕动物奶油爆浆草莓榴莲抹茶榛子巧克力生日甜品点六拼,2?
滋百味食品店,六拼千层蛋糕榛子巧克力榴莲芋泥爆浆可可下午茶生日甜品顺丰包邮,3?
壹米汀蛋糕研究所,夏上新 壹米汀芒果百香果慕斯蛋糕 冷冻蛋糕商用甜品安佳动物奶油,9?
壹米汀蛋糕研究所,壹米汀粉芭乐慕斯蛋糕 冷冻蛋糕商用 咖啡厅甜品 安佳动物奶油,9?
甜丫丫烘培零食店,抹茶奥li奥千层蛋糕榴莲草莓芋泥榛子巧克力网红生日甜品六拼千层,3?
好味多休闲食品店,铁罐子蛋糕动物奶油抹茶开心果巧克力千层盒子奥巧蓝莓奶酪甜品点,3?
甑选网红零食铺,哈哈喜哈哈巴氏鲜牛乳蛋糕1000g云朵鸡蛋糕面包即食代餐营养早餐,3?
AQIN阿钦旗舰店,AQIN阿钦罐子蛋糕巧克力抹茶奶酪盒子千层慕斯甜品网红零食小蛋糕,8?
零点食客休闲食品店,六拼千层蛋糕动物奶油榛子巧克力爆浆榴莲芋泥抹茶网红生日甜品点,3?
信达冷冻甜品,瑞士卷网红爆款早餐蛋糕零食甜品宿舍摆摊专用整箱即食网红甜品,1??
熊治旗舰店,任选5罐更划算】熊治罐子蛋糕罐装奶油小罐盒子甜品慕斯网红,3?
味哆哆休闲食品店,榛子巧克力千层蛋糕大颗粒可可爆浆网红下午茶生日甜品点榴莲芋泥,4?
好味多休闲食品店,抹茶奥li奥千层蛋糕动物奶油生日蛋糕榴莲巧克力草莓芋泥六拼千层,3?
巧师傅烘焙甜品店,芋泥千层蛋糕草莓抹茶榴莲榛子巧克力六拼网红生日甜品下午茶零食,3?
稻香村官方旗舰店,稻香村拿破仑糕点蛋糕营养早餐零食奶油面包充饥点心休闲小吃美食,8?
思味特美美食店铺,半熟芝士双味奥巧奶酪乳酪蛋糕零食糕点心礼盒下午茶甜品送男女友,3?
信达冷冻甜品,网红爆款慕斯布丁蛋糕甜品点心卡通兔造型摆摊商用批发自助餐摆盘,1??
天猫超市,【所有女生直播间好物复购】禾念老奶油蛋糕办公室下午茶甜品零食,2?
知觅食品,千层蛋糕动物奶油网红爆款草莓榴莲巧克力抹茶六拼生日甜品下午茶,2?
麦田坊旗店,铁盒罐子蛋糕动物奶油千层甜品巧克力抹茶蓝莓奥li奥慕斯盒子零食,3?
巧师傅线上折扣店,【盛京天禄六拼】千层蛋糕系列适合庆祝生日甜品,2?
平野村食品旗舰店,平野村泰式咸法酪千层条礼盒冰激凌口感纯动物奶油甜品蛋糕下午茶,8?
巧师傅烘焙甜品店,巧师傅榛子巧克力千层蛋糕可可味下午茶生日甜品网红爆浆动物奶油,9?
舞动舌尖舰店,家庭主妇·优选手工芋泥千层蛋糕多口味组合,3?
麦田坊旗店,抹茶奥li奥千层蛋糕动物奶油芋泥草莓蓝莓网红爆款甜品现做顺丰,3?
蒂利休斯食品店铺,网红瑞士卷慕斯蛋糕500克盒冷餐茶歇下午茶点甜品宴会自助餐包邮,2??
绿扰扰旗舰店,冰山熔岩巧克力蛋糕网红甜品纯可可脂蛋糕礼盒520礼物送女友零食,1?
巧师傅线上折扣店,美美美~！奥巧蓝莓生椰拿铁多口味下午茶铁罐子蛋糕,3?
巧师傅食品店,巧师傅四拼千层蛋糕动物奶油榴莲巧克力草莓提拉米苏生日蛋糕甜品,7?
淘淘乐西点,顺丰西式蛋糕三角慕斯甜品西点提拉米苏摆摊小块点心茶歇宴会自助,2??
开心森进口酱料店,MORISCA印尼千层糕365g 浓郁榴莲斑兰风味脱水蛋糕传统糕点下午茶,3?
天猫超市,0荞麦低脂辣条豆干豆皮豆卷面筋辣棒素牛筋...,2?
天猫超市,开小差油泼辣子辣条10包,1?
天猫超市,三只松鼠辣卤大礼包35小袋肉类夜宵小吃荤...,1?
天猫超市,飞旺湖南辣条大礼包干烧麦片臭干子辣片80...,3?
天猫超市,宇仔大长筋辣条香辣解馋怀旧休闲小零食80...,3?
tb2596246561,周氏辣片湖南特产周氏兄弟小辣片香辣片香油...,2?
好味聚美食,斑马肉辣条牛筋儿时怀旧辣片面筋麻辣豆干网...,2?
天天见零食汇,500g邬辣妈豆卷辣条很麻很辣零食小吃休...,1?
好味聚美食,超长一根筋辣条很长一根的素牛筋大长筋香面...,2?
悠津食品专营店,卫龙素大刀肉辣条200包独立包装怀旧老式...,2?
西北老农枸杞特产店,怀远一品辣条宁夏银川清真食品纯手工麻辣条,2?
顺腾食品专营店,网红麻辣酒鬼青豆脆骨辣条手撕大刀肉809...,1?
一口快乐,8090怀旧零食童年经典功夫棒辣条辣片一...,9.??
百味千寻零食臻选,麻辣王子辣条散称零食品小吃微麻微辣儿时怀...,2?
天天见零食汇,湖南特产飞旺辣条武汉八宝里青丝怀旧5毛钱...,8.??
益源食品,钟芹辉火辣面霸辣条童年儿时怀旧小零食金丝...,6.??
樱耀尚食品旗舰店,湘扬农庄平江大辣片手斯吮指辣条湖南豆皮香...,1?
花漾好物,【爆款】辣可曦曦-火药脾气辣条独立小包混...,1?
天天特卖工厂,素龙虾辣条儿时经典零食小包装麻辣龙虾童年...,9.??
伊可唯食品旗舰店,麻辣香菇豆干过年小包装零食豆腐干辣条休闲...,1??
辣条馆长食品专营店,休闲必备！麻辣辣条礼包超值分享！,1?
珍德有食品企业店,源氏烤豆皮散装称重火爆大辣片怀旧零食手撕...,2?
哆味多食府,90后怀旧零食网红大礼包整箱辣味经典辣条...,2?
花漾好物,辣可曦曦火药脾气系列108g大包超辣解馋...,2?
渝味铺子食品店 重庆特产小屋,重庆特产正宗红辣椒北京烤鸭辣条素食怀旧小,9.??
嘟嘟嘴食品特惠,儿时怀旧麻辣片辣条大辣片湖南爱国辣得欢香...,1?
悠津食品专营店,卫龙小面筋辣条独立小包装礼包独立包装儿时...,9?
偶哥食品专营店,周再德香油条大包周氏湖南辣条148g儿时...,6.??
天猫超市,麻辣王子地道麻辣味辣条正宗四川麻辣很麻很...,3?
嗨吃客食品,卫龙亲嘴豆皮大面筋辣条棒香辣麻酱味火锅素...,4?
官方国货甄选,卫龙辣条亲嘴烧零食经典香辣100片散装大...,1?
顾湘食品企业店,李星星棒棒牛辣条大辣棒面筋8090后怀旧...,1?
顾湘食品企业店,顾湘干巴棒 香辣丝干辣条90后儿时怀旧小...,2?
豆有味旗舰店,【豆有味】素牛蹄筋花边大浪卷辣片辣棒辣条...,7.??
好货严选工厂,飞旺麻辣条零食臭干子辣条网红爆款怀旧休闲...,9.??
好食力零食店,川辣牛肉棒味老式长辣条90回忆童年儿时经...,7.??
豆小哥食品专营店,赛一小包手工辣条组合香辣办公室解馋零食小...,6?
麻辣王子旗舰店,麻辣王子辣条吃货零食大礼包麻辣解馋小零食...,1?
思乡山食品官方店,思乡山素牛蹄筋辣条香辣花边波浪形面筋童年...,7.??
玉峰食品旗舰店,玉峰双胞胎香辣条网红爆款小零食大礼包儿时...,3?
百川香铛铛旗舰店,香铛铛辣条酒鬼手撕妈咪牛肉5角包8后怀旧...,3?
广连盛旗舰店,辣条大礼包8090后儿时怀旧麻辣小零食小...,5?
淘宝农场,盐津铺子手撕素肉素牛排香辣味豆腐干辣条休...,1?
官方国货甄选,辣条大礼包8090后儿时怀旧小零食的童年...,9.??
豆小哥食品专营店,思乡山素牛蹄筋辣条网红爆款花边波浪辣条零...,3?
馋小乖旗舰店,藤椒辣条组合馋小乖麻辣条辣片湖南特产追剧...,1?
思乡山食品官方店,(七种口味)豆有味素牛板筋麻辣凉皮小吃辣...,7.??
芳语陀旗舰店,劲丰博士牛筋辣条零食小吃休闲食品经典网红...,1?
天猫超市,觅菓原味大混合坚果仁营养补硒增钙孕妇零食...,2??
天猫超市,臻味鲍鱼果南美洲进口鲍鱼果原料巴西坚果仁...,5?
科旭食品专营店,三只松鼠坚果礼盒中秋节礼品送礼长辈团购高...,3??
亲亲休闲食品,新货陆哥巴西松子500g 精选进口手剥松...,1??
天猫超市,觅菓竹韵赤红大坚果礼盒纯坚果高端商务节日...,3??
沃隆旗舰店,沃隆混合纯坚果2斤装孕妈大罐装休闲零食营...,3??
沃隆旗舰店,沃隆每日坚果175g*4腰果混合果仁巴旦...,2??
天猫超市,良品铺子低GI每日坚果礼盒孕妇健康零食节...,1??
天猫超市,新边界原味脱衣大核桃仁300g新疆特产阿...,4?
木雷旗舰店,良品铺子坚果零食礼盒金秋送福混合坚果年货...,1??
新农哥旗舰店,新农哥大颗粒紫皮腰果500g罐装原味坚果...,1??
木雷旗舰店,百草味坚果礼盒混合坚果春节年货零食大礼包...,1??
良品铺子旗舰店,良品铺子8罐纯坚果礼盒零食大礼包干果中秋...,9??
SM线上会员超市代购店,山姆烘烤混合坚果仁盐焗罐装代购开心果腰果...,2??
温州市乐清食品批发商行,徽之梦每日坚果仁腰果仁巴旦木干果蔓越莓干,2?
隆意辉旗舰店,央妈推荐！坚果每日一包独立包装每日坚果官...,3?
天猫超市,美荻斯超级脆每日坚果桶皇冠桶孕妇休闲零食...,2??
徽芸四海干果美食店,土耳其开心果无添加原色新货500g孕妇盐...,2??
首食食品专营店,臻味坚果礼盒环球尊享进口干果春节高档礼品...,8??
松鼠优品食品,三只松鼠坚果零食大礼包夏威夷果年货炒货包...,2?
陌叶食品专营店,官方正品三只松鼠坚果大礼盒中秋节混合干果...,3??
孕味食足旗舰店,孕味食足孕妇零食坚果怀孕期能吃的混合每日...,1??
SAMPT旗舰店,核桃仁特级椒盐核桃仁2026新货官方旗舰...,3?
首食食品专营店,臻味坚果礼盒环球优选干果零食大礼包春节员...,2??
御坚果旗舰店,御坚果原味巴西坚果补硒正宗鲍鱼果仁富硒沙...,3??
鼎贞食品专营店,三只松鼠坚果中秋礼盒零食大礼包整箱干果礼...,1??
锦双彬旗舰店,农科院丨每日坚果独立包装0添加混合果仁孕...,2??
长珩食品专营店,三只松鼠坚果礼盒夏威夷果中秋送礼零食大礼...,7?
春江月食品旗舰店,春江月纯坚果高端礼盒中秋送礼高档送长辈罐...,4??
佲星食品专营店,三只松鼠中秋节坚果礼盒干果零食大礼包中秋...,6?
珍纳春旗舰店,农科院山核桃仁26年新货野生官方旗舰店孕...,1??
三只松鼠甄礼专卖店,三只松鼠坚果礼盒中秋节礼品送长辈领导混合...,9?
沃隆滋味家,沃隆每日坚果大队长750g独立小包装混合...,1??
疆阿伯旗舰店,顺丰新货高端坚果礼盒装红色礼盒多种混合坚...,2??
本善松鼠食品行,三只松鼠中秋坚果大礼包礼盒装干果送长辈高...,4??
爆米乐食品专营店,三只松鼠零食大礼包坚果礼盒干果混合中秋团...,3??
SM线上会员超市代购店,山姆每日坚果900g代购盒装混合坚果独立...,8?
天猫超市,农香森大颗粒带衣腰果新货坚果孕妇办公室营...,6?
线上会员代购店,山姆超市每日坚果礼盒混合果干会员店孕妇零...,2?
洽洽食品官方旗舰店,洽洽坚果礼盒1.083kg罐装纯坚果中秋...,1??
天猫超市,洽洽小黄袋每日纯坚果750g混合果仁休闲...,1??
吃货嘟嘟零食商城,三只松鼠坚果零食大礼包巨型大箱生日礼物中...,1??
官方国货甄选,纯每日坚果仁混合独小包装孕妇儿童专用0零...,2?
爆米乐食品专营店,三只松鼠零食大礼包中秋坚果礼盒过年送亲戚...,3??
天天特卖工厂,碧根果仁袋装长寿果美国山核桃仁零食重小包...,4?
千牛花食品专营店,三只松鼠坚果礼盒新年中秋礼品盒送礼长辈干...,8?
天猫超市,猫超臻选爆卖100w+越南A180紫皮腰...,9?
御龙氏食品工厂店,每日坚果混合坚果干果组合5斤10斤散装称...,1??
优质藏牛店,风干牛肉干内蒙古手撕麻辣西藏特产耗牛肉干...,1??
天猫超市,猫超臻选9成风干牛肉干蒙都内蒙特产高蛋白...,1??
天猫超市,【下拉享优惠】蒙都9成干风干牛肉干内蒙特...,8?
天猫超市,猫超臻选香酥牛肉丝鲜肉炒制蒙都内蒙古高蛋...,3?
天猫超市,失重森林和牛薄脆薄切风干牛脆片牛脆脆牛肉...,9?
天猫超市,草原今朝约9成干特干牛肉原味160g*1...,8?
郑新初旗舰店,网红无添加郑新初烤鲜牛肉辣牛肉干粒香辣麻...,5?
牧官内蒙特产,额姆额吉风干牛肉干手撕香辣孜然原味独立小...,6?
青尚轩食品总店,风干牛肉干内蒙古特产手撕低盐开袋即食无添...,9?
文友食品旗舰店,青海特产文友手撕牦牛肉高原藏区牦牛肉干五...,6?
可可西里食品旗舰店,可可西里牦牛肉干500g麻辣五香牦牛,1??
斡儿朵牛肉干,斡儿朵纯牛肉干风干内蒙通辽草原特产手撕5...,1??
文友食品旗舰店,文友青海特产风干牦牛肉干藏式手撕牛肉干开...,9?
斡儿朵牛肉干,斡儿朵网红纯风干牛肉干内蒙古休闲独立真空...,1??
阿坝牦牛肉干特产店,乡野草原牦牛肉正宗手撕牛肉粒香辣五香味青...,2?
蒙都旗舰店,蒙都手撕牛肉干内蒙古风干牛肉干草原500...,2??
姑娘追旗舰店,新疆姑娘追手撕风干牛肉干1000g特产原...,3??
天山果仓干果店,新疆手撕牛肉干现切风干牛肉干麻辣香辣五香...,9?
天猫超市,蒙之魂全牛肉礼盒酱牛肉特产熟食卤肉节日送...,1??
阿坝牦牛肉干特产店,正宗手撕牛肉干五香麻辣味整条独立包装四川...,4?
内蒙古胖老弟奶食品特产店,内蒙古熟食零食手撕风干牛肉干牛肉原味真空...,7?
天猫超市,蒙之魂内蒙特产卤制酱牛肉礼盒100g*1...,1??
马哈妈妈西博企业店,马哈妈妈牛脆脆薄脆风干牛肉脆片休闲零食呼...,7?
焙鲜说旗舰店,【厂家直发】松口牛爆脆糖醋麻辣爆辣解馋零...,1??
甄尚美居官方企业店,内蒙古特产牛肉干手撕牛肉干风干正宗炭烤牛...,1??
天猫超市,蒙都牛肉干内蒙古风干牛肉低盐低脂休闲零食,1??
Hormel荷美尔旗舰店,荷美尔即食薄切牛肉干35g*10办公室零...,7?
西藏林芝特产 藏林源,西藏特产阿佳风干牦牛肉耗牛肉干高远美食零...,7?
内蒙古胖老弟奶食品特产店,内蒙古风干牛肉干纯牛肉风干牛肉干风干手撕...,7?
IMOC歆枫专卖店,IMOC小李的和牛牛肉干M7谷饲牛肉片无...,8?
IMOC歆枫专卖店,IMOC小李的肥肥牛肉干安格斯谷饲牛肉9...,6?
西藏林芝特产 藏林源,藏林源 西藏特产风干牦牛肉干美食手撕风干...,1??
优质藏牛店,内蒙古风干牛肉干减低肥脂解馋手撕休闲孕妇...,1??
山萃仁喜堂专卖店,中粮山萃牛肉干内蒙古风干特产手撕肉干送礼...,8??
大牧场食品旗舰店,大牧场手撕牛肉干内蒙古风干官方旗舰店独立...,1??
蒙都旗舰店,蒙都风干牛肉干内蒙古超干牛肉干草原零食办...,3??
清庆食品,正宗内蒙古特产风干手撕500g*3香辣独...,1??
绿盛食品旗舰店,绿盛牛肉粒儿童零食小吃即食解馋五香沙嗲牛...,1??
牛犇犇特产,【买1送1】风干手撕耗牦牛肉干内蒙古四川...,2??
牛味思旗舰店,风干鸡肉干鸡胸肉干肉条麻辣耐嚼解馋小吃休...,2?
春燕的特产店,四川手撕风干牛肉干500g阿坝西藏特产超...,1??
SM线上会员超市代购店,山姆牛肉干内蒙古风干熏烧烤肉小吃零食内蒙...,1??
东来品牌店,胖东来牛肉干内蒙古手撕风干牛肉条粒无糖孕...,6?
斯日古楞风干牛肉干,牛胸口油风干牛肉干片正宗内蒙古特产熟食加...,4?
仙俏旗舰店,内蒙古风干牛肉干手撕正宗特产牛肉零食无添...,1??
小李的牛排课,IMOC小李的谷饲安格斯牛肉干牛脆脆牛薄...,2??
sundry山萃旗舰店,中粮山萃风干牛肉干内蒙古特产孕妇零食手撕...,2??
天一角食品旗舰店,天一角丝绒牛肉干沙爹零食旗舰店官方温州湖...,3??
天猫超市,士力架焦糖花生夹心巧克力400g*2桶学习运动充能量棒小零食喜糖果,9?
天猫超市,脆香米小马宝莉造型牛奶巧克力棒棒糖12g*12支儿童休闲小零食糖果,1??
godiva歌帝梵食品旗舰店,【中秋节礼物】godiva歌帝梵大师巧克力礼盒休闲办公室零食送女友,2??
天猫超市,爱莲巧俄罗斯进口巧克力纯可可脂组合装独立小块方便拿取零食生巧,1??
天猫超市,瑞士莲软心精选巧克力进口休闲零食糖果婚庆多种口味,2??
meiji明治官方旗舰店,meiji明治经典排块牛奶巧克力75g5盒黑巧纯可可脂独立小包分享装,5?
天猫超市,Kinder健达巧克力夹心牛奶巧克力制品20条装办公室休闲零食,4?
金旺巧克力,金沙巧克力夹心婚庆散装结婚喜糖果仁情人节烘焙蛋糕装饰,1?
旭泰源旗舰店,一不小心又买了！皇姿中国红巧克力砖块颜色超级红~,5?
旭泰源旗舰店,旭泰源皇姿彩色多味巧克力烘焙专用烘焙蛋糕装饰原料（代可可脂）,4?
patchi旗舰,Patchi芭驰迪拜夹心巧克力礼盒装进口高端零食送女友生日礼物伴手礼喜糖,1??
太子妃的西餐烘焙店,可可百利入炉黑巧克力豆50%85%纯可脂耐烤耐高温巧克力豆烘焙原料,9.??
天猫超市,爱莲巧俄罗斯牛奶榛子味巧克力排块纯可可脂25%可可入口丝滑喜糖,1??
嘉利宝旗舰店,比利时进口可可含量70.5%嘉利宝黑巧克力豆2.5kg家庭烘焙蛋糕原料,5??
godiva歌帝梵官方旗舰店,【婚庆喜糖】Godiva歌帝梵牛奶夹心黑巧克力喜糖高端宴会伴手礼,8??
meiji明治官方旗舰店,meiji明治限定中秋送礼休闲零食分享悦享礼盒牛奶巧克力黑巧零食,1??
天猫超市,费列罗榛果威化巧克力制品8粒100g*1盒喜糖教师节礼物礼盒零食,5?
王后面粉商用装官方店,嘉利宝100%黑巧克力豆500g比利时原装进口纯可可脂块烘焙专用生酮,8?
王后面粉商用装官方店,嘉利宝巧克力500g-2.5kg比利时进口黑巧白巧豆币纯可可脂烘焙专用,8?
aficion歌斐颂旗舰店,歌斐颂70%/85%/90%黑巧克力多浓度组合运动健身零食备考考试礼物,8?
姐妹烘焙屋,梵豪登嘉利宝黑/白巧克力砖香醇代可可脂烘焙用DIY巧克力砖1kg,3?
天猫超市,【中秋礼物】每日黑巧黑巧克力酸甜苹果干浆果燕麦120gAaaaapple,1??
blondel旗舰店,Blondel布隆德 盐之花巧克力锤瑞士进口纯可可脂高端休闲零食糖果,1??
aficion歌斐颂旗舰店,歌斐颂100%黑巧克力纯可可脂健身无添加蔗糖超苦零食烘焙网红58g,6?
新疆特色美食,土耳其优客ulker阿乐巴尼Albeni牛奶夹心巧克力500g新疆超市同款,2?
脆香米旗舰店,脆香米散装500g脆米心夹心巧克力休闲零食巧克力办公室解馋小吃,3?
海边的王姑娘 来自海岛的特产 海岛旅游网,威海特产｜无花果巧克力｜威海精品特产里口果园系列伴手礼,6.??
阿部淘淘88,日本神户树叶Morozoff季节限定手工巧克力牛奶糖果伴手礼【现货】,1?
贤小东旗舰店,迪拜棉花糖巧克力风味云朵开心果牛奶夹心巧克力codex正版旗舰店,3?
筱暄食品专营店,德芙6g香浓黑巧克力小巧粒排块结婚庆喜糖果零食休闲小吃散装批发,9?
颖琳食小屋,【动漫同款/日本Meiji 明治雪吻限定浓厚小巧牛奶草莓口味巧克力,2?
吃嘴猴零食铺,巧克力 雀岛牛奶巧克力大板 块砖大板块,3?
巧克力大班丨原产地正品,新品比利时专柜原装leonidas利奥尼达斯黑巧克力奶巧100g减糖进口,9?
嘉利宝旗舰店,意大利原产黑巧克力爆谷米800g嘉利宝巧克力脆珠装饰家庭烘焙原料,2??
将甜生活馆的小店50,澳洲feastables秘鲁Mr Beast野兽先生零食牛奶巧克力60g*10袋装,5??
宏平烘焙,生日蛋糕装饰巧克力金条金币元宝祝寿财神婚庆喜糖摆件烘焙插件,9.??
elletter旗舰店,Elletter德噜噜进口纯可可脂坚果黑巧克力榛子巴旦木草莓冻干零食,1??
RitterSPORT瑞特滋旗舰店,【1kg钜惠装 囤货优选】瑞特滋夹心巧克力喜糖批发量贩装德国进口,2??
润泽轩食品专营店,德芙5.5g麦芽脆心巧克力小巧粒排块结婚庆喜糖果零食小吃散装批发,9?
天猫超市,嘉利宝意大利原产黑巧克力爆谷米豆脆脆珠家庭烘焙装饰零食生巧,2??
天猫超市,【正品行货】Lindt瑞士莲精选软心巧克力分享装糖巧优质可可,1??
tb889664655419,日本nanaya同款抹茶渐变巧克力8种不同浓度茶伴手礼盒表白送女友,3?
优谷爵旗舰店,巧克力自热火锅好乐园豪华DIY自制趣味巧克力棉花糖蘸酱方便速食,1?
lok旗舰店,Lok黑巧克力哥伦比亚原装进口纯可可脂100%/85%/70%/60%条状35g,1??
润泽轩食品专营店,德芙巧克力小巧粒丝滑牛奶香白浓黑结婚庆喜糖果零食混合散装批发,1??
筱暄食品专营店,德芙6g榛仁黑巧克力小巧粒排块结婚庆喜糖果零食休闲小吃散装批发,9?
越南特色零食店,越南原装代购MR.VIET巧克力芒果榴莲椰子特色风味情人节生日送礼,4?
露玉雅旗舰店,黑巧克力无蔗糖100%纯可可脂0脂代餐提神醒脑原装进口官方旗舰店,1??
RICH IN CHEESE 舒胡蕾,法式吊带连衣裙女夏高级感气质收腰长款包臀...,211.00
疏时旗舰店,疏时 竹影系列 碧色蕾丝拼接桑蚕丝亚麻长...,2399.00
WhyBerry Lab,WhyBerry 26SS“纯白茉莉”娃...,329.00
香影官方旗舰店,香影波西米亚白色连衣裙女2026秋节新款...,569.00
K姐KSOEUR 品质女装,K姐KSOEUR 【花样年华】  工装风...,409.00
fuunnyfeelln官方旗舰店,FF仿佛连衣裙2025年夏季新款气质PO...,1699.00
LATTITUDE OFFICIAL,热销1w+ Lattitude/杨小鹭 ...,388.00
RALPH LAUREN官方旗舰店,Ralph Lauren/拉夫劳伦女装 ...,3990.00
芊蕙自制女装,莫代尔垂感吊带裙女灰色背心裙夏季新款打底...,188.00
LOWEY,[现货]lowey 素描庄园 法式连衣裙...,599.00
K姐KSOEUR 品质女装,K姐KSOEUR【秘境】香云纱蜡染拓印风...,369.00
张大人订制大码女装,张大人大码女装微胖mm韩系清新风波浪边针...,189.90
张大人订制大码女装,张大人大码女装胖mm韩系显瘦小清新宝蓝色...,89.90
SoLighter,solighter法式粉色莱赛尔v领系带...,429.00
VASSE   [原Veee],Veee 浪漫夜玫瑰 黑色碎花显瘦泡泡袖...,189.00
SoLighter,solighter 法式莱赛尔皱感圆领收...,449.00
isislove旗舰店,ISISLOVE纯欲风白色抽褶收腰显瘦吊...,358.00
LIIXU女装服饰,Liixu 夏季老钱风工装衬衫裙女米白色...,282.90
菀草壹女装旗舰店,菀草壹26夏粉色挂肩印花蛋糕裙法式miu...,660.00
一颗小野莓,一颗小野莓碎花吊带连衣裙女夏2026新款...,119.99
EGGKA,EGGKA蝴蝶结波点拼接假两件短袖连衣裙...,129.90
Q女家chiwawameme,Q女家 西柚气泡水/奶黄色挂脖连衣裙夏季...,328.00
芊蕙自制女装,莫代尔垂感连衣裙女灰色吊带裙夏季新款长裙...,189.00
LOWEY,[现货]lowey海浪协奏曲'flowi...,559.00
黑色草莓  STRAWBERRY,法式复古短袖碎花裙女夏季圆领连衣裙度假风...,72.00
菀草壹女装旗舰店,菀草壹2026夏度假风紫色荷叶边印花露肩...,648.00
Moment 1991,moment白色中长款polo领衬衫连衣...,598.00
WhyBerry Lab,WhyBerry 25SS“莓果芭菲”蝴...,389.00
SHENSHEN with U,深深定制 法式高级感露肩连衣裙女白色缎面...,329.00
SimpleRetro 官方店,SimpleRetro雾粉叙夏 天丝棉交...,388.00
RECOIN R1C,RECOIN R1C 蓝色蕾丝荷叶边抹胸...,388.00
moco官方奥莱旗舰店,MOCO针织裙春夏多巴胺撞色轻复古条纹肌...,2399.00
戴素轻奢原创女装,MA**RA同源面料 日本三醋酸混纺 通...,299.00
安妮不火,安妮不火 蕾丝花边领鱼骨收腰碎花连衣裙女...,238.00
DISCOGLAM,DiscoGlam 法式无袖小众复古格纹...,249.00
岛歌夫人,岛歌夫人黑色半高领短袖连衣裙收腰开叉长裙...,169.00
花伦原创店,花伦 “梨泰院”意大利进口天丝亚麻金标背...,434.20
车迟恩Chien Che,车迟恩Chien 仙气水墨碎花雪纺长裙夏...,369.00
SimpleRetro 官方店,SimpleRetro暮蓝圆舞 法式蕾丝...,338.00
壹间定制女装店,艾诺丝女装2026夏季新款收腰显瘦不规则...,1180.00
佛系少女和怪味少女,日韩露背百褶无袖背心连衣裙女夏复古设计感...,26.00
KROCHE,王可同款 Kroche「浪漫七夕」法式船...,469.00
独束旗舰店,独束分身型微定制假两件学院风连衣裙26秋...,719.00
KROCHE,胡静怡同款 Kroche 流动月光 法式...,399.00
戴素轻奢原创女装,MA**RA同源面料 日本三醋酸混纺 通...,299.00
安妮森林annforest设计师店,重工仙气花卉刺绣纯苎麻粉色压褶显瘦连衣裙...,1156.00
WANGXO,WANGXO｜蚂蚁皱乱麻针织｜手工3D捏...,239.90
范吸吸,范吸吸/休闲小钱裙/女装夏季2026新款...,219.00
lululemon官方旗舰店,Stretch Woven 女士阔腿裤 拒水*亚洲版型丨lululemon丨LW5HTOA,1???
ABWLR (原ABWEAR),ABWLR色彩幻境-原创渐变晕染阔腿牛仔裤女秋季新款宽松直筒拖地裤,5??
悟空有货原创设计师品牌,悟空有货美式复古迷彩工装牛仔裤男潮牌嘻哈高街hiphop直筒阔腿裤,1??
NERESUM,NERESUM美式复古星星印花牛仔短裤女做旧水洗宽松阔腿休闲七分裤,1??
DailyScene,DailyScene「从轻」垂感口袋捏褶廓形空气阔腿裤百搭休闲棕色长裤,3??
悟空有货原创设计师品牌,悟空有货老钱风腰带亚麻纹弯刀西裤男松弛感宽松阔腿休闲西装长裤,1??
loannina旗舰店,蓝色格子裤子女夏季薄款2026新款高腰休闲裤子秋季显瘦直筒阔腿裤,7?
ABWLR (原ABWEAR),ABWLR 素素美女-秋季灰色简约风西装阔腿裤宽松高智感拖地休闲裤,3??
古怪舍原创设计肚皮衣饰局,国风无性别穿搭 | 越简单越高级,2??
森女部落SNBL,森女部落可爱少女粉色阔腿裤薄款长裤女夏小个子多巴胺休闲裤子秋,1??
Moment 1991,moment卡其色纯棉阔腿八分裤女2026早秋新款宽松休闲裤高级感百搭,3??
一个未来富豪买了,美式复古字母拼接格纹休闲裤男夏季新款宽松阔腿垂感拖地格子裤女,7?
JYFSYXGS,莱赛尔天丝深蓝色七分牛仔裤女小个子夏薄款高腰宽松直筒阔腿中裤,8?
IWTFF,IWTFF 黑爵士明线解构莱赛尔羊毛直筒阔腿喇叭西裤垂感抗皱休闲裤,2??
Moment 1991,moment白色灯芯绒阔腿裤女春秋季2023新款宽松直筒休闲垂感显瘦,4??
依艾格旗舰店,极简风白色高腰阔腿牛仔裤女春秋季新款小个子裤子宽松垂感直筒裤,1??
YOBARLA 优芭拉女装,条纹阔腿休闲裤女秋季新款胖mm宽松大码显瘦梨形身材垂感直筒裤子,1??
YOBARLA 优芭拉女装,黑色阔腿休闲西装裤女秋季大码胖mm宽松显瘦梨型身材垂感直筒裤子,1??
Don Cry,Don Cry 美式复古做旧阔腿弯刀牛仔裤男女新款松弛感宽松休闲裤子,1??
MATTUCLB STUDIO,MATTUCLB 美式复古水洗七分牛仔裤女夏季高腰显瘦秋宽松阔腿中裤,8?
WXB无性别 线上商店,韩国 cleanfit双折A字西裤TR混纺垂感宽松休闲直筒裤通勤长裤男女,1??
依艾格旗舰店,深蓝色阔腿牛仔裤女2026年春秋季新款小个子高腰宽松垂感拖地裤子,1??
NERESUM,NERESUM甜美满印爱心卫裤女秋冬嘻哈跳舞裤子垂感显瘦直筒运动裤,1??
ONLPP,ONLPP美式复古慵懒风粉色阔腿裤女低腰显瘦宽松垂感休闲直筒长裤,2??
mammon财神家原创设计,白色莱赛尔天丝阔腿裤女2026夏季薄款高腰宽松显瘦垂感直筒休闲裤,1??
Need Money,Need Money条纹排扣西裤 TR混纺垂感休闲裤 四折A字阔腿通勤长裤,1??
黑色草莓  STRAWBERRY,灰色遛弯抽绳休闲裤女秋季运动直筒裤子宽松软糯垂感阔腿舒适长裤,7?
Don Cry,Don Cry 美式复古水洗牛仔裤新款男女街头百搭休闲直筒宽松裤子潮,1??
珞岚彩旗舰店,黑色阔腿裤女2026秋季新款小个子长裤直筒裤子高级松弛垂感西装裤,1??
Luoluo微胖定制女装,浅色阔腿牛仔裤女秋季新款大码胖mm宽松显瘦梨型身材垂感直筒裤子,1??
ZSEE ISLAND,ZSEE直筒工装裤男女秋季新款美式潮牌复古宽松阔腿垂感休闲伞兵裤,3??
KTONE,KTONE秋季新款蓝色高腰宽松牛仔裤女显瘦常规阔腿裤直筒长裤子,2??
ONLPP,ONLPP美式复古运动裤女灰色阔腿弯刀裤宽松休闲卫裤直筒拖地裤子,2??
轻城 苏小糖,轻城苏小糖|日本裤2.0 卡其色高腰阔腿休闲裤女宽松全棉百搭裤子,2??
梅莉娅 极简Studio,老钱风白色亚麻阔腿裤女小个子夏季新款垂感棉麻休闲直筒麻料长裤,1??
UR官方旗舰店,UR2026秋季新款女装气质燕麦格雷肌理感抽绳阔腿裤UWM660121,1??
呆毛DMFACTORY,呆毛不规则裁片拼接设计感阔腿西装裤女休闲宽松垂感直筒拖地裤子,1??
kumikumi,条纹裤休闲裤女秋季直筒裤阔腿裤,7?
FKUG南相酱,FKUG高个子美式复古辣妹低腰阔腿牛仔裤女秋季高街宽松拖地弯刀裤,1??
醒醒火了,醒醒火了卡其色高腰牛仔裤女2026年秋季宽松直筒阔腿百搭休闲长裤,1??
mammon财神家原创设计,美式绿色工装阔腿裤女2026秋季新款高腰宽松显瘦小个子休闲弯刀裤,1??
XFX FLY小飞侠,XFX 国潮美式复古宽松解构拼接阔腿工装裤女高街cleanfit小众长裤,1??
ESUZ旗舰店,高级垂感咖棕色阔腿牛仔裤女秋冬加绒2025新款高腰宽松直筒裤子女,1??
XinDUguan,美式复古黑色卫裤休闲裤女春秋季新款设计感翻边直筒运动裤子潮,8?
三福官方旗舰店,三福休闲裤2026秋季新款休闲松紧腰个性宽松阔腿直筒裤长裤女装,1??
XinDUguan,美式复古丹宁蓝色卷边牛仔裤女春秋季新款设计感拼接宽松阔腿裤子,7?
时尚速递店,美式复古牛仔裤女春秋季新款折痕阔腿休闲设计感显瘦宽松梧桐裤子,6?
FAESSLIN STUDIO高个子穿搭,FAESSLIN 灰色运动裤女高个子加长休闲香蕉卫裤宽松弯刀阔腿裤秋,2??
SecretWorld秘密世界,SecretWorld内衣女小胸聚拢收副乳防下垂无痕隐形夏季显大文胸罩,7?
VICTORIA'S SECRET官方旗舰店,直降208|维密杨幂同款反重力MAX大胸显小无钢圈无痕文胸女夏薄,4??
VICTORIA'S SECRET官方旗舰店,直降238|维密明星同款ACE三角杯蕾丝叠穿LOGO字母肩带文胸女夏,5??
Bananain蕉内旗舰店,蕉内501S内衣女士聚拢小胸性感文胸无钢,1??
草本初色集团旗舰店,草本初色内衣女低领夏薄款聚拢隐形透气2026新款细肩带美背文胸罩,9?
Bananain蕉内旗舰店,蕉内511S美背内衣女小胸聚拢收副乳防下垂无痕性感隐形文胸胸罩,1??
好奇蜜斯旗舰店,好奇蜜斯小胸聚拢内衣女夏薄显大无钢圈法式蕾丝文胸罩套装防下垂,9?
婷美服饰旗舰店,婷美蚕丝抑菌杯少女生运动防震初高中立体固定杯发育内衣文胸,2??
蜜桃bra集合店,凉感无痕内衣女学生无钢圈运动聚拢少女文胸舒适透气显小吊带背心,1?
vtt旗舰店,时尚小胸女|vtt无钢圈文胸显大聚拢款,1??
有棵树官方旗舰店,孟子义推荐有棵树内衣女小胸聚拢收副乳防下垂无痕女士文胸,1??
草本初色集团旗舰店,【孙怡同款】草本初色内衣女粉底液夏季薄款细肩带小胸聚拢文胸罩,1??
佰丝娜官方旗舰店,无痕裸感内衣女士小胸聚拢无钢圈收副乳防下垂美背文胸罩舒适薄款,6?
完美记忆旗舰店,完美记忆粉底液内衣女文胸夏薄款隐形无痕美背细肩带小胸聚拢胸罩,5?
迷尚萨拉旗舰店,内衣女学生初中大童无钢圈文胸发育期细肩带少女薄款胸罩无痕背心,5?
小春更旗舰店,小春更初中生内衣女高中学生青春期发育期背心15岁女大童少女文胸,1??
小春更旗舰店,小春更高中生少女文胸青春发育期初中学生内衣15岁青少年定型胸罩,1??
都市丽人服饰旗舰店,都市丽人蕾丝内衣女夏薄款小胸聚拢显大舒适透气收副乳防下垂文胸,9?
顶劲劲旗舰店,【凉朵儿】内衣女夏天大胸显小超薄款无痕透气防下垂胖mm大码文胸,8?
都市丽人潮流旗舰店,都市丽人大码提拉内衣女聚拢防下垂收副乳大胸显小薄款全罩杯文胸,1??
joomuu旗舰店,Joomuu无痕束胸运动内衣大胸显小裹美背心防凸点超平胸神器cos女,2??
都市丽人精品旗舰店,都市丽人蕾丝内衣女夏薄款聚拢收副乳防下垂文胸罩女款2026新款,1??
HALOYOU小优内搭衣阁,甜美小蝴蝶结无痕少女碎花内衣女小胸聚拢防下垂学生美背运动文胸,6?
都市丽人旗舰店,都市丽人二阶段发育期内衣小初中学生无痕文胸青春期女孩儿童背心,5?
多情猫旗舰店,张月同款|多情猫VV扣杯粉底液前扣内衣女小胸聚拢显大收副乳文胸,1??
都市丽人精品旗舰店,都市丽人内衣女夏薄款小胸聚拢收副乳防下垂性感蕾丝2026年新款,9?
猫人内搭旗舰店,猫人内衣女小胸聚拢无痕文胸立体杯果冻胶软支撑裸感内衣26年秋冬,9?
安比乐旗舰店,云朵无痕内衣女粉底液隐形美背心式运动夏季薄款大胸显小大码文胸,2??
杭拍旗舰店,少女文胸学生运动内衣女大童防震背心发育期15岁初中高中生青春期,8?
都市丽人服饰旗舰店,都市丽人蕾丝碎花内衣女小胸聚拢防下垂收副乳舒适无痕薄款文胸罩,9?
Beauty 轻奢甄选,韩国热卖粉底液冰丝内衣薄款无痕隐形小胸聚拢大胸显小文胸,3??
歌姿婷旗舰店,大胸显小胸内衣女夏薄款聚拢收副乳防下垂无痕大码胖mm全罩杯文胸,1??
都市丽人内衣旗舰店,都市丽人内衣女士收副乳防外扩上托夏薄款无钢圈小胸显大文胸罩,1??
草本初色旗舰店,草本初色文胸内衣女生聚拢小胸收副乳防下垂女士无痕蕾丝胸罩套装,5?
都市丽人内衣旗舰店,【低领美背】都市丽人粉底液挂脖内衣隐形无痕细肩带小胸聚拢文胸,7?
SecretWorld秘密世界,Secret World嘭嘭杯内衣女小胸聚拢收副乳防下垂上托显大无痕文胸,9?
MiiOW猫人内衣旗舰店,猫人初高中学生内衣发育期二阶段青少年女孩运动防震少女文胸背心,4?
草本初色服饰旗舰店,草本初色提拉内衣女大胸显小防下垂无痕聚拢收副乳调整型文胸罩,6?
六只兔子内衣店,六只兔子无钢圈内衣女小胸聚拢胸罩侧收副乳果冻条软支撑无痕文胸,1??
都市丽人官方旗舰店,都市丽人大胸显小内衣女夏薄款透气聚拢提拉收副乳无钢圈蕾丝文胸,1??
嫦香诗旗舰店,内衣女夏薄款大胸显小胸聚拢收副乳防下垂套装性感纯欲蕾丝文胸罩,1??
都市丽人官方旗舰店,都市丽人少女内衣18岁高中大学生无痕聚拢小胸防下垂蕾丝碎花文胸,1??
完美记忆旗舰店,完美记忆大u美背内衣女士小胸聚拢挂脖细吊肩带隐形文胸罩夏薄款,6?
维多利亚高端内衣馆,维多利亚调整型内衣小胸聚拢收副乳无钢圈防下垂性感蕾丝文胸套装,3??
贝盈达旗舰店,高中生内衣女学生初中运动防震背心女童二三阶青春发育期少女文胸,4?
OEING内衣店,OEING内衣女小胸聚拢文胸不空杯显大收副乳防下垂无痕粉底液胸罩,1??
巢莎旗舰店,同款无尺码小奶皮无痕隐形内衣女美背心式运动大胸显小大码文胸罩,7?
芬腾服饰内衣直销店,芬腾粉底液内衣女夏薄款无痕美背小胸聚拢2026新款隐形肤色文胸罩,9?
荷香艺梦旗舰店,【爆!粉丝专享】儿童国学服【优质面料】舒...,74.00
夕洛茜旗舰店,夕洛茜白色清冷汉服套装女魏晋风仙女裙大袖...,399.00
静还决汉服,静还决 繁华绮梦 原创明制汉服套装比甲长...,207.00
乐彩服饰,男童汉服儿童,80.00
夕洛茜旗舰店,夕洛茜白色汉服女仙气飘逸齐胸襦裙古装演出...,429.00
静还决汉服,静还决 玉鸢 原创宋制汉服女外大袖对襟衫...,424.00
潮优贝旗舰店,汉服女童魏晋大袖衫儿童2026新款古装国...,239.00
琼玉阁原创汉服工作室,琼玉阁绒绒水貂绒立领弓袋袖宋裤旋裙汉服女...,79.00
芭米诺旗舰店,女童汉服春秋中国风唐装敦煌飞天异域风情古...,130.00
芭米诺旗舰店,汉服女童春秋小女孩2026新款中国风唐装...,119.00
暖色原创汉服,暖色原创汉服女【花神】唐制齐胸渐变襦裙花...,358.00
春和 国风工作室,【春和】声声慢 宋制复原仕女图 天丝对襟...,150.00
玉术旗舰店,玉术新品【揽月裁樱】大袖衫吊带重工刺绣春...,358.00
暖色原创汉服,暖色【青衣】宋制原创汉服女对襟大袖衫长干...,19.90
静还决旗舰店,静还决「周年庆」 似海棠 原创明制汉服女...,295.00
青伊阁汉服馆,蓝尾蝶汉服女古装重工刺绣齐腰大袖衫诃子裙...,698.00
潮优贝旗舰店,国风女童汉服春秋2026新款儿童古风超仙...,259.00
仙楚姬旗舰店,仙楚姬原创汉服【蛇】刺绣双层大袖衫交领长...,999.00
裳云兮旗舰店,裳云兮原创汉服女【青谣】日常齐胸襦裙中国...,268.00
忆汐阁原创汉服,原创汉服水墨竹男女情侣魏晋风超仙印花大袖...,158.00
蜀司绣罗衣原创设计,蜀司绣罗衣丨无涯丨【售完不补】交领长衫帅...,35.00
静还决旗舰店,静还决明月拂松 原创汉服男女同款情侣款直...,271.00
蜀司绣罗衣原创设计,蜀司绣罗衣丨碧霄丨明制罩甲贴里曳撒酷帅侠...,38.00
春和 国风工作室,【春和】行香子 宋制齐腰汉服 仕女图 夏...,150.00
裳云兮旗舰店,裳云兮原创汉服女【青谣】日常齐胸襦裙中国...,999.00
仙楚姬旗舰店,仙楚姬原创汉服【木兰辞】侠客风汉服小师妹...,398.00
维雏旗舰店,高级汉服女童春秋2026新款儿童马面裙古...,498.00
潇晨记原创汉服,潇晨记【春桃】原创唐制汉服女齐胸破裙复原...,128.00
妮莎倍儿童装,汉服男童马面裙古风儿童套装2026新款中...,158.00
九笙原创服饰设计馆,九笙原创【花瑶】唐制汉服女齐胸汉元素绣花...,148.00
仙楚姬原创汉服,仙楚姬原创汉服【蛇】刺绣双层大袖衫交领长...,999.00
十叁月汉服,十叁月【惊鸿客】唐制圆领袍古装cospl...,148.00
汉家衣尚 国风汉服,汉服女唐制齐胸裙成人日常超仙可爱古风改良...,164.00
汉唐一梦 汉服,原创汉服女【烟霞碧波】明制长衫比甲马面裙...,118.00
月梳茼旗舰店,金枫玉树原创汉服女重工刺绣诃子裙改良齐胸...,268.00
玫布琳原创汉服店,玫布琳原创春季新款汉服女明制妆花纱短袄交...,288.00
汉如初 汉服汉元素工作室,汉如初原创落樱吹雪汉服女中国风汉元素新中...,539.00
异誌閣,异志阁原创汉服【青山引】改良魏晋重工刺绣...,968.00
青伊阁汉服馆,重工战国袍汉服女蓝色露肩古装中国风直裾大...,568.00
汉如初 汉服汉元素工作室,未知星辰授权狐踪秘录汉服女中国风汉元素新...,628.00
花仙记汉服,花仙记【小羊庄园】原创汉服琵琶袖马面裙汉...,69.00
晚月秋的小店73,古装宋制汉服套装中国女武侠风齐腰襦裙超仙...,248.00
汉韵轩汉服,一不小心就迷上！汉服套装女田耕古装,198.00
柒夕棠汉服,新款【蝶影】重工刺绣大袖衫紫色汉服女古风...,999.00
羽毛鱼旗舰店,汉服男童古装儿童古典舞演出服国风2026...,78.00
唐韵坊汉服阁,中国风汉服女古装红色交领宽袖系带超仙日常...,79.90
长乐原创汉服工作室,【长乐】原创唐风汉服【树】直襟衫法门寺披...,35.00
彬妃旗舰店,红色汉服女款成人武侠古装齐腰破裙古风剑舞...,288.00
蓝瑟旗舰店,高腰蓝色牛仔短裙女2026春夏新款a字裙显瘦百搭黑色包臀半身裙子,1??
LotusRoot三寸藕,三寸藕【秋分麦浪】复古格子花边半身裙新款秋季通勤显瘦A字裙女,7?
KROCHE,陈芷琰同款 Kroche 浪漫法式 不规则下摆 蕾丝花边A字长款半身裙,3??
LotusRoot三寸藕,三寸藕【奶油甜屿】奶油风少女感杏色A字半身裙秋季高腰花苞裙子,1??
一颗小野莓,一颗小野莓a字高腰半身裙女2026年夏季新款超好看的法式复古长裙,1??
有耳uare女装原创设计,有耳uare原创设计 雀跃的自由 复古飞鸟贴布绣可拆腰封长裙半身裙,3??
芊蕙自制女装,直筒半身裙黑色包臀裙春秋2023新款高腰,1??
芊蕙自制女装,金丝绒半身裙女中长款2026新款秋冬季高腰显瘦高级感开叉直筒裙子,1??
三不原创女装,韩系甜美减龄泡泡花苞裙女夏季新款宽松休闲a字短裙蓬蓬半身裙子,1??
MR DUANZL,MRDUANZL不规则半身裙女2026春季小众设计感法式白色长裙蛋糕裙子,8?
北岛AMUU,「北岛AMUU原创」韩系大口袋绿色a字短裙女26夏季新款高腰半身裙,1??
依艾格旗舰店,卡其色高腰a字半身裙女2026新款春夏韩系显瘦通勤包臀短裙小个子,1??
林大事LINTINGXIN,灰色百褶西装裙女半身裙高腰休闲a字春夏季过膝中长裙,5?
Onthereverse,Onthereverse 原创设计感学院风黑色抽绳系带A字日系百褶半身裙女,2??
lululemon官方旗舰店,Groove 女士折叠腰部中腰短裙丨lululemon丨LW8AV5S,7??
空栗鼠丸JK,学院风jk长裙百褶裙长款半身裙高腰显瘦小个子a字裙伞裙女jk裙夏,3?
小丫头衣社,韩系慵懒风波点半身裙女2026秋季新款松紧腰休闲A字花苞中裙1324Q,8?
Korean  Girl,美拉德咖色拼接格子长款半身裙女春秋季高腰显瘦灯芯绒A字长裙子,9?
北岛AMUU,「北岛AMUU」多巴胺绿色高腰a字半身裙女夏新款小众百搭褶皱短裙,1??
MASS Boutique,MASS灰色半身裙女2026春夏新款高腰显瘦A字裙小个子包臀裙防走光,1??
loannina旗舰店,灰色百褶裙女中长裙夏季2026新款高腰a字裙小个子半身裙显瘦伞裙,9?
AN高端原创女装,高级感纯色毛呢半身裙女灰色短裙2026秋冬韩系简约百搭A字包臀裙,2??
南在北方下 Large size,大码胖mm蓝灰色格子鱼尾半身裙女秋冬中长款裙子遮肉格纹包臀长裙,9?
南在北方下 Large size,大码胖mm黑色碎花灯芯绒半身裙女秋冬季复古甜美a字微胖显瘦长裙,8?
OOK STUDIOS,OOKSTUDIOS日系休闲松紧半身裙短裙女2026春夏新款百搭显瘦运动裙,8?
零度苏打,零度苏打  灰色波点百褶裙女秋冬裙子长款半裙新款小个子半身裙,1??
MASS Boutique,MASS 美拉德咖色灯芯绒高腰a字半身裙女2025秋冬新款显瘦中长裙,1??
岛歌夫人,岛歌夫人重工花型蕾丝半身裙女秋季新款半裙温柔直筒裙高腰长裙子,1??
韩流风小女人,韩系百搭显瘦高腰半身裙女2026秋季新款时尚简约通勤开叉A字短裙,1??
巧巧家小个子女装,150小矮个子西装百褶半身裙女秋高腰a字中长款梨形身材显瘦搭配xs,9?
韩流风小女人,显白咖啡色高腰a字牛仔半身裙显腿长小个子短裙,1??
雯馨兰旗舰店,咖啡色复古美拉德风牛仔半身裙女2026秋季新款a字口袋工装短裙ins,1??
李岚川子,复古油画感碎花A字半身裙女2026年夏季新款韩版高腰显瘦气质短裙,4?
Korean  Girl,y2k辣妹不规则白色蛋糕裙半身裙女夏季设计感镂空系带蓬蓬短裙子,9?
空栗鼠丸JK,空栗鼠丸JK百褶裙基础款短裙女正版纯黑色高腰半身裙不良jk中长裙,3?
依艾格旗舰店,灰色百褶裙短裙女2026新款春夏西装小个子高腰显瘦a字半身裙秋冬,1??
图图 小姐,图图小姐 漫溪 复古晕染印花半身裙女夏季斜裁鱼尾中长款短裙,4?
BLACKWHITE原创独家设计,设计感山本暗黑灰色捏皱高腰显瘦半身裙女2026秋夏新款a字裙个性,2??
米子旗旗舰店,米子旗高腰半身裙女春秋2026新款修身显瘦a字小个子格子拼接短裙,1??
betu旗舰店,简约风格必选|适合追求简约的女性穿搭,3??
陈妙妙 微胖定制,胖mm大码西装裙黑色半身裙短裙女春夏款高腰包臀裙梨形身材A字裙,1??
耶古旗舰店,天丝印花小波点中裙女初秋轻盈透气荷叶边半身裙小个子包臀鱼尾裙,1??
blj快时尚,简约通勤风高腰A字半身裙女藏青色显瘦设计感小众百褶裙中长A字裙,2??
Rena 小铺,RENA薄荷绿A字半身裙女夏甜美少女风中长裙垂感飘逸度假风,9?
lagogo服饰旗舰店,莱赛尔LAGOGO甜酷工装短裙女拉谷谷2026秋新款棕色美式复古半身裙,4??
AN高端原创女装,深灰色毛呢半身裙2026冬季新款超好看设计感A字短裙子通勤包臀裙,2??
Don Cry,Don Cry灰色拼接工装口袋鱼尾裙女美式水洗水洗A字休闲纯棉半身裙,1??
Suzukib女装,白色斜边蕾丝花边半身裙女春季新款设计感高腰显瘦不规则中长裙子,8?
贝斯妮格旗舰店,新中式旗袍敬酒服新娘2024鱼尾结婚订婚...,4??
OfAkiva,【李梦同款】OfAkiva“罗曼词”新中...,3??
无艳一禾,无艳一禾【白秀珠】原创新中式人棉亚麻提花...,9??
苏玉豪旗舰店,绿色旗袍高端气质少女新中式2026新款夏...,2??
宝石嫁衣,黑色无袖改良走秀旗袍女长款修身显瘦开叉鱼...,7??
一城风絮丨复古原创女装,新款丨绣花复古民国风倒大袖全开襟立领旗袍,1???
宝石嫁衣,改良走秀旗袍演出服女长款中国风高端丝绒修,6??
十六梅,十六梅《笑春风》新款新中式提成改良原创设...,5??
优爱菲旗舰店,高端妈妈喜婆婆婚宴装丈母娘礼服香槟色洋气...,2??
Rian trea雨婷,Rian trea雨婷 新中式复古旗袍连...,3??
OfAkiva,【李梦同款】OfAkiva“三彩”新中式...,3??
一城风絮丨复古原创女装,天姿雪丨一城风絮丨复古立领盘扣全开襟无省...,1???
十六梅,十六梅《夕照》100%桑蚕丝40姆米提花...,6??
Q女家chiwawameme,Q女家 紫汀序/新中式改良旗袍提花收腰伞...,3??
枳月女装旗舰店,枳月[满园春色]新中式连衣裙浮光锦真丝桑...,4???
初蝉新中式国风女装,初蝉100桑蚕丝新中式连衣裙女2026新...,1???
Blovelan藍,Blovelan幻紫流云 新中式改良国风...,2??
苏州织造局,织造局黑色蕾丝复古月牙袖旗袍年春季新款日...,2??
Q女家chiwawameme,Q女家 青木苔/新中式国风绿色连衣裙短袖...,3??
初蝉新中式国风女装,初蝉衣事新中式连衣裙女26新款国风高贵典...,5??
无艳一禾,无艳一禾【平生欢】新中式原创人丝提花重工...,7??
Blovelan藍,Blovelan碧海游鳞 清冷气质旗袍新...,2??
Babymoon 冷月,Babymoon 新中式改良旗袍修身连衣...,2??
也馒辉商场的小店75,织造局2025夏蕾丝拼接镂空旗袍裙【月华...,1??
也馒辉商场的小店75,织造局改良版旗袍日常可穿2025新款夏年...,1??
画报夫人旗袍,画报夫人中式冬季民国风旗袍加厚绝美冬装高...,2??
郭卷毛,郭卷毛 黑色新中式连衣裙女夏季新款收腰显...,2??
梵手织造形象店 霓裳轻奢高端女装,雾霾蓝重工钉珠刺绣新中式国风改良旗袍裙无...,2??
漫屿ManYu,2026夏新款改良新中式国风气质少女年轻...,1??
小孩子才做选择,『一梦江南』新中式少女高级改良旗袍流行收...,1??
陈青见自制旗袍,绿色竹子挂脖改良旗袍女重磅网纱新中式无袖...,3??
拾吾梦,拾吾梦新中式国风改良旗袍2026新款设计...,3??
盈瓷 GA SEASONS,盈瓷真丝｜紫定成功 桑蚕丝新中式旗袍女夏...,1???
thesealife欧海一生旗舰店,THESEALIFE欧海一生新中式改良旗...,7??
品玉品牌直销店,品玉新中式连衣裙女2025新款年轻款改良...,8??
拾吾梦,拾吾梦新中式黑色改良旗袍流苏刺绣云肩连衣...,3??
陈青见自制旗袍,新中式青花瓷改良旗袍女夏重磅网纱挂脖露肩...,3??
瑞茜REESE,【瑞茜】江南烟雨4.0 国风新中式原创设...,1??
盈瓷 GA SEASONS,盈瓷品质｜海蓝绣 重工国风刺绣改良旗袍女...,4??
华绣娘旗袍,蓝色新中式年轻少女旗袍2026新款高端手...,9??
逸红颜旗舰店,逸红颜《欢笺》26年秋新人丝亚麻混纺晕染...,7??
MeunNa Market,改良旗袍女清冷感新中式套装披肩外套印花无...,1??
大蜜cc 微胖定制,DMcc大蜜【东方韵】新中式改良旗袍年轻...,2??
逸红颜旗舰店,逸红颜《寻馥》2026秋新款重工金桂刺绣...,7??
满庭芳旗舰店,满庭芳【流金赋】新中式金色旗袍女新娘气质...,6??
挽苏服饰旗舰店,挽苏白色素雅小清新旗袍2026新款文艺改...,2??
虞绣旗袍,妈妈旗袍新款复古老上海中年大码条纹民国风...,1??
凌茜恣禾 新中式原创女装,凌茜恣禾 杏庭花影'新中式白玉兰烧花旗袍...,5??
Bananain蕉内旗舰店,青年情侣|蕉内506C莫代尔睡衣夏季凉感,299.00
松山棉店旗舰店,松山棉店家居服套装莫代尔情侣新中式长袖男...,359.00
Bananain蕉内旗舰店,蕉内丝丝515Home家居服冰丝长袖天丝...,359.00
芬腾可安品牌家居服睡衣,南极人睡衣女春秋季布料纯棉长袖女士可外穿...,188.00
芬腾可安品牌家居服睡衣,芬腾可安睡衣女款夏季纯棉短袖短裤套装开衫...,128.00
悦内官方旗舰店,悦内睡衣女夏季夏天冰丝短袖短裤家居服时尚...,338.00
悦内官方旗舰店,悦内睡衣男士夏季冰丝短袖短裤家居服夏款丝...,228.00
贝妍旗舰店,【甜美少女】贝妍新款春秋季睡衣小碎花长袖...,348.00
同语旗舰店,同语莫代尔棉儿童睡衣春秋男童女童可爱小猫...,139.00
乐姿梦旗舰店,乐姿梦情侣睡衣女夏款冰丝高级感夏天短袖短...,298.00
同语旗舰店,同语儿童睡衣男孩春秋季新款长袖梭织纯棉女...,149.00
芝桃鸟家居服直销爱豆店,芝桃鸟2026新款冰丝短袖长裤情侣睡衣男...,98.00
domiamia旗舰店,Domiamia纯棉月子服春夏季孕妇睡衣...,798.00
缪黛旗舰店,三件套睡衣女款夏季纯棉短袖长裤2026新...,128.00
ubras官方旗舰店,ubras云棉家居服情侣套装长袖长裤女士...,249.00
棉花泡泡家居服,棉花泡泡 原创海盐小兔纯棉睡衣女夏A类全...,142.00
Sinbounboun Homedress馨帮帮,馨帮帮Homedress 小清新碎花花边...,89.90
艾雅儿家居服,日系乌萨奇睡衣女春秋季纯棉长袖长裤可爱卡...,75.00
Sinbounboun Homedress馨帮帮,馨帮帮Homedress 可爱企鹅卡通睡...,89.90
芝桃鸟家居服直销爱豆店,纵享丝滑!南极人2022年新款冰雪丝睡衣...,268.00
棉花泡泡家居服,棉花泡泡 原创小鱼泡泡长袖纯棉双层纱睡衣...,142.00
佰丝娜官方旗舰店,佰丝娜纯棉情侣睡衣2026新款夏超柔软可...,105.90
利鸿家居服,100%纯棉双层纱布月子服春秋长袖睡衣女...,90.00
棉籽壳旗舰店,蓝色竖纹小猫咪夏季新款纯棉睡衣女抑菌防螨...,188.00
松山棉店旗舰店,松山棉店萌宠开衫长袖条纹家居服套装男士女...,359.00
思莉太太旗舰店,思莉太太睡衣女款长袖薄款棉质2026正流...,277.00
贝妍旗舰店,个性潮女|贝妍史努比长袖修身豹纹阔腿长裤...,298.00
JoyceBra,JoyceBra韩系粉条纹豹纹印花睡衣女...,119.90
rosetree旗舰店,RoseTree宫廷风睡衣女款春秋季长袖...,318.00
山橘月家居服品牌店,2026年新款带胸垫大码胖mm睡衣女夏季...,77.90
妮狄娅服饰旗舰店,妮狄娅睡衣女秋季纯棉纱布长袖开衫款复古田...,256.00
暖暖の睡衣,带胸垫纯棉睡衣女款夏短袖长裤2026新款...,98.00
微醺小姐旗舰店,睡衣女套装纯棉春秋装2026新款春秋季家...,169.00
芬腾可安 睡衣家居服企业店,芬腾可安100%纯棉睡衣女款春秋甜美宽松...,168.00
欧诗帛旗舰店,可爱珊瑚绒女睡衣海岛绒2026新款秋冬季...,118.00
花子日单小铺,「云朵猫」可爱纯棉纱布睡衣女春秋款202...,228.00
JoyceBra,JoyceBra  田园风碎花小兔纯棉睡...,169.90
芬腾可安 睡衣家居服企业店,芬腾可安睡衣女春秋款100%纯棉长袖条纹...,188.00
ChendiKela旗舰店,【礼盒装】松弛感睡衣男款春秋冬季长袖纯棉...,218.00
悦内服饰专卖店,悦内带胸垫睡衣女款夏季夏天莫代尔短袖短裤...,228.00
暖暖の睡衣,睡衣女款夏纯棉带胸垫可爱卡通短袖长裤20...,99.00
ChendiKela旗舰店,【礼盒装】男士睡衣纯棉长袖春秋季2026...,218.00
花子日单小铺,〖奶酷小猫爪〗清新简约睡衣女春秋男款纯棉...,239.00
Dear芮家居服,可爱卡通秋冬情侣睡衣纯棉磨毛高级感保暖长...,369.00
猫人优品旗舰店,猫人睡衣女款夏薄款100%纯棉短袖短裤卡...,109.90
aotoo睡衣家居服,睡衣女春秋季缎面冰丝夏款可外穿卡通猫高级...,288.00
伴伴家居服,纯棉带胸垫睡衣女款夏短袖长裤2025年新...,99.00
YUENEI悦内旗舰店,悦内睡衣女士春秋款秋季长袖长裤纯棉阔腿裤...,268.00
lululemon官方旗舰店,Lightweight Softstre...,980.00
lululemon官方旗舰店,Lightweight Softstre...,980.00
李宁官方旗舰店,李宁运动裤男款秋季黑色裤子男士休闲裤跑步...,199.00
FILA官方旗舰店,斐乐直筒裤丨FILA官方男士针织长裤秋冬...,740.00
柳步旗舰店,黑色三条杠速干裤子男夏季薄款美式高街直筒...,110.00
悟空有货原创设计师品牌,悟空有货潮牌复古高级感纯色垂感休闲裤男美...,136.00
SIMPLE 简单主义,420G重磅毛圈布运动短裤男夏季宽松纯色...,109.00
悟空有货原创设计师品牌,悟空有货美式复古褶皱水洗运动卫裤男女潮牌...,176.00
ROSTAT(原ROAST LUCKY),Roast lucky 中缝线单褶轻微喇...,278.00
qotriock官方旗舰店,美式高街褶皱降落伞兵裤男女秋季潮户外运动...,138.00
我需要一个潮牌,美式复古潮牌豹纹条纹休闲裤男女款秋冬新款...,168.98
啄木鸟服饰特卖折扣店,啄木鸟裤子男士春秋季新款宽松直筒休闲长裤...,172.00
mpf服饰旗舰店,裤子男士秋季2026新款宽松直筒休闲长裤...,130.00
fizze旗舰店,裤子男春秋季2026新款运动阔腿宽松休闲...,90.00
雅钧鸟男装旗舰店,美式高街运动休闲裤春秋复古vibe直筒长...,29.80
WASSUP HAPPY国潮,WASSUP HAPPY直筒休闲裤男春秋...,239.00
瞬时山野Monterest,瞬时山野Monterest户外无氟防水休...,379.00
ESSEFAUST潮牌店,ESSEFAUST设计感解构休闲卫裤男潮...,87.60
启健旗舰店,黑色弯刀斜切微喇卫裤男款秋季cleanf...,138.00
一个最帅的买了,冰丝男士裤子薄款直筒宽松长裤大码运动速干...,119.00
啄木鸟正品优选男装,冰丝裤男裤夏季薄款速干裤男士休闲裤宽松裤...,499.00
帛先生旗舰店,秋季天丝莱赛尔男裤2026新款垂感直筒裤...,181.00
Oldgreen线上商店,【TF家族四代同款】黑白条纹宽松阔腿 O...,179.00
卡帝兽旗舰店,裤子男士秋季宽松休闲长裤2026新款男生...,146.00
瞬时山野Monterest,瞬时山野Monterest户外吸湿速干轻...,369.00
vr97旗舰店,VR97美式户外运动伞兵裤男早秋宽松轻薄...,399.00
ZMGEEN,ZMGEEN美式重磅卫裤男秋季款潮牌宽松...,276.00
JEANSWESTLIFE旗舰店,真维斯LIFE速干运动裤男款夏季薄款冰丝...,158.00
三亲旗舰店,灰色运动裤女春秋2026新款高腰显瘦宽松...,199.00
WIE STUDIO,耐磨防水男士运动裤多口袋设计实用,108.00
nosize旗舰店,裤子男款秋季潮牌三条杠条纹学生运动裤宽松...,114.00
千与休闲运动,195高个子加长冰丝裤子男青少年夏季超薄...,238.00
九分帅旗舰店,190加长版高个子裤子男春秋115cm瘦...,108.00
程锋旗舰店,加长版弯刀休闲裤男士高个子2026新款夏...,248.00
青少年男装生活馆,夏春秋季直筒裤子男孩初中高中学生速干运动...,166.00
李宁官方旗舰店,李宁速干裤男士夏季跑步校服裤休闲透气黑色...,199.00
啄木鸟正品运动体验店,啄木鸟男裤子秋冬季厚款百搭棉质闲运动长裤...,219.00
vesibo旗舰店,美式复古抽绳卫裤男秋季潮牌拼接阔腿运动裤...,78.00
品牌优选折扣服装,品牌优选短裤男士夏季薄透气冰丝运动宽松凉...,198.00
AERLIMITEDD专柜定制,鼎级品质！26ss韩系urban小众火柴...,239.00
paulfrank官方旗舰店,PaulFrank/大嘴猴运动裤男士20...,359.00
腾途森旗舰店,校服裤子小学生初中高中生一道杠二条杠夏季...,120.00
啄木鸟中山路厦门总店,啄木鸟纯棉休闲裤男士2026新款春秋季运...,398.00
LXS STUDIO,一不小心就入坑！舒适宽松休闲卫裤,368.00
班梵诺旗舰店,cleanfit白灰色三防速干冲锋裤男美...,128.00
BONELES 官方店,BONELESS BTW五分裤子高街重磅...,158.00
帝路鸟服饰企业店,cleanfit春季条纹卫裤美式运动长裤...,168.00
猎璞旗舰店,猎璞运动裤男黑色宽松百搭直筒休闲裤男生卫...,130.00
Bananain蕉内旗舰店,蕉内棉棉506Sleep家居服套装男士莫...,2??
南极人官方旗舰店,南极人纯棉100%女士睡衣秋冬2026新...,9?
贝妍旗舰店,贝妍夏季薄款纯棉短袖情侣睡衣女史努比凉感...,2??
缪黛旗舰店,三件套睡衣女款夏季纯棉短袖长裤2026新...,1??
Sinbounboun Homedress馨帮帮,馨帮帮Homedress 波点开衫睡衣裤...,8?
Sinbounboun Homedress馨帮帮,馨帮帮Homedress 小清新碎花花边...,8?
NANS工作室,怎么自拍都好看睡衣,4?
芬腾可安品牌家居服睡衣,芬腾可安睡衣女款夏季纯棉短袖短裤套装开衫...,1??
芝桃鸟家居服直销爱豆店,芝桃鸟2026新款冰丝短袖长裤情侣睡衣男...,9?
rosetree旗舰店,RoseTree宫廷风睡衣女款春秋季长袖...,3??
乐姿梦旗舰店,乐姿梦情侣睡衣女春秋款黑色高级感男士长袖...,2??
domiamia旗舰店,Domiamia纯棉月子服春夏季孕妇睡衣...,7??
艾雅儿家居服,ins卡通轻松小熊冰丝睡衣女夏天短袖短裤...,6?
贝妍旗舰店,贝妍情侣睡衣女春秋新款柔软棉长袖宽松家居...,2??
JoyceBra,JoyceBra蝴蝶结印花华夫格睡衣女2...,1??
都市丽人内衣旗舰店,都市丽人纯棉睡衣女春秋季2026新款长袖...,1??
思莉太太旗舰店,思莉太太情侣睡衣女款夏季纯棉短袖2026...,2??
芝桃鸟家居服直销爱豆店,纵享丝滑南极人睡衣情侣黑色男士春秋款冰丝...,2??
乐姿梦旗舰店,家居简约从这款情侣睡衣开始多色选择轻松搭...,2??
艾雅儿家居服,可爱轻松小熊2026新款睡衣女夏季短袖短...,6?
JoyceBra,JoyceBra  夏季新款冰丝波点睡衣...,9?
棉花泡泡家居服,棉花泡泡 米白天蓝波点a类纯棉睡衣女夏全...,1??
悦内官方旗舰店,悦内睡衣男士夏季冰丝短袖短裤家居服夏款丝...,2??
悦内官方旗舰店,悦内睡衣女夏季夏天冰丝短袖短裤家居服时尚...,3??
山橘月家居服品牌店,2026年新款带胸垫大码胖mm睡衣女夏季...,7?
芬腾可安品牌家居服睡衣,南极人睡衣女春秋季布料纯棉长袖女士可外穿...,1??
棉花泡泡家居服,棉花泡泡棕底黄玫瑰纯棉双层纱睡衣女款夏薄...,1??
妮狄娅服饰旗舰店,妮狄娅睡衣女秋季纯棉纱布长袖开衫款复古田...,2??
新柔意家居服,纯棉睡衣女款春秋季卡通猫爪长袖长裤202...,9?
乐菲儿家居服,可爱小狗云朵纯棉纱睡衣女款夏季短袖学生少...,8?
情雪妃旗舰店,睡衣女生春秋夏季大码新款 长袖甜美郁金香...,1??
南极人官方旗舰店,南极人纯棉睡衣女款秋冬2026新款宽松长...,9?
新柔意家居服,带胸垫睡衣女夏季纯棉短袖长裤三件套装可爱...,8?
利鸿家居服,纯棉双层纱布睡衣女套头产后孕妇大码可爱卡...,9?
卷毛小熊睡衣店,卡通可爱短袖长裤睡衣女夏季纯棉韩系米菲兔...,1??
缪黛旗舰店,夏天睡衣女款夏季带胸垫纯棉短袖长裤202...,1??
花子日单小铺,「云朵猫」可爱纯棉纱布睡衣女春秋款202...,2??
芬腾官方旗舰店,芬腾红色睡衣女春秋款结婚新婚情侣纯棉家居...,3??
LAria梨梨,LAria丝绒小熊 金丝绒睡衣女2026...,1??
古伊媚睡衣家居服,100%纯棉睡衣男士加肥加大码7XL30...,2??
鹿可思家居服,轻松小熊情侣睡衣女夏季短袖短裤针织棉可爱...,6?
帕兰朵官方旗舰店,睡衣男款纯棉春秋季长袖2026新款男士全...,1??
卷毛小熊睡衣店,可爱风小黑猫纯棉睡衣女夏季短袖短裤宽松三...,1??
Bananain蕉内旗舰店,蕉内棉棉305Home男士可外穿家居服棉...,2??
coy kiss 轻奢女装,Coy Kiss真丝兔子睡衣女夏季短袖三...,3??
雅鹿旗舰店,雅鹿纯棉睡衣男士2026新款春秋可外穿四...,7?
欧诗帛旗舰店,可爱珊瑚绒女睡衣海岛绒2026新款秋冬季...,1??
暖暖の睡衣,睡衣女款夏纯棉带胸垫可爱卡通短袖长裤20...,9?
雅鹿旗舰店,雅鹿正品2026新款男士纯棉内裤男生平角抗菌透气男款全棉四角短裤,32.90
Cukum Kboie品牌专柜店,CukumKboie男士内裤男款纯棉四角平角短裤头冰丝男生2026新款礼盒,359.00
七匹狼内衣旗舰店,七匹狼男士内裤纯棉男生2026新款100%全棉男式四角短裤男款夏薄款,149.00
都市丽人旗舰店,都市丽人男士内裤纯棉2026新款男生透气抗菌男式四角平角男款裤衩,49.90
雅鹿漫索其专卖店,雅鹿男士内裤男生男款纯棉平角裤头男式四角短裤全棉正品2026新款,53.80
南极人服饰旗舰店,南极人冰丝内裤男无痕抗菌纯棉裆透气2026新款青少年四角短裤头衩,59.90
啄木鸟品牌店,啄木鸟2026年新款式冰丝男士内裤男生薄款抗菌无痕高档平四角裤衩,29.90
MiiOW猫人内衣旗舰店,猫人冰丝男士内裤夏季薄款2026新款平角男生抗菌透气大码四角短裤,59.90
南极人官方旗舰店,南极人男士内裤男生男款2026新款纯棉透气四角短裤衩男式平角大码,43.90
MiiOW猫人内衣旗舰店,猫人男士内裤纯棉2026新款男生透气抗菌男式四角平角男款裤衩大码,49.90
南极人旗舰店,南极人内裤男士纯棉男款四角底裤衩平角短裤头男生青少年2026新款,75.00
miiow猫人官方旗舰店,猫人男士内裤男款冰丝无痕透气四角短裤2026新款抗菌平角裤衩男生,70.00
南极人旗舰店,南极人男士内裤男生纯棉四角裤头抗菌平角短裤男款青少年2026新款,67.30
猫人美体旗舰店,猫人纯棉男士内裤2026新款高档青少年男生四角平角短裤衩运动男款,69.90
啄木鸟官方旗舰店,啄木鸟官方旗舰店男士内裤男生冰丝轻薄2026夏季高档运动四角裤头,60.00
playboy内衣旗舰店,花花公子男士内裤纯棉新男款四角短裤衩平角男生抗菌大码运动透气,98.90
恒源祥内衣旗舰店,恒源祥男士内裤男纯棉抗菌平角裤青年男生全棉四角短裤透气夏薄款,99.00
WEMOVE维姆工作室,维姆工作室 男士内裤纯棉男款平角裤内裤男生潮流四角裤短裤薄款,118.00
南极人服饰旗舰店,南极人无痕冰丝男士内裤男生透气四角短裤衩2026新款裤衩夏季薄款,99.90
playboy内衣旗舰店,花花公子男士内裤冰丝无痕四角裤男生2026新款夏季短裤衩男款裤头,99.90
南极人潮搭旗舰店,南极人男士内裤男生纯棉透气四角裤头男款2026新款平角短裤衩大码,69.90
红蜻蜓内衣旗舰店,红蜻蜓男士内裤男生纯棉抗菌四角2026新款正品高档男式平角短裤头,59.90
海澜之家容墨专卖店,海澜之家纯棉内裤男士2026新款全棉抗菌裆四角平角裤头男生短裤,89.00
七匹狼内搭旗舰店,七匹狼男士内裤男生纯棉四角短裤高档名牌透气平角裤男款2026新款,108.00
南极人官方旗舰店,南极人男士内裤冰丝无痕2026新款男生抗菌四角裤衩平角运动短裤男,39.90
七匹狼时尚旗舰店,七匹狼男士内裤男款纯棉2026新款男生大码四角裤全棉名牌高档短裤,99.00
猫人奥莱旗舰店,猫人内裤男生纯棉抑菌四角裤男士透气平角短裤头男款底裤衩秋冬季,189.00
猫人商务旗舰店,猫人男士内裤纯棉四角2026新款防阴囊抗菌潮湿大码平角短裤男生款,79.00
啄木鸟男士内衣裤专店,啄木鸟男士内裤男款纯棉全棉裆四角100%正品男生2025新款短裤头夏,99.00
真维斯内衣旗舰店,真维斯男士内裤男纯棉平角裤抗菌透气四角裤大码裤头男生短裤裤衩,59.00
MiiOW猫人集团旗舰店,猫人纯棉男士内裤10A抑菌裆舒适透气全棉四角裤衩2026男款平角裤,399.00
啄木鸟官方旗舰店,男士内裤男款纯棉男生平角裤啄木鸟官方旗舰店2026新款抗菌四角裤,60.00
名创优品瑞彩专卖店,名创优品2026新款男士内裤A类棉四角平角裤透气纯棉裆部男生短裤,96.40
ChoiceKaiser旗舰店,ChoiceKaiser男士内裤男生纯棉莫代尔冰丝四角短裤男2026新款礼盒,228.00
海澜之家内衣旗舰店,海澜之家男士纯棉内裤四角裤男生2026新款抗菌平角短裤大码裤男款,89.00
有棵树内衣旗舰店,有棵树男士内裤纯棉抗菌透气平角裤男生四角运动裤衩粉色2026新款,159.80
猫人休闲旗舰店,猫人内裤男士冰丝平角裤无痕薄款透气抗菌男生四角短裤衩2026新款,49.90
都市丽人服饰旗舰店,都市丽人纯棉男士内裤2026新款100A抑菌大码青少年男生四平角裤头,119.80
海澜之家容墨专卖店,海澜之家男士纯棉内裤抗菌透气2026新款全棉裆平角裤头宽松大码,99.00
雅鹿旗舰店,雅鹿冰丝男士内裤抗菌无痕夏季2026新款男生式高档平四角透气短裤,32.50
海澜之家内衣旗舰店,海澜之家冰丝男士内裤无痕透气男生四角短裤2026新款春夏平角裤头,89.00
猫人美体旗舰店,猫人男士内裤男款冰丝无痕2026新款青少年夏季男生四角平角短裤衩,69.90
CAREKOTY内衣旗舰店,CAREKOTY冰丝无痕男士内裤夏季奶皮舒适透气2026新款男生平角短裤,131.00
miiow猫人官方旗舰店,猫人男士内裤男生纯棉四角短裤头抗菌大码青年透气男式平角底裤衩,69.00
都市丽人精品旗舰店,都市丽人本命年红色内裤男款纯棉2026新款男士平四角短裤结婚礼物,79.90
猫人商务旗舰店,猫人男士内裤男款纯棉平角短裤男生2026新款7A抑菌透气运动四角裤,89.90
南极人沃格专卖店,南极人冰丝男生内裤男士10A抗菌夏季薄款平角四角短裤头2026新款,78.90
七匹狼金一村专卖店,七匹狼男士内裤男生棉平角裤短裤头青少年抗菌透气男款四角裤衩,79.90
疏时旗舰店,疏时 竹影系列 碧色蕾丝拼接桑蚕丝亚麻长...,2399.00
RICH IN CHEESE 舒胡蕾,法式白色吊带连衣裙女夏高级感气质收腰长款...,211.00
K姐KSOEUR 品质女装,K姐KSOEUR 【花样年华】  工装风...,409.00
RALPH LAUREN官方旗舰店,Ralph Lauren/拉夫劳伦女装 ...,3990.00
LATTITUDE OFFICIAL,热销1w+ Lattitude/杨小鹭 ...,388.00
K姐KSOEUR 品质女装,K姐KSOEUR【莫奈花园】百百兰精天丝...,199.00
香影官方旗舰店,香影波西米亚白色连衣裙女2026秋节新款...,569.00
KROCHE,王可同款 Kroche「浪漫七夕」法式船...,469.00
张大人订制大码女装,张大人2026夏季大码女装胖妹妹mm显瘦...,179.90
fuunnyfeelln官方旗舰店,FF仿佛连衣裙2025年夏季新款气质PO...,1699.00
安妮不火,安妮不火 蕾丝花边领鱼骨收腰碎花连衣裙女...,238.00
LOWEY,[现货]lowey 素描庄园 法式连衣裙...,599.00
WhyBerry Lab,WhyBerry 26SS“纯白茉莉”娃...,329.00
无艳一禾,无艳一禾【荔夏】设计感晕染印花蕾丝拼接V...,298.75
安妮森林annforest设计师店,仙气炒色纯苎麻定位花卉刺绣紫色优雅连衣裙...,955.00
张大人订制大码女装,张大人大码女装微胖mm韩系清新风波浪边针...,189.90
菀草壹女装旗舰店,菀草壹2026夏度假风紫色荷叶边印花露肩...,648.00
大柠檬高端女装,元现货韩国TB2025夏季新款海边宽松度...,299.00
菀草壹女装旗舰店,菀草壹2026夏法式波点蕾丝连衣裙V领荷...,939.00
SoLighter,solighter 法式莱赛尔皱感圆领收...,449.00
安妮森林annforest设计师店,重工仙气花卉刺绣纯苎麻粉色压褶显瘦连衣裙...,1156.00
Valacy's 梵老师,Valacy's 海岛编织系列┋'风吹半...,1280.00
炳瀚衣舍旗舰店,炳瀚衣舍大码女装新款职场通勤连衣裙202...,1248.00
poemlady旗舰店,诗绪法式方领印花蓝色连衣裙2026夏季新...,635.00
独束旗舰店,独束分身型微定制假两件学院风连衣裙26秋...,719.00
SoLighter,solighter法式粉色莱赛尔v领系带...,429.00
SHENSHEN with U,深深定制 法式高级感露肩连衣裙女白色缎面...,329.00
WhyBerry Lab,WhyBerry 25SS“莓果芭菲”蝴...,389.00
佛系少女和怪味少女,日韩露背百褶无袖背心连衣裙女夏复古设计感...,26.00
芊蕙自制女装,莫代尔长裙遮肚连衣裙外穿显瘦A字裙松弛感...,188.00
北岛AMUU,「北岛AMUU原创」韩系绑带圆领碎褶连衣...,239.00
moco官方奥莱旗舰店,MOCO针织裙春夏多巴胺撞色轻复古条纹肌...,2399.00
车迟恩Chien Che,车迟恩Chien 仙气水墨碎花雪纺长裙夏...,369.00
RECOIN R1C,RECOIN R1C 蓝色蕾丝荷叶边抹胸...,388.00
isislove旗舰店,ISISLOVE粉色温柔碎花连衣裙茶歇法...,288.00
VASSE   [原Veee],Veee 浪漫夜玫瑰 黑色碎花显瘦泡泡袖...,189.00
YAGONGZHU 高定,【赵丽颖 朱珠同款】YAGONGZHU ...,915.00
RECOIN R1C,RECOIN R1C 紫色挂脖扭结抹胸连...,388.00
熙地旗舰店,熙地2026夏季新款短袖连衣裙女天丝羊毛...,578.00
嘿山姥姥,嘿山姥姥 碎花蝴蝶结不规则小飞袖连衣裙子...,289.00
HORAHORA,白鹿同款HORAHORA显瘦褶皱Y型领收...,398.00
岛歌夫人,岛歌夫人黑色半高领短袖连衣裙收腰开叉长裙...,169.00
Q女家chiwawameme,Q女家 西柚气泡水/奶黄色挂脖连衣裙夏季...,328.00
炳瀚衣舍旗舰店,炳瀚衣舍大码女装肌理感褶皱连衣裙2026...,1248.00
KROCHE,胡静怡同款 Kroche 流动月光 法式...,399.00
樱桃线上品牌集合店,【现货正品】Reformation田曦薇...,588.00
独立虫,独立虫26ss“见面如花”原创op短袖收...,499.99
UR官方旗舰店,UR2026秋季新款女装格雷褶皱拼接一字...,339.00
lululemon官方旗舰店,Stretch Woven 女士阔腿裤 拒水*亚洲版型丨lululemon丨LW5HTOA,1???
ABWLR (原ABWEAR),ABWLR色彩幻境-原创渐变晕染阔腿牛仔裤女秋季新款宽松直筒拖地裤,5??
古怪舍原创设计肚皮衣饰局,新中式系｜需要一些松弛感,2??
ABWLR (原ABWEAR),ABWLR 素素美女-秋季灰色简约风西装阔腿裤宽松高智感拖地休闲裤,3??
Moment 1991,moment灰色西裤女垂坠高级感宽松设计感显瘦阔腿裤女春秋季日系,3??
悟空有货原创设计师品牌,悟空有货立体褶皱A字廓形老钱风长裤子男高级感通勤百搭休闲西裤,1??
DailyScene,DailyScene「从轻」垂感口袋捏褶廓形空气阔腿裤百搭休闲棕色长裤,3??
mammon财神家原创设计,白色莱赛尔天丝阔腿裤女2026夏季薄款高腰宽松显瘦垂感直筒休闲裤,1??
BENLAI旗舰店,本来BENLAI女士凉感休闲户外工装宽松阔腿裤26秋季新款BNT660039,3??
Moment 1991,moment白色灯芯绒阔腿裤女春秋季2023新款宽松直筒休闲垂感显瘦,4??
lululemon官方旗舰店,License To Train 女士纹理中腰运动裤丨lululemon丨LW5JGRA,1???
森女部落SNBL,森女部落可爱少女粉色阔腿裤薄款长裤女夏小个子多巴胺休闲裤子秋,1??
依艾格旗舰店,深蓝色阔腿牛仔裤女2026年春秋季新款小个子高腰宽松垂感拖地裤子,1??
悟空有货原创设计师品牌,悟空有货美式复古迷彩工装牛仔裤男潮牌嘻哈高街hiphop直筒阔腿裤,1??
NERESUM,NERESUM美式复古星星印花牛仔短裤女做旧水洗宽松阔腿休闲七分裤,1??
NERESUM,NERESUM甜美满印爱心卫裤女秋冬嘻哈跳舞裤子垂感显瘦直筒运动裤,1??
ONLPP,ONLPP美式复古慵懒风粉色阔腿裤女低腰显瘦宽松垂感休闲直筒长裤,2??
Don Cry,Don Cry 美式复古做旧阔腿弯刀牛仔裤男女新款松弛感宽松休闲裤子,1??
黑色草莓  STRAWBERRY,灰色遛弯抽绳休闲裤女秋季运动直筒裤子宽松软糯垂感阔腿舒适长裤,7?
Don Cry,Don Cry 美式复古水洗牛仔裤新款男女街头百搭休闲直筒宽松裤子潮,1??
XinDUguan,美式复古黑色卫裤休闲裤女春秋季新款设计感翻边直筒运动裤子潮,8?
依艾格旗舰店,极简风白色高腰阔腿牛仔裤女春秋季新款小个子裤子宽松垂感直筒裤,1??
FKUG南相酱,FKUG高个子美式复古辣妹低腰阔腿牛仔裤女秋季高街宽松拖地弯刀裤,1??
时尚速递店,美式复古牛仔裤女春秋季新款折痕阔腿休闲设计感显瘦宽松梧桐裤子,6?
KTONE,KTONE秋季新款蓝色高腰宽松牛仔裤女显瘦常规阔腿裤直筒长裤子,2??
一个未来富豪买了,美式复古字母拼接格纹休闲裤男夏季新款宽松阔腿垂感拖地格子裤女,7?
UR官方旗舰店,UR2026秋季新款女装气质燕麦格雷肌理感抽绳阔腿裤UWM660121,1??
YOBARLA 优芭拉女装,灰色阔腿工装裤女秋季新款胖mm大码宽松梨型身材显瘦直筒牛仔裤子,1??
KENABSTUDIO,KENABSTUDIO不规则条纹垂感西装裤女夏季新款设计感宽松阔腿裤,3??
YOBARLA 优芭拉女装,黑色微喇牛仔裤女秋季新款大码胖mm弹力显瘦梨型身材阔腿马蹄裤子,1??
呆毛DMFACTORY,呆毛不规则裁片拼接设计感阔腿西装裤女休闲宽松垂感直筒拖地裤子,1??
WXB无性别 线上商店,韩国 cleanfit双折A字西裤TR混纺垂感宽松休闲直筒裤通勤长裤男女,1??
逃离地球 情报局,美式街头黑色工装裤女2026新款甜酷宽松高腰显瘦直筒拖地阔腿裤子,8?
ONLPP,ONLPP美式复古格子拼色休闲裤女2026春季宽松百搭阔腿拖地长裤,2??
FAESSLIN STUDIO高个子穿搭,FAESSLIN 灰色运动裤女高个子加长休闲香蕉卫裤宽松弯刀阔腿裤秋,2??
KENABSTUDIO,KENABSTUDIO灰色阔腿工装裤女夏季薄款直筒裤速干运动裤伞兵裤,3??
loannina旗舰店,蓝色格子裤子女夏季薄款2026新款高腰休闲裤子秋季显瘦直筒阔腿裤,7?
XinDUguan,美式复古小狗毛巾刺绣牛仔裤女秋冬季新款设计感宽松阔腿裤弯刀裤,8?
IWTFF,IWTFF 黑爵士明线解构莱赛尔羊毛直筒阔腿喇叭西裤垂感抗皱休闲裤,2??
三福官方旗舰店,三福休闲裤2026秋季新款休闲松紧腰个性宽松阔腿直筒裤长裤女装,1??
JYFSYXGS,莱赛尔天丝深蓝色七分牛仔裤女小个子夏薄款高腰宽松直筒阔腿中裤,8?
XFX FLY小飞侠,XFX 国潮美式复古宽松解构拼接阔腿工装裤女高街cleanfit小众长裤,1??
yynw旗舰店,白色高腰阔腿休闲裤女夏季2026新款美式复古宽松显瘦垂感弯刀裤子,1??
FAESSLIN STUDIO高个子穿搭,FAESSLIN高个子【梨形救星】弯刀牛仔裤女加长休闲裤阔腿裤镰刀裤,3??
SAMUSAN三亩三,美式复古蓝色牛仔工装裤女宽松褶皱嘻哈抽绳hiphop爵士降落伞兵裤,2??
梅莉娅 极简Studio,老钱风白色亚麻阔腿裤女小个子夏季新款垂感棉麻休闲直筒麻料长裤,1??
mammon财神家原创设计,美式绿色工装阔腿裤女2026秋季新款高腰宽松显瘦小个子休闲弯刀裤,1??
轻城 苏小糖,轻城苏小糖|日本裤2.0 卡其色高腰阔腿休闲裤女宽松全棉百搭裤子,2??
荷香艺梦旗舰店,儿童国学服男童古装汉服国学女童小学生表演...,74.00
夕洛茜旗舰店,夕洛茜白色清冷汉服套装女魏晋风仙女裙大袖...,399.00
夕洛茜旗舰店,夕洛茜白色汉服女仙气飘逸齐胸襦裙古装演出...,429.00
汉梦归品牌店,汉梦归原创锦衣卫飞鱼服男女织金妆花曳撒贴...,840.00
静还决汉服,静还决 玉鸢 原创宋制汉服女外大袖对襟衫...,424.00
乐彩服饰,女童国风汉服花木兰古装,80.00
静还决汉服,静还决 芙香 华彩东方同款原创明制汉服女...,336.00
芭米诺旗舰店,女童汉服春秋中国风唐装敦煌飞天异域风情古...,130.00
潮优贝旗舰店,汉服女童魏晋大袖衫儿童2026新款古装国...,239.00
暖色原创汉服,暖色【青衣】宋制原创汉服女对襟大袖衫长干...,19.90
暖色原创汉服,暖色原创汉服女【花神】唐制齐胸渐变襦裙花...,358.00
玉术旗舰店,玉术新品【揽月裁樱】大袖衫吊带重工刺绣春...,358.00
青伊阁汉服馆,蓝尾蝶汉服女古装重工刺绣齐腰大袖衫诃子裙...,698.00
芭米诺旗舰店,汉服女童春秋小女孩2026新款中国风唐装...,119.00
春和 国风工作室,【春和】声声慢 宋制复原仕女图 天丝对襟...,150.00
蜀司绣罗衣原创设计,蜀司绣罗衣丨远山客丨武游侠国风古风破烂江...,90.00
蜀司绣罗衣原创设计,蜀司绣罗衣丨无涯丨【售完不补】交领长衫帅...,35.00
花仙记汉服,花仙记【小羊庄园】原创汉服琵琶袖马面裙汉...,69.00
裳云兮旗舰店,裳云兮原创汉服女【青谣】日常齐胸襦裙中国...,999.00
裳云兮旗舰店,裳云兮原创汉服女【青谣】日常齐胸襦裙中国...,268.00
汉家衣尚 国风汉服,汉服女唐制齐胸裙成人日常超仙可爱古风改良...,164.00
汉唐一梦 汉服,原创汉服女【烟霞碧波】明制长衫比甲马面裙...,118.00
颂九 国风工作室,颂九·金风玉露 橘绿浮光锦法门寺齐胸襦裙...,78.80
仙楚姬旗舰店,仙楚姬原创汉服【蛇】刺绣双层大袖衫交领长...,999.00
森女部落SNBL,森女部落汉服套装浅蓝长衫毛绒马甲蕾丝半裙...,496.00
长恨歌,原创汉服成人春夏款唐制直裾重工刺绣洛神赋...,168.00
仙楚姬旗舰店,仙楚姬原创汉服【木兰辞】侠客风汉服小师妹...,398.00
维雏旗舰店,高级汉服女童春秋2026新款儿童马面裙古...,498.00
忆汐阁原创汉服,原创汉服水墨竹男女情侣魏晋风超仙印花大袖...,158.00
九笙原创服饰设计馆,九笙原创【花瑶】唐制汉服女齐胸汉元素绣花...,148.00
潮优贝旗舰店,国风女童汉服春秋2026新款儿童古风超仙...,259.00
秀巅原创汉服,秀巅原创汉服【夏日草莓】汉元素蓬蓬裙吊带...,58.00
柒玖捌原创汉服女,花朝记原创汉服【金翎纱】仙侠风汉服女齐腰...,340.00
十叁月汉服,十叁月【惊鸿客】唐制圆领袍古装cospl...,148.00
汉如初 汉服汉元素工作室,未知星辰授权狐踪秘录汉服女中国风汉元素新...,628.00
沐谦坊古装,春秋战国影视装宋代朝农民百姓群演汉服焦夫,218.80
誉萃旗舰店,十一小学生合唱朗诵演出服中国风国学服汉服...,50.00
静还决旗舰店,静还决「周年庆」 似海棠 原创明制汉服女...,295.00
陌上花原创汉服,陌上花原创唐制汉服女真丝提花褙子吊带通勤...,39.00
云裁华裳,新款汉服女中国风新中式唐制圆领袍灯笼裤短...,168.00
月梳茼旗舰店,金枫玉树原创汉服女重工刺绣诃子裙改良齐胸...,268.00
蜜姿娅旗舰店,蜜姿娅|绝美汉服女仙侠风适合18-25周...,298.00
韵梦棋汉服工作室,原创汉服女唐制齐胸齐腰汉元素春夏季日常飘...,65.00
长乐原创汉服工作室,【长乐】原创唐风汉服【树】直襟衫法门寺披...,35.00
静还决旗舰店,静还决明月拂松 原创汉服男女同款情侣款直...,271.00
春和 国风工作室,【春和】行香子 宋制齐腰汉服 仕女图 夏...,150.00
青伊阁汉服馆,重工战国袍汉服女蓝色露肩古装中国风直裾大...,568.00
未央宫原创汉服,未央宫原创【瓷碟美人】重工刺绣齐胸仙气诃...,128.00
SecretWorld秘密世界,SecretWorld内衣女小胸聚拢收副乳防下垂无痕隐形夏季显大文胸罩,7?
VICTORIA'S SECRET官方旗舰店,直降208|维密杨幂同款反重力MAX大胸显小无钢圈无痕文胸女夏薄,4??
Bananain蕉内旗舰店,蕉内氧气501S文胸美背内衣女小胸聚拢显大收副乳无钢圈无痕胸罩,1??
VICTORIA'S SECRET官方旗舰店,直降238|维密明星同款ACE三角杯蕾丝叠穿LOGO字母肩带文胸女夏,5??
草本初色集团旗舰店,草本初色内衣女低领夏薄款聚拢隐形透气2026新款细肩带美背文胸罩,9?
Bananain蕉内旗舰店,蕉内511S美背内衣女小胸聚拢收副乳防下垂无痕性感隐形文胸胸罩,1??
艾莎雅旗舰店,加厚6cm小胸显大聚拢内衣女聚拢防滑裹抹胸隐形无痕前扣无肩带文胸罩,1??
vtt旗舰店,时尚小胸女|vtt无钢圈文胸显大聚拢款,1??
美丽密语520,维多利亚文胸性感蕾丝显大内衣女士小胸聚拢收副乳防下垂套装夏秋,5??
好奇蜜斯旗舰店,好奇蜜斯小胸聚拢内衣女夏薄显大无钢圈法式蕾丝文胸罩套装防下垂,9?
娜彤蜜旗舰店,调整型内衣女小胸聚拢收副乳文胸塑形矫正防下垂五排扣防外扩胸罩,1??
有棵树官方旗舰店,孟子义推荐有棵树内衣女小胸聚拢收副乳防下垂无痕女士文胸,1??
SecretWorld秘密世界,Secret World嘭嘭杯内衣女小胸聚拢收副乳防下垂上托显大无痕文胸,9?
VICTORIA VIABIVGI品牌店,维多利亚薄款大胸显小内衣女收副乳防下垂胸罩无钢圈无痕前扣文胸,4??
婷美服饰旗舰店,婷美蚕丝抑菌杯少女生运动防震初高中立体固定杯发育内衣文胸,2??
芬狄诗官方旗舰店,【吴昕同款】芬狄诗莫吉托内衣女粉底液三角杯小胸细肩带美背文胸,1??
小春更旗舰店,小春更初中生内衣女高中学生青春期发育期背心15岁女大童少女文胸,1??
verycode内衣旗舰店,维多利亚小胸聚拢内衣女上托防下垂调整收副乳性感蕾丝文胸套装密,1??
「PA」日本内衣代购店,日本PARFAGE蕾丝性感胸罩小胸聚拢内衣女上托防下垂bra调整型文胸,3??
都市丽人服饰旗舰店,都市丽人蕾丝碎花内衣女小胸聚拢防下垂收副乳舒适无痕薄款文胸罩,9?
VICTORIA VIABIVGI品牌店,维多利亚无痕内衣女小胸聚拢调整型收副乳前扣舒适无钢圈文胸套装,6??
维多利亚奢品代购店,维多利亚法式三角杯薄款性感美背内衣前扣大胸显小吊带文胸舒适,1??
都市丽人官方旗舰店,都市丽人少女内衣18岁高中大学生无痕聚拢小胸防下垂蕾丝碎花文胸,1??
verycode内衣旗舰店,维多利亚内衣女小胸聚拢调整型无痕光面性感无钢圈加厚文胸套装密,1??
杭拍旗舰店,少女文胸学生运动内衣女大童防震背心发育期15岁初中高中生青春期,8?
多情猫旗舰店,张月同款|多情猫VV扣杯粉底液前扣内衣女小胸聚拢显大收副乳文胸,1??
蜜桃bra集合店,凉感无痕内衣女学生无钢圈运动聚拢少女文胸舒适透气显小吊带背心,1?
都市丽人旗舰店,都市丽人二阶段发育期内衣小初中学生无痕文胸青春期女孩儿童背心,5?
Beauty 轻奢甄选,韩国热卖粉底液冰丝内衣薄款无痕隐形小胸聚拢大胸显小文胸,3??
迷尚萨拉旗舰店,内衣女学生初中大童无钢圈文胸发育期细肩带少女薄款胸罩无痕背心,5?
内衣品牌速购1,内衣女小胸聚拢调整型收副乳上托无钢圈蕾丝秋冬文胸套装,1??
欧佳娜旗舰店,防下垂内衣女聚拢小胸显大收副乳调整型矫正加厚薄款上托文胸罩夏,1??
棉先知旗舰店,法式蕾丝无痕内衣女薄款小胸显大无钢圈胸罩收副乳防下垂聚拢文胸,5?
维多利亚高端内衣馆,维多利亚调整型内衣小胸聚拢收副乳无钢圈防下垂性感蕾丝文胸套装,3??
猫人内搭旗舰店,猫人内衣女小胸聚拢无痕文胸立体杯果冻胶软支撑裸感内衣26年秋冬,9?
joomuu旗舰店,Joomuu无痕束胸运动内衣大胸显小裹美背心防凸点超平胸神器cos女,2??
草本初色旗舰店,草本初色文胸内衣女生聚拢小胸收副乳防下垂女士无痕蕾丝胸罩套装,5?
哈安旗舰店,前扣无肩带内衣女隐形文胸防滑聚拢显大抹胸美背裹胸胸罩小胸加厚,2??
维多利亚性感BRA,维多利亚2026新款无肩带内衣女防滑聚拢小胸显大隐形吊带专用文胸,5??
维多利亚线上体验店,Victoria minoolin桑蚕丝小胸聚拢显大无痕内衣收副乳防下垂文胸,3??
小春更旗舰店,小春更高中生少女文胸青春发育期初中学生内衣15岁青少年定型胸罩,1??
佰丝娜官方旗舰店,无痕裸感内衣女士小胸聚拢无钢圈收副乳防下垂美背文胸罩舒适薄款,6?
都市丽人服饰旗舰店,都市丽人蕾丝内衣女夏薄款小胸聚拢显大舒适透气收副乳防下垂文胸,9?
Queen轻奢正品,超薄粉底液内衣隐形透气美背夏季女士无痕无钢圈冰丝凉感文胸,1??
都市丽人潮流旗舰店,都市丽人大码提拉内衣女聚拢防下垂收副乳大胸显小薄款全罩杯文胸,1??
都市丽人内衣旗舰店,都市丽人内衣女士收副乳防外扩上托夏薄款无钢圈小胸显大文胸罩,1??
顶劲劲旗舰店,【凉朵儿】内衣女夏天大胸显小超薄款无痕透气防下垂胖mm大码文胸,8?
YO性价比内穿服饰,青少年内衣女文胸高中生聚拢矫正收副乳防下垂防外扩运动跑步防震,5?
OfAkiva,【李梦同款】OfAkiva“罗曼词”新中...,3??
贝斯妮格旗舰店,新中式旗袍敬酒服新娘2024鱼尾结婚订婚...,4??
无艳一禾,无艳一禾【白秀珠】原创新中式人棉亚麻提花...,9??
十六梅,十六梅《笑春风》新款新中式提成改良原创设...,5??
宝石嫁衣,黑色无袖改良走秀旗袍女长款修身显瘦开叉鱼...,7??
枳月女装旗舰店,枳月[满园春色]新中式连衣裙浮光锦真丝桑...,4???
苏玉豪旗舰店,绿色旗袍高端气质少女新中式2026新款夏...,2??
优爱菲旗舰店,高端妈妈喜婆婆婚宴装丈母娘礼服香槟色洋气...,2??
宝石嫁衣,改良走秀旗袍演出服女长款中国风高端丝绒修,6??
一城风絮丨复古原创女装,新款丨绣花复古民国风倒大袖全开襟立领旗袍,1???
Babymoon 冷月,Babymoon 新中式改良旗袍修身连衣...,2??
Q女家chiwawameme,Q女家 紫汀序/新中式改良旗袍提花收腰伞...,3??
无艳一禾,无艳一禾【彩釉寓言】复古浪漫金丝晕染印花...,7??
小孩子才做选择,『一梦江南』新中式少女高级改良旗袍流行收...,1??
BlankPalette 调色格,Blank palette|旗袍女新中式...,2??
郭卷毛,郭卷毛 黑色新中式连衣裙女夏季新款收腰显...,2??
Q女家chiwawameme,Q女家 青木苔/新中式国风绿色连衣裙短袖...,3??
十六梅,十六梅《纸醉金迷》真丝丝绒烧花2026年...,5??
瑞茜REESE,【瑞茜】江南烟雨4.0 国风新中式原创设...,1??
Blovelan藍,Blovelan步步生莲 温柔新中式立领...,2??
Blovelan藍,Blovelan碧海游鳞 清冷气质旗袍新...,2??
盈瓷 GA SEASONS,盈瓷品质｜海蓝绣 重工国风刺绣改良旗袍女...,4??
OfAkiva,OfAkiva“冷冽岩兰”新中式印花旗袍...,4??
安妮森林annforest设计师店,重工莱赛尔镂空绣金丝亮片花边斜襟旗袍连衣...,7??
一城风絮丨复古原创女装,玉壶承露丨一城风絮丨春秋国风提花缎倒大袖...,1???
梵手织造形象店 霓裳轻奢高端女装,雾霾蓝重工钉珠刺绣新中式国风改良旗袍裙无...,2??
Rian trea雨婷,Rian trea雨婷 新中式复古旗袍连...,3??
初蝉新中式国风女装,初蝉100桑蚕丝新中式连衣裙女2026新...,1???
MeunNa Market,改良旗袍女清冷感新中式套装披肩外套印花无...,1??
BlankPalette 调色格,Blank palette|黑色新中式旗...,1??
thesealife欧海一生旗舰店,THESEALIFE欧海一生新中式改良旗...,7??
LATTITUDE OFFICIAL,Lattitude/杨小鹭 亮片刺绣新中...,3??
初蝉新中式国风女装,初蝉衣事新中式连衣裙女26新款国风高贵典...,5??
画报夫人旗袍,画报夫人中式冬季民国风旗袍加厚绝美冬装高...,2??
也馒辉商场的小店75,织造局2025夏蕾丝拼接镂空旗袍裙【月华...,1??
苏州织造局,织造局黑色蕾丝复古月牙袖旗袍年春季新款日...,2??
漫屿ManYu,2026夏新款改良新中式国风气质少女年轻...,1??
晴空小鹿,国风新中式旗袍改良年轻款少女感高级感超好...,2??
陈青见自制旗袍,绿色竹子挂脖改良旗袍女重磅网纱新中式无袖...,3??
GJFD(Good Job小众限量定制),Good Job【枝慕月】新中式国风薄纱...,3??
盈瓷 GA SEASONS,盈瓷真丝｜紫定成功 桑蚕丝新中式旗袍女夏...,1???
汀玥苓旗舰店,汀玥苓旗袍2026新款改良高级感连衣裙国...,2??
陈青见自制旗袍,新中式青花瓷改良旗袍女夏重磅网纱挂脖露肩...,3??
欧韩心语,年轻款改良旗袍新中式国风红色性感无袖开叉...,9?
古影禅服素衣馆,新中式改良旗袍年轻款复古盘扣唐装日常可穿...,4??
挽苏服饰旗舰店,挽苏白色素雅小清新旗袍2026新款文艺改...,2??
也馒辉商场的小店75,织造局改良版旗袍日常可穿2025新款夏年...,1??
虞绣旗袍,妈妈旗袍新款复古老上海中年大码条纹民国风...,1??
蓝瑟旗舰店,高腰蓝色牛仔短裙女2026春夏新款a字裙显瘦百搭黑色包臀半身裙子,1??
LotusRoot三寸藕,三寸藕【秋分麦浪】复古格子花边半身裙新款秋季通勤显瘦A字裙女,7?
空栗鼠丸JK,学院风jk长裙百褶裙长款半身裙高腰显瘦小个子a字裙伞裙女jk裙夏,3?
Korean  Girl,美拉德咖色拼接格子长款半身裙女春秋季高腰显瘦灯芯绒A字长裙子,9?
KROCHE,陈芷琰同款 Kroche 浪漫法式 不规则下摆 蕾丝花边A字长款半身裙,3??
LotusRoot三寸藕,三寸藕【奶油甜屿】奶油风少女感杏色A字半身裙秋季高腰花苞裙子,1??
有耳uare女装原创设计,有耳uare原创设计 雀跃的自由 复古飞鸟贴布绣可拆腰封长裙半身裙,3??
三不原创女装,韩系甜美减龄泡泡花苞裙女夏季新款宽松休闲a字短裙蓬蓬半身裙子,1??
北岛AMUU,「北岛AMUU原创」韩系大口袋绿色a字短裙女26夏季新款高腰半身裙,1??
北岛AMUU,「北岛AMUU」多巴胺绿色高腰a字半身裙女夏新款小众百搭褶皱短裙,1??
林大事LINTINGXIN,灰色百褶西装裙女半身裙高腰休闲a字春夏季过膝中长裙,5?
依艾格旗舰店,卡其色高腰a字半身裙女2026新款春夏韩系显瘦通勤包臀短裙小个子,1??
韩流风小女人,显白咖啡色高腰a字牛仔半身裙显腿长小个子短裙,1??
韩流风小女人,韩系百搭显瘦高腰半身裙女2026秋季新款时尚简约通勤开叉A字短裙,1??
MASS Boutique,MASS灰色半身裙女2026春夏新款高腰显瘦A字裙小个子包臀裙防走光,1??
一颗小野莓,一颗小野莓a字高腰半身裙女2026年夏季新款超好看的法式复古长裙,1??
MR DUANZL,MRDUANZL不规则半身裙女2026春季小众设计感法式白色长裙蛋糕裙子,8?
芊蕙自制女装,一步半身裙女夏季2026新款中长款小个子半身长裙高腰开叉包臀裙子,1??
小丫头衣社,韩系慵懒风波点半身裙女2026秋季新款松紧腰休闲A字花苞中裙1324Q,8?
MR DUANZL,纱裙半身裙网纱公主蓬蓬裙女仙女木耳边大摆裙子a字长裙旅游长裙,1??
lululemon官方旗舰店,Groove 女士折叠腰部中腰短裙丨lululemon丨LW8AV5S,7??
米子旗旗舰店,米子旗高腰半身裙女春秋2026新款修身显瘦a字小个子格子拼接短裙,1??
芊蕙自制女装,灰色莫代尔开叉半身裙女小个子修身显瘦包臀裙夏季垂感百搭一步裙,1??
loannina旗舰店,灰色百褶裙女中长裙夏季2026新款高腰a字裙小个子半身裙显瘦伞裙,9?
lagogo服饰旗舰店,莱赛尔LAGOGO甜酷工装短裙女拉谷谷2026秋新款棕色美式复古半身裙,4??
Korean  Girl,y2k辣妹不规则白色蛋糕裙半身裙女夏季设计感镂空系带蓬蓬短裙子,9?
森女部落SNBL,森女部落 田园风裙子红色格子半裙多巴胺长裙高腰蛋糕半身裙女夏,3??
雯馨兰旗舰店,咖啡色复古美拉德风牛仔半身裙女2026秋季新款a字口袋工装短裙ins,1??
Onthereverse,Onthereverse 原创设计感学院风黑色抽绳系带A字日系百褶半身裙女,2??
南在北方下 Large size,大码胖mm黑色碎花灯芯绒半身裙女秋冬季复古甜美a字微胖显瘦长裙,8?
AN高端原创女装,高级感纯色毛呢半身裙女灰色短裙2026秋冬韩系简约百搭A字包臀裙,2??
依艾格旗舰店,灰色西装半身裙女2026夏季新款学院风高腰显瘦包臀辣妹短裙小个子,1??
elle女装旗舰,【学院百褶裙】ELLE灰色高腰显瘦半身裙女2026秋季新款小个子短裙,3??
OOK STUDIOS,OOKSTUDIOS日系休闲松紧半身裙短裙女2026春夏新款百搭显瘦运动裙,8?
零度苏打,零度苏打  灰色波点百褶裙女秋冬裙子长款半裙新款小个子半身裙,1??
betu旗舰店,谁能抗拒这裙子真的绝美小个子显高利器,3??
Dazi金大支,Dazi金大支蕾丝拼接撞色百褶半身裙2026新款秋季高腰胖mm大码裙子,3??
巧巧家小个子女装,150小矮个子西装百褶半身裙女秋高腰a字中长款梨形身材显瘦搭配xs,9?
AN高端原创女装,深灰色毛呢半身裙2026冬季新款超好看设计感A字短裙子通勤包臀裙,2??
南在北方下 Large size,大码胖mm蓝灰色格子鱼尾半身裙女秋冬中长款裙子遮肉格纹包臀长裙,9?
有耳uare女装原创设计,有耳uare原创设计 季风迁徙 飞鸟郁金香印花莱赛尔天丝绑带半身裙,3??
米子旗旗舰店,米子旗白色高腰显瘦半身裙女装夏季2026新款宽松垂感山本中长裙子,8?
忠犬小八梨形自制,忠犬小八梨形自制白色半身裙小个子双层设计感蛋糕裙韩系长裙裙子,1??
MASS Boutique,MASS 美拉德咖色灯芯绒高腰a字半身裙女2025秋冬新款显瘦中长裙,1??
无以幻象 x WUYIHUANXIANG,无以幻象 WUYIHUANXIANG 双层抽皱长半裙,4??
Suzukib女装,白色斜边蕾丝花边半身裙女春季新款设计感高腰显瘦不规则中长裙子,8?
菀草壹女装旗舰店,【昆凌同款】【王玉雯同款】菀草壹26夏不规则半身裙O07610621,7??
岛歌夫人,岛歌夫人重工花型蕾丝半身裙女秋季新款半裙温柔直筒裙高腰长裙子,1??
Bananain蕉内旗舰店,蕉内棉棉506Sleep家居服套装男士莫...,299.00
松山棉店旗舰店,松山棉店家居服套装莫代尔情侣新中式长袖男...,359.00
松山棉店旗舰店,松山棉店萌宠开衫长袖条纹家居服套装男士女...,359.00
芬腾可安品牌家居服睡衣,南极人睡衣女春秋季布料纯棉长袖女士可外穿...,188.00
Bananain蕉内旗舰店,蕉内丝丝515Home家居服冰丝长袖天丝...,359.00
悦内官方旗舰店,悦内睡衣男士夏季冰丝短袖短裤家居服夏款丝...,228.00
domiamia旗舰店,Domiamia纯棉月子服春夏季孕妇睡衣...,798.00
天猫超市,OAKFAMILY孕妇月子服春秋竹棉纱布...,458.00
芬腾可安品牌家居服睡衣,芬腾可安睡衣女款夏季纯棉短袖短裤套装开衫...,128.00
贝妍旗舰店,【甜美少女】贝妍新款春秋季睡衣小碎花长袖...,348.00
悦内官方旗舰店,悦内带胸垫睡衣女夏季冰丝短袖短裤家居服丝...,228.00
乐姿梦旗舰店,乐姿梦情侣睡衣女夏款冰丝高级感夏天短袖短...,298.00
ubras官方旗舰店,ubras云棉家居服情侣套装长袖长裤女士...,249.00
棉花泡泡家居服,棉花泡泡 原创小鱼泡泡长袖纯棉双层纱睡衣...,142.00
缪黛旗舰店,三件套睡衣女款夏季纯棉短袖长裤2026新...,128.00
棉花泡泡家居服,棉花泡泡 原创海盐小兔纯棉睡衣女夏A类全...,142.00
Sinbounboun Homedress馨帮帮,馨帮帮Homedress 小清新碎花花边...,89.90
Sinbounboun Homedress馨帮帮,馨帮帮Homedress 波点开衫睡衣裤...,89.90
同语旗舰店,同语莫代尔棉儿童睡衣春秋男童女童可爱小猫...,139.00
同语旗舰店,同语儿童睡衣女童新款春秋柔软莫代尔棉长袖...,169.00
利鸿家居服,100%纯棉双层纱布月子服春秋长袖睡衣女...,90.00
芝桃鸟家居服直销爱豆店,芝桃鸟2026新款冰丝短袖长裤情侣睡衣男...,98.00
rosetree旗舰店,RoseTree宫廷风睡衣女款春秋季长袖...,318.00
佰丝娜官方旗舰店,佰丝娜纯棉情侣睡衣2026新款夏超柔软可...,105.90
芝桃鸟家居服直销爱豆店,芝桃鸟2026年新款冰丝睡衣女款春秋季条...,268.00
艾雅儿家居服,日系乌萨奇睡衣女春秋季纯棉长袖长裤可爱卡...,75.00
JoyceBra,JoyceBra韩系粉条纹豹纹印花睡衣女...,119.90
JoyceBra,JoyceBra  甜美小碎花蕾丝纯棉睡...,149.90
ChendiKela旗舰店,【礼盒装】松弛感睡衣男款春秋冬季长袖纯棉...,218.00
花子日单小铺,「云朵猫」可爱纯棉纱布睡衣女春秋款202...,228.00
贝妍旗舰店,个性潮女|贝妍史努比长袖修身豹纹阔腿长裤...,298.00
ChendiKela旗舰店,【礼盒装】男士睡衣纯棉长袖春秋季2026...,218.00
GPTORI家居服,日本GP睡衣女纯棉纱布2026年夏季新款...,298.00
思莉太太旗舰店,思莉太太睡衣女款长袖薄款棉质2026正流...,277.00
欧诗帛旗舰店,可爱珊瑚绒女睡衣海岛绒2026新款秋冬季...,118.00
山橘月家居服品牌店,2026年新款带胸垫大码胖mm睡衣女夏季...,77.90
馨帮帮sinbounboun Acc配饰店,馨帮帮可爱花边波点开衫睡衣女秋季可外穿舒...,89.90
暖暖の睡衣,睡衣女款夏纯棉带胸垫可爱卡通短袖长裤20...,99.00
芬腾可安 睡衣家居服企业店,芬腾可安100%纯棉睡衣女款春秋甜美宽松...,168.00
微醺小姐旗舰店,睡衣女套装纯棉春秋装2026新款春秋季家...,169.00
芬腾可安 睡衣家居服企业店,芬腾可安睡衣女春秋款100%纯棉长袖条纹...,188.00
暖暖の睡衣,带胸垫纯棉睡衣女款夏短袖长裤2026新款...,98.00
花子日单小铺,〖奶酷小猫爪〗清新简约睡衣女春秋男款纯棉...,239.00
妮狄娅服饰旗舰店,妮狄娅睡衣女秋季纯棉纱布长袖开衫款复古田...,256.00
馨帮帮sinbounboun Acc配饰店,馨帮帮波点翻领睡衣女初秋可外穿宽松休闲舒...,69.90
悦内服饰专卖店,悦内带胸垫睡衣女款夏季夏天莫代尔短袖短裤...,228.00
aotoo睡衣家居服,睡衣女春秋季缎面冰丝夏款可外穿卡通猫高级...,288.00
轩靓官方旗舰店,轩靓泡泡棉a类睡衣女春秋季纯棉长袖26新...,628.00
lululemon官方旗舰店,Lightweight Softstre...,980.00
lululemon官方旗舰店,Pull-On 女士松紧腰锥形裤腿中腰中...,750.00
FILA官方旗舰店,斐乐直筒裤丨FILA官方男士针织长裤秋冬...,740.00
李宁官方旗舰店,李宁运动裤男款秋季黑色裤子男士休闲裤跑步...,199.00
柳步旗舰店,黑色三条杠速干裤子男夏季薄款美式高街直筒...,110.00
ROSTAT(原ROAST LUCKY),Roast lucky 中缝线单褶轻微喇...,278.00
瞬时山野Monterest,瞬时山野Monterest户外无氟防水休...,379.00
qotriock官方旗舰店,美式高街褶皱降落伞兵裤男女秋季潮户外运动...,138.00
李宁官方旗舰店,李宁卫裤新款秋季黑色裤子男款青少年直筒长...,249.00
SAMUSAN三亩三,黑色休闲运动裤女宽松慵懒风抽绳阔腿裤爵士...,159.80
帛先生旗舰店,秋季天丝莱赛尔男裤2026新款垂感直筒裤...,181.00
悟空有货原创设计师品牌,悟空有货美式复古褶皱水洗运动卫裤男女潮牌...,176.00
AERLIMITEDD专柜定制,鼎级品质！26ss韩系urban小众火柴...,239.00
瞬时山野Monterest,瞬时山野Monterest户外直筒软壳裤...,489.00
启健旗舰店,黑色弯刀斜切微喇卫裤男款秋季cleanf...,138.00
悟空有货原创设计师品牌,悟空有货潮牌复古高级感纯色垂感休闲裤男美...,136.00
柏屋舞苑运动旗舰店,柏屋儿童舞蹈裤女练功服直筒微喇裤子黑色跳...,179.00
FPA,FPA户外轻量运动风洞透气冰丝凉感软弹长...,249.00
babybody旗舰店,babybody女童喇叭裤春秋2026新...,89.00
ESSEFAUST潮牌店,ESSEFAUST设计感解构休闲卫裤男潮...,87.60
BENLAI旗舰店,本来BENLAI女士云感柔喇叭裤可拆卸瑜...,199.00
程锋旗舰店,加长版弯刀休闲裤男士高个子2026新款夏...,248.00
班梵诺旗舰店,cleanfit白灰色三防速干冲锋裤男美...,128.00
FPA,FPA户外运动城市跑步轻量7A长裤 夏季...,369.00
bodydream旗舰店,【穿云裤】BODYDREAM秋新款廓形长...,289.00
SPRAYGROUND旗舰,SprayGround鲨鱼嘴卫裤男202...,439.00
ONLPP,ONLPP美式复古辣妹黄色休闲运动卫裤女...,228.00
WIE STUDIO,耐磨防水男士运动裤多口袋设计实用,108.00
柳步旗舰店,深灰色斜切速干工装裤男美式褶皱伞兵冲锋裤...,118.00
SIMPLE 简单主义,420G重磅毛圈布运动短裤男夏季宽松纯色...,109.00
fizze旗舰店,裤子男春秋季2026新款运动阔腿宽松休闲...,90.00
实思Sellscream,Sellshreen美式伞兵褶皱多口袋工...,140.00
ONLPP,ONLPP美式复古辣妹条纹休闲卫裤女20...,228.00
gigt极吉官方旗舰店,gigt极吉五分瑜伽裤短裤女跑步新款健身...,398.00
bok旗舰店,BOK秋冬新款美式复古直筒运动裤男女长裤...,139.00
卡帝兽旗舰店,裤子男士秋季宽松休闲长裤2026新款男生...,146.00
SAMUSAN三亩三,可调节阔腿工装裤女夏宽松抽绳设计感小众街...,159.80
WASSUP HAPPY国潮,WASSUP HAPPY直筒休闲裤男春秋...,239.00
gigt极吉官方旗舰店,畅动裤gigt极吉瑜伽裤女运动普拉提健身...,268.00
qotriock官方旗舰店,户外法工蓝伞兵降落伞工装裤秋季薄款宽松褶...,138.00
LORCA原创工作室(原坐山客),坐山客 二代超轻量化速干裤男女同款夏季薄...,268.00
啄木鸟服饰特卖折扣店,啄木鸟裤子男士春秋季新款宽松直筒休闲长裤...,172.00
mpf服饰旗舰店,裤子男士秋季2026新款宽松直筒休闲长裤...,130.00
BeerBro,BeerBro美式复古街头高街辣妹工装裤...,199.00
paulfrank官方旗舰店,PaulFrank/大嘴猴运动裤男士20...,359.00
品牌男装经营,JEEP SPIRIT吉普男士夏季薄款透...,353.33
vr97旗舰店,VR97美式户外运动伞兵裤男早秋宽松轻薄...,399.00
LORCA原创工作室(原坐山客),坐山客 轻量化户外速干裤男女同款夏季透气...,318.00
Bananain蕉内旗舰店,【时尚青年】夏季短袖短裤套装简约风格,2??
贝妍旗舰店,贝妍夏季薄款纯棉短袖情侣睡衣女史努比凉感...,2??
Sinbounboun Homedress馨帮帮,馨帮帮Homedress 波点开衫睡衣裤...,8?
rosetree旗舰店,RoseTree宫廷风睡衣女款春秋季长袖...,3??
domiamia旗舰店,Domiamia纯棉月子服春夏季孕妇睡衣...,7??
Sinbounboun Homedress馨帮帮,馨帮帮Homedress 小清新碎花花边...,8?
缪黛旗舰店,三件套睡衣女款夏季纯棉短袖长裤2026新...,1??
JoyceBra,JoyceBra  星星波点翻领德绒睡衣...,1??
乐姿梦旗舰店,乐姿梦情侣睡衣女春秋款黑色高级感男士长袖...,2??
贝妍旗舰店,贝妍情侣睡衣女春秋新款柔软棉长袖宽松家居...,2??
芝桃鸟家居服直销爱豆店,芝桃鸟2026新款冰丝短袖长裤情侣睡衣男...,9?
芝桃鸟家居服直销爱豆店,纵享丝滑南极人睡衣情侣黑色男士春秋款冰丝...,2??
JoyceBra,JoyceBra蝴蝶结印花华夫格睡衣女2...,1??
思莉太太旗舰店,思莉太太情侣睡衣女款夏季纯棉短袖2026...,2??
芬腾官方旗舰店,芬腾红色睡衣女春秋款结婚新婚情侣纯棉家居...,3??
棉花泡泡家居服,棉花泡泡 米白天蓝波点a类纯棉睡衣女夏全...,1??
悦内官方旗舰店,悦内睡衣男士夏季冰丝短袖短裤家居服夏款丝...,2??
棉花泡泡家居服,棉花泡泡棕底黄玫瑰纯棉双层纱睡衣女款夏薄...,1??
乐姿梦旗舰店,超A情侣装时尚简约冰丝薄款夏季必备,2??
NANS工作室,高级感拉满！小众睡衣推荐！！,4?
GPTORI家居服,日本GP睡衣长袖田园仙女风纯棉纱柔软绉布...,5??
悦内官方旗舰店,悦内带胸垫睡衣女夏季冰丝短袖短裤家居服丝...,2??
情雪妃旗舰店,睡衣女生春秋夏季大码新款 长袖甜美郁金香...,1??
芬腾可安品牌家居服睡衣,芬腾可安睡衣女款夏季纯棉短袖短裤套装开衫...,1??
南极人官方旗舰店,南极人纯棉100%女士睡衣秋冬2026新...,9?
Bananain蕉内旗舰店,蕉内棉棉305Home男士可外穿家居服棉...,2??
悦内服饰专卖店,悦内带胸垫睡衣女春秋款秋季纯棉长袖家居服...,2??
欧诗帛旗舰店,可爱珊瑚绒女睡衣海岛绒2026新款秋冬季...,1??
都市丽人内衣旗舰店,都市丽人纯棉睡衣女春秋季2026新款长袖...,1??
LAria梨梨,LAria丝绒小熊 金丝绒睡衣2026春...,1??
花子日单小铺,「云朵猫」可爱纯棉纱布睡衣女春秋款202...,2??
山橘月家居服品牌店,2026年新款带胸垫大码胖mm睡衣女夏季...,7?
馨帮帮sinbounboun Acc配饰店,馨帮帮 条纹翻领睡衣女款早秋可外穿休闲舒...,6?
芬腾可安 睡衣家居服企业店,芬腾可安睡衣女春秋款100%纯棉长袖条纹...,1??
妮狄娅服饰旗舰店,妮狄娅睡衣女秋季纯棉纱布长袖开衫款复古田...,2??
ubras官方旗舰店,ubras云棉家居服情侣套装长袖长裤女士...,2??
芬腾可安品牌家居服睡衣,南极人睡衣女春秋季布料纯棉长袖女士可外穿...,1??
暖暖の睡衣,睡衣女款夏纯棉带胸垫可爱卡通短袖长裤20...,9?
情雪妃旗舰店,睡衣女士2026新款夏季冰丝短袖短裤甜美...,1??
芬腾可安 睡衣家居服企业店,芬腾可安100%纯棉睡衣女款春秋甜美宽松...,1??
暖暖の睡衣,带胸垫纯棉睡衣女款夏短袖长裤2026新款...,9?
aotoo睡衣家居服,睡衣女春秋季缎面冰丝夏款可外穿卡通猫高级...,2??
利鸿家居服,纯棉双层纱布睡衣女套头产后孕妇大码可爱卡...,9?
GPTORI家居服,日本GP睡衣女纯棉纱布2026年夏季新款...,2??
微醺小姐旗舰店,睡衣女套装纯棉春秋装2026新款春秋季家...,1??
鹿可思家居服,轻松小熊情侣睡衣女夏季短袖短裤针织棉可爱...,6?
rosetree旗舰店,RoseTree高级感睡衣女款春秋季长袖...,3??
檀蝶服饰旗舰店,檀蝶带胸垫睡衣女款夏季天丝棉短袖高级感女...,2??
WEMOVE维姆工作室,维姆工作室 男士内裤纯棉男款平角裤内裤男生潮流四角裤短裤薄款,118.00
Cukum Kboie品牌专柜店,CukumKboie男士内裤男款纯棉四角平角短裤头冰丝男生2026新款礼盒,359.00
MiiOW猫人内衣旗舰店,猫人冰丝男士内裤夏季薄款2026新款平角男生抗菌透气大码四角短裤,59.90
七匹狼内衣旗舰店,七匹狼男士内裤纯棉男生2026新款100%全棉男式四角短裤男款夏薄款,149.00
MiiOW猫人内衣旗舰店,猫人男士内裤纯棉2026新款男生透气抗菌男式四角平角男款裤衩大码,49.90
南极人服饰旗舰店,南极人冰丝内裤男无痕抗菌纯棉裆透气2026新款青少年四角短裤头衩,59.90
棉旦工作室,男士内裤男生纯棉透气四角时尚个性新爆款平角裤潮牌青少年短裤头,128.00
真维斯内衣旗舰店,真维斯男士内裤男纯棉平角裤抗菌透气四角裤大码裤头男生短裤裤衩,59.00
啄木鸟官方旗舰店,啄木鸟官方旗舰店男士内裤男生冰丝轻薄2026夏季高档运动四角裤头,60.00
南极人旗舰店,南极人男士内裤纯棉男生男款四角裤平角短裤青年2026新款大码秋冬,57.30
playboy内衣旗舰店,花花公子男士内裤纯棉新男款四角短裤衩平角男生抗菌大码运动透气,98.90
playboy内衣旗舰店,花花公子冰丝男士内裤无痕透气男生平角四角短裤10A抗菌夏季薄款,119.90
CAREKOTY内衣旗舰店,CAREKOTY冰丝无痕男士内裤夏季奶皮舒适透气2026新款男生平角短裤,131.00
有棵树内衣旗舰店,有棵树男士内裤纯棉抗菌透气平角裤男生四角运动裤衩粉色2026新款,159.80
南极人旗舰店,南极人男士内裤平角冰丝男生纯棉裆2026新款四角短裤衩男款夏薄款,119.90
芭菲鹿旗舰店,青少年内裤男生纯棉高中大学生发育期专用男款短裤衩男士2026新款,62.00
都市丽人精品旗舰店,都市丽人本命年红色内裤男款纯棉2026新款男士平四角短裤结婚礼物,79.90
南极人服饰旗舰店,南极人纯棉内裤男抗菌透气桑蚕丝裆2026新款宽松大码平角短裤春夏,99.90
zackwear内衣旗舰店,ZackWear速干凉感轻运动风网眼透气冰丝男士内裤男生平角四角短裤,79.00
猫人商务旗舰店,猫人男士内裤男款纯棉平角短裤男生2026新款7A抑菌透气运动四角裤,89.90
ChoiceKaiser旗舰店,ChoiceKaiser男士内裤男生纯棉莫代尔冰丝四角短裤男2026新款礼盒,228.00
啄木鸟官方旗舰店,男士内裤男款纯棉男生平角裤啄木鸟官方旗舰店2026新款抗菌四角裤,60.00
橙子先生内裤,男士冰丝内裤男生夏季薄款2026新款青少年潮流印花透气抗菌四角裤,50.00
Calien Keler 专柜店,CALIENKELER三角内裤男士纯棉秋冬款运动抗菌棉裆新款青年短裤头,57.80
啄木鸟男士内衣裤专店,啄木鸟男士内裤男款纯棉全棉裆四角100%正品男生2025新款短裤头夏,99.00
clarkarida卡恩旗舰店,clarkarida男士内裤2026新款桑蚕丝莫代尔送男生朋友礼物礼盒,276.00
七匹狼格悦专卖店,七匹狼男士内裤纯棉抗菌弹力男式大码短裤四角裤头男生平角裤男款,99.00
悦简内衣,男士内裤男生格子四角裤2026新款平角裤青年短裤运动透气裤头裤衩,39.00
JEEP谜之梦专卖店,JEEP/吉普莫代尔内裤男桑蚕丝抗菌裆青少年个性夏新款平角短裤头,149.90
Lee内衣旗舰店,Lee李牌80支云感棉男士内裤无痕透气10A级抗菌青少年四角裤平角裤,125.00
澜选内衣品牌店,海澜之家纯棉男士内裤新款男生抗菌大码四角裤头青少年男款短裤衩,69.90
MUEN目恩工作室,男士内裤莫代尔纯棉男款抑菌短裤高档男生舒适透气无痕平角裤薄款,69.00
啄木鸟男士内衣裤专店,Plover男士内裤男款纯棉全棉裆四角100%正品男生2025新款短裤头夏,99.00
miiow猫人官方旗舰店,猫人男士内裤纯棉男款透气平角裤2026新款男生抗菌宽松四角短裤男,69.90
有棵树官方旗舰店,有棵树男士内裤冰丝无痕四角男式短裤青少年2026新款夏季男生男款,139.00
Csanlv Klins内衣甄选,Csanlv Klins内裤男士冰丝男生四角平角短裤头夏薄款男款2026新款,289.00
M11OW科技内衣,猫人男士名牌内裤男款正品高档薄款冰丝抗菌男生平角裤衩2026新款,99.90
南极人官方旗舰店,南极人男士内裤纯棉2026新款男生平角裤抗菌透气男式宽松四角裤衩,43.90
健将旗舰店,健将莫代尔男士内裤男生纯棉透气裆四角青少年宽松冰丝平角短裤头,99.90
七匹狼时尚旗舰店,七匹狼男士内裤男款纯棉2026新款男生大码四角裤全棉名牌高档短裤,99.00
zsj服装店,2026本命年抑菌内裤男士纯棉青年可爱大红色平角属马年四角短裤衩,128.00
七匹狼诺姆专卖店,七匹狼男士内裤男生纯棉抗菌平角裤头男式2026新款青少年四角短裤,124.90
新新家的内裤,男士平角内裤夏季纯棉透气U囊袋国潮青年舒适亲肤运动四角短裤头,69.00
诱集旗舰店,内裤男士内裤纯棉竖纹平角裤加肥加大四角裤中高腰舒适青年棉短裤,69.00
有棵树官方旗舰店,有棵树男士内裤冰丝无痕四角裤纯棉裆男生2026新款夏季短裤衩男款,139.00
猫人科技内衣,猫人男士内裤男款纯棉抗菌透气2026新款大码名牌正品男式平角短裤,119.90
铭星萌内衣专营店,时尚冰丝无痕内搭男士内裤新款青年舒适透气四角裤男式平角短裤衩,128.00
南极人官方旗舰店,南极人男士内裤冰丝无痕2026新款男生抗菌四角裤衩平角运动短裤男,39.90
疏时旗舰店,疏时 竹影系列 碧色蕾丝拼接桑蚕丝亚麻长...,2399.00
RICH IN CHEESE 舒胡蕾,法式白色吊带连衣裙女夏高级感气质收腰长款...,211.00
RALPH LAUREN官方旗舰店,Ralph Lauren/拉夫劳伦女装 ...,3990.00
K姐KSOEUR 品质女装,K姐KSOEUR【赫本序曲】哑光百百醋酸...,199.00
K姐KSOEUR 品质女装,K姐KSOEUR 【花样年华】  工装风...,409.00
KROCHE,王可同款 Kroche「浪漫七夕」法式船...,469.00
香影官方旗舰店,香影波西米亚白色连衣裙女2026秋节新款...,569.00
fuunnyfeelln官方旗舰店,FF仿佛连衣裙2025年夏季新款气质PO...,1699.00
菀草壹女装旗舰店,【商场同款】菀草壹26夏波西米亚风印花绑...,999.00
菀草壹女装旗舰店,菀草壹2026夏度假风紫色荷叶边印花露肩...,648.00
WhyBerry Lab,WhyBerry 26SS“纯白茉莉”娃...,329.00
LATTITUDE OFFICIAL,热销1w+ Lattitude/杨小鹭 ...,388.00
安妮不火,安妮不火 蕾丝花边领鱼骨收腰碎花连衣裙女...,238.00
岛歌夫人,岛歌夫人黑色半高领短袖连衣裙收腰开叉长裙...,169.00
YAGONGZHU 高定,【赵丽颖 朱珠同款】YAGONGZHU ...,915.00
LOWEY,[现货]lowey 素描庄园 法式连衣裙...,599.00
KROCHE,胡静怡同款 Kroche 流动月光 法式...,399.00
樱桃线上品牌集合店,【现货正品】Reformation田曦薇...,588.00
独束旗舰店,独束分身型微定制假两件学院风连衣裙26秋...,719.00
大柠檬高端女装,元现货韩国TB2025夏季新款海边宽松度...,299.00
Q女家chiwawameme,Q女家 西柚气泡水/奶黄色挂脖连衣裙夏季...,328.00
安妮森林annforest设计师店,重工仙气花卉刺绣纯苎麻粉色压褶显瘦连衣裙...,1156.00
thesealife欧海一生旗舰店,【醋纤】欧海一生泡泡袖连衣裙女2026夏...,1199.00
WhyBerry Lab,WhyBerry 25SS“莓果芭菲”蝴...,389.00
安妮森林annforest设计师店,仙气炒色纯苎麻定位花卉刺绣紫色优雅连衣裙...,955.00
佛系少女和怪味少女,日韩露背百褶无袖背心连衣裙女夏复古设计感...,26.00
VASSE   [原Veee],Veee 浪漫夜玫瑰 黑色碎花显瘦泡泡袖...,189.00
Valacy's 梵老师,Valacy's 海岛编织系列┋'风吹半...,1280.00
moco官方奥莱旗舰店,MOCO针织裙春夏多巴胺撞色轻复古条纹肌...,2399.00
型色缤纷旗舰店,夏季花卉印花荷叶边荡领连衣裙2026新款...,920.00
张大人订制大码女装,张大人2026夏季大码女装胖妹妹mm显瘦...,179.90
银泰百货旗舰店,太平鸟女士时尚连衣裙A1FAF2478,359.00
张大人订制大码女装,张大人大码女装胖mm夏日显瘦度假感宝石蓝...,99.90
戴素轻奢原创女装,MA**RA同源面料 日本三醋酸混纺 通...,299.00
RECOIN R1C,RECOIN R1C 蓝色蕾丝荷叶边抹胸...,388.00
SoLighter,solighter 法式莱赛尔皱感圆领收...,449.00
Freja旗舰店,Freja25SS Florina Dr...,2880.00
一颗小野莓,一颗小野莓碎花吊带连衣裙女夏2026新款...,119.99
RECOIN R1C,RECOIN R1C 紫色挂脖扭结抹胸连...,388.00
北岛AMUU,「北岛AMUU原创」韩系绑带圆领碎褶连衣...,239.00
YAGONGZHU 高定,YAGONGZHU 吊带连衣裙长款法式荷...,964.00
范吸吸,范吸吸/叛逆白花/女装夏季2026新款长...,279.00
王嬛嬛MsLime服饰店,王嬛嬛MsLime【黑白撞色】无袖假两件...,587.05
SoLighter,solighter法式粉色莱赛尔v领系带...,429.00
UR官方旗舰店,UR2026秋季新款女装木耳边系带拼接超...,369.00
车迟恩Chien Che,车迟恩Chien 仙气水墨碎花雪纺长裙夏...,369.00
LOWEY,[现货]lowey海浪协奏曲'flowi...,559.00
郭卷毛,郭卷毛 深灰褶皱网纱无袖连衣裙女夏新款收...,340.00
lululemon官方旗舰店,Stretch Woven 女士阔腿裤 拒水*亚洲版型丨lululemon丨LW5HTOA,1???
ABWLR (原ABWEAR),ABWLR色彩幻境-原创渐变晕染阔腿牛仔裤女秋季新款宽松直筒拖地裤,5??
Moment 1991,moment灰色西裤女垂坠高级感宽松设计感显瘦阔腿裤女春秋季日系,3??
悟空有货原创设计师品牌,悟空有货立体褶皱A字廓形老钱风长裤子男高级感通勤百搭休闲西裤,1??
Moment 1991,moment白色灯芯绒阔腿裤女春秋季2023新款宽松直筒休闲垂感显瘦,4??
依艾格旗舰店,深蓝色阔腿牛仔裤女2026年春秋季新款小个子高腰宽松垂感拖地裤子,1??
古怪舍原创设计肚皮衣饰局,OOTD | 一条裙裤有多百搭~,2??
DailyScene,DailyScene「从轻」垂感口袋捏褶廓形空气阔腿裤百搭休闲棕色长裤,3??
ABWLR (原ABWEAR),ABWLR 素素美女-秋季灰色简约风西装阔腿裤宽松高智感拖地休闲裤,3??
森女部落SNBL,森女部落可爱少女粉色阔腿裤薄款长裤女夏小个子多巴胺休闲裤子秋,1??
ONLPP,ONLPP美式复古慵懒风粉色阔腿裤女低腰显瘦宽松垂感休闲直筒长裤,2??
NERESUM,NERESUM美式复古星星印花牛仔短裤女做旧水洗宽松阔腿休闲七分裤,1??
悟空有货原创设计师品牌,悟空有货美式复古迷彩工装牛仔裤男潮牌嘻哈高街hiphop直筒阔腿裤,1??
mammon财神家原创设计,白色莱赛尔天丝阔腿裤女2026夏季薄款高腰宽松显瘦垂感直筒休闲裤,1??
BENLAI旗舰店,本来BENLAI女士凉感休闲户外工装宽松阔腿裤26秋季新款BNT660039,3??
Don Cry,Don Cry 美式复古做旧阔腿弯刀牛仔裤男女新款松弛感宽松休闲裤子,1??
lululemon官方旗舰店,Seersucker WovenAir 女士泡泡纱褶饰长裤丨lululemon丨LW5JHEA,1???
依艾格旗舰店,极简风白色高腰阔腿牛仔裤女春秋季新款小个子裤子宽松垂感直筒裤,1??
NERESUM,NERESUM甜美满印爱心卫裤女秋冬嘻哈跳舞裤子垂感显瘦直筒运动裤,1??
ONLPP,ONLPP美式复古格子拼色休闲裤女2026春季宽松百搭阔腿拖地长裤,2??
一个未来富豪买了,美式复古字母拼接格纹休闲裤男夏季新款宽松阔腿垂感拖地格子裤女,7?
XinDUguan,美式复古黑色卫裤休闲裤女春秋季新款设计感翻边直筒运动裤子潮,8?
loannina旗舰店,蓝色格子裤子女夏季薄款2026新款高腰休闲裤子秋季显瘦直筒阔腿裤,7?
WXB无性别 线上商店,韩国 cleanfit双折A字西裤TR混纺垂感宽松休闲直筒裤通勤长裤男女,1??
IWTFF,IWTFF 黑爵士明线解构莱赛尔羊毛直筒阔腿喇叭西裤垂感抗皱休闲裤,2??
FKUG南相酱,FKUG高个子美式复古辣妹低腰阔腿牛仔裤女秋季高街宽松拖地弯刀裤,1??
YOBARLA 优芭拉女装,黑色微喇牛仔裤女秋季新款大码胖mm弹力显瘦梨型身材阔腿马蹄裤子,1??
FAESSLIN STUDIO高个子穿搭,FAESSLIN 灰色运动裤女高个子加长休闲香蕉卫裤宽松弯刀阔腿裤秋,2??
Don Cry,Don Cry 美式复古水洗牛仔裤新款男女街头百搭休闲直筒宽松裤子潮,1??
黑色草莓  STRAWBERRY,灰色遛弯抽绳休闲裤女秋季运动直筒裤子宽松软糯垂感阔腿舒适长裤,7?
UR官方旗舰店,UR2026秋季新款女装气质燕麦格雷肌理感抽绳阔腿裤UWM660121,1??
JYFSYXGS,莱赛尔天丝深蓝色七分牛仔裤女小个子夏薄款高腰宽松直筒阔腿中裤,8?
呆毛DMFACTORY,呆毛不规则裁片拼接设计感阔腿西装裤女休闲宽松垂感直筒拖地裤子,1??
时尚速递店,美式复古牛仔裤女春秋季新款折痕阔腿休闲设计感显瘦宽松梧桐裤子,6?
YOBARLA 优芭拉女装,灰色阔腿工装裤女秋季新款胖mm大码宽松梨型身材显瘦直筒牛仔裤子,1??
KENABSTUDIO,KENABSTUDIO不规则条纹垂感西装裤女夏季新款设计感宽松阔腿裤,3??
KTONE,KTONE秋季新款蓝色高腰宽松牛仔裤女显瘦常规阔腿裤直筒长裤子,2??
yynw旗舰店,白色高腰阔腿休闲裤女夏季2026新款美式复古宽松显瘦垂感弯刀裤子,1??
轻城 苏小糖,轻城苏小糖|日本裤2.0 卡其色高腰阔腿休闲裤女宽松全棉百搭裤子,2??
AOLOL,aolol“冰川感”老钱风亚麻弯刀裤子女夏直筒显瘦休闲气球裤,3??
yynw旗舰店,压皱白色高腰阔腿牛仔裤女2026新款夏季慵懒宽松垂感拖地直筒裤子,1??
珞岚彩旗舰店,黑色阔腿裤女2026秋季新款小个子长裤直筒裤子高级松弛垂感西装裤,1??
逃离地球 情报局,美式街头黑色工装裤女2026新款甜酷宽松高腰显瘦直筒拖地阔腿裤子,8?
FAESSLIN STUDIO高个子穿搭,FAESSLIN高个子【梨形救星】弯刀牛仔裤女加长休闲裤阔腿裤镰刀裤,3??
XinDUguan,美式复古小狗毛巾刺绣牛仔裤女秋冬季新款设计感宽松阔腿裤弯刀裤,8?
KENABSTUDIO,KENABSTUDIO春夏双腰头灰色条纹西装裤女高级感阔腿裤拖地长裤,3??
mammon财神家原创设计,美式绿色工装阔腿裤女2026秋季新款高腰宽松显瘦小个子休闲弯刀裤,1??
梅莉娅 极简Studio,老钱风白色亚麻阔腿裤女小个子夏季新款垂感棉麻休闲直筒麻料长裤,1??
荷香艺梦旗舰店,让传统文化浸润孩子心灵从这款儿童汉服开始...,74.00
夕洛茜旗舰店,夕洛茜白色清冷汉服套装女魏晋风仙女裙大袖...,399.00
夕洛茜旗舰店,夕洛茜白色汉服女仙气飘逸齐胸襦裙古装演出...,429.00
静还决汉服,静还决 玉鸢 原创宋制汉服女外大袖对襟衫...,424.00
静还决汉服,静还决 芙香 华彩东方同款原创明制汉服女...,336.00
汉梦归品牌店,汉梦归原创锦衣卫飞鱼服男女织金妆花曳撒贴...,840.00
乐彩服饰,女童国风汉服花木兰古装,80.00
青伊阁汉服馆,蓝尾蝶汉服女古装重工刺绣齐腰大袖衫诃子裙...,698.00
暖色原创汉服,暖色原创汉服女【花神】唐制齐胸渐变襦裙花...,358.00
芭米诺旗舰店,女童汉服春秋中国风唐装敦煌飞天异域风情古...,130.00
玉术旗舰店,玉术新品【揽月裁樱】大袖衫吊带重工刺绣春...,358.00
暖色原创汉服,暖色【青衣】宋制原创汉服女对襟大袖衫长干...,19.90
潮优贝旗舰店,汉服女童魏晋大袖衫儿童2026新款古装国...,239.00
汉家衣尚 国风汉服,汉服女唐制齐胸裙成人日常超仙可爱古风改良...,164.00
芭米诺旗舰店,汉服女童春秋小女孩2026新款中国风唐装...,119.00
仙楚姬旗舰店,仙楚姬原创汉服【木兰辞】侠客风汉服小师妹...,398.00
静还决旗舰店,静还决 霜花龙影 原创仙气诃子裙花瓣大袖...,494.00
裳云兮旗舰店,裳云兮原创汉服女【青谣】日常齐胸襦裙中国...,999.00
花仙记汉服,花仙记【小羊庄园】原创汉服琵琶袖马面裙汉...,69.00
春和 国风工作室,【春和】声声慢 宋制复原仕女图 天丝对襟...,150.00
裳云兮旗舰店,裳云兮原创汉服女【青谣】日常齐胸襦裙中国...,268.00
长恨歌,原创汉服成人春夏款唐制直裾重工刺绣洛神赋...,168.00
汉唐一梦 汉服,原创汉服女【烟霞碧波】明制长衫比甲马面裙...,118.00
颂九 国风工作室,颂九·金风玉露 橘绿浮光锦法门寺齐胸襦裙...,78.80
柒玖捌原创汉服女,花朝记原创汉服【金翎纱】仙侠风汉服女齐腰...,340.00
森女部落SNBL,森女部落汉服套装浅蓝长衫毛绒马甲蕾丝半裙...,496.00
蜀司绣罗衣原创设计,蜀司绣罗衣丨无涯丨【售完不补】交领长衫帅...,35.00
十叁月汉服,十叁月【惊鸿客】唐制圆领袍古装cospl...,148.00
仙楚姬旗舰店,仙楚姬原创汉服【蛇】刺绣双层大袖衫交领长...,999.00
蜜姿娅旗舰店,终于找到了一款优雅又仙气的汉服裙，图片色...,298.00
蜀司绣罗衣原创设计,蜀司绣罗衣丨远山客丨武游侠国风古风破烂江...,90.00
忆汐阁原创汉服,原创汉服水墨竹男女情侣魏晋风超仙印花大袖...,158.00
九笙原创服饰设计馆,九笙原创【花瑶】唐制汉服女齐胸汉元素绣花...,148.00
月梳茼旗舰店,金枫玉树原创汉服女重工刺绣诃子裙改良齐胸...,268.00
静还决旗舰店,静还决「周年庆」 似海棠 原创明制汉服女...,295.00
汉家衣尚 国风汉服,汉服新中式灯笼裤日常通勤cos立领短袖旗...,148.00
汉如初 汉服汉元素工作室,未知星辰授权狐踪秘录汉服女中国风汉元素新...,628.00
韵梦棋汉服工作室,原创汉服女唐制齐胸齐腰汉元素春夏季日常飘...,65.00
柒夕棠汉服,新款【蝶影】重工刺绣大袖衫紫色汉服女古风...,999.00
秀巅原创汉服,秀巅原创汉服【夏日草莓】汉元素蓬蓬裙吊带...,58.00
潮优贝旗舰店,国风女童汉服春秋2026新款儿童古风超仙...,259.00
柒玖捌原创汉服女,柒玖捌【小殿下】华丽唐风齐胸裙刺绣大袖斗...,520.00
异誌閣,异志阁原创改良【永宴瑶华】魏晋南北朝汉元...,1080.00
云裁华裳,新款汉服女中国风新中式唐制圆领袍灯笼裤短...,168.00
异誌閣,异志阁原创汉服人鱼汉元素【织粼寻影】改良...,980.00
沐谦坊古装,春秋战国影视装宋代朝农民百姓群演汉服焦夫,218.80
青伊阁汉服馆,重工战国袍汉服女蓝色露肩古装中国风直裾大...,568.00
维雏旗舰店,高级汉服女童春秋2026新款儿童马面裙古...,498.00
SecretWorld秘密世界,SecretWorld内衣女小胸聚拢收副乳防下垂无痕隐形夏季显大文胸罩,7?
VICTORIA'S SECRET官方旗舰店,直降208|维密杨幂同款反重力MAX大胸显小无钢圈无痕文胸女夏薄,4??
Bananain蕉内旗舰店,周冬雨同款蕉内果冻条软支撑501S无痕内衣女小胸聚拢文胸胸罩,1??
VICTORIA'S SECRET官方旗舰店,直降238|维密明星同款ACE三角杯蕾丝叠穿LOGO字母肩带文胸女夏,5??
Bananain蕉内旗舰店,蕉内511S美背内衣女小胸聚拢收副乳防下垂无痕性感隐形文胸胸罩,1??
草本初色集团旗舰店,草本初色内衣女低领夏薄款聚拢隐形透气2026新款细肩带美背文胸罩,9?
艾莎雅旗舰店,加厚6cm小胸显大聚拢内衣女聚拢防滑裹抹胸隐形无痕前扣无肩带文胸罩,1??
vtt旗舰店,无痕内衣女士夏季薄小胸聚拢显大无钢圈收副乳抹胸无肩带外扩文胸,1??
美丽密语520,维多利亚文胸性感蕾丝显大内衣女士小胸聚拢收副乳防下垂套装夏秋,5??
有棵树官方旗舰店,孟子义推荐有棵树内衣女小胸聚拢收副乳防下垂无痕女士文胸,1??
好奇蜜斯旗舰店,好奇蜜斯小胸聚拢内衣女夏薄显大无钢圈法式蕾丝文胸罩套装防下垂,9?
娜彤蜜旗舰店,调整型内衣女小胸聚拢收副乳文胸塑形矫正防下垂五排扣防外扩胸罩,1??
芬狄诗官方旗舰店,【吴昕同款】芬狄诗莫吉托内衣女粉底液三角杯小胸细肩带美背文胸,1??
SecretWorld秘密世界,Secret World嘭嘭杯内衣女小胸聚拢收副乳防下垂上托显大无痕文胸,9?
VICTORIA VIABIVGI品牌店,维多利亚薄款大胸显小内衣女收副乳防下垂胸罩无钢圈无痕前扣文胸,4??
verycode内衣旗舰店,维多利亚小胸聚拢内衣女上托防下垂调整收副乳性感蕾丝文胸套装密,1??
婷美服饰旗舰店,婷美蚕丝抑菌杯少女生运动防震初高中立体固定杯发育内衣文胸,2??
都市丽人官方旗舰店,都市丽人少女内衣18岁高中大学生无痕聚拢小胸防下垂蕾丝碎花文胸,1??
都市丽人服饰旗舰店,都市丽人蕾丝碎花内衣女小胸聚拢防下垂收副乳舒适无痕薄款文胸罩,9?
多情猫旗舰店,张月同款|多情猫VV扣杯粉底液前扣内衣女小胸聚拢显大收副乳文胸,1??
VICTORIA VIABIVGI品牌店,维多利亚无痕内衣女小胸聚拢调整型收副乳前扣舒适无钢圈文胸套装,6??
维多利亚线上体验店,Victoria minoolin桑蚕丝小胸聚拢显大无痕内衣收副乳防下垂文胸,3??
小春更旗舰店,小春更初中生内衣女高中学生青春期发育期背心15岁女大童少女文胸,1??
维多利亚奢品代购店,维多利亚法式三角杯薄款性感美背内衣前扣大胸显小吊带文胸舒适,1??
蜜桃bra集合店,凉感无痕内衣女学生无钢圈运动聚拢少女文胸舒适透气显小吊带背心,1?
「PA」日本内衣代购店,日本PARFAGE蕾丝性感胸罩小胸聚拢内衣女上托防下垂bra调整型文胸,3??
verycode内衣旗舰店,维多利亚内衣女小胸聚拢调整型无痕光面性感无钢圈加厚文胸套装密,1??
内衣品牌速购1,内衣女小胸聚拢调整型收副乳上托无钢圈蕾丝秋冬文胸套装,1??
joomuu旗舰店,Joomuu无痕束胸运动内衣大胸显小裹美背心防凸点超平胸神器cos女,2??
Queen轻奢正品,超薄粉底液内衣隐形透气美背夏季女士无痕无钢圈冰丝凉感文胸,1??
CC 内衣代购,日本Ravijiour ins法式蕾丝内衣薄无钢圈透气前扣小胸三角杯文胸,3??
哈安旗舰店,前扣无肩带内衣女隐形文胸防滑聚拢显大抹胸美背裹胸胸罩小胸加厚,2??
维多利亚性感BRA,维多利亚2026新款无肩带内衣女防滑聚拢小胸显大隐形吊带专用文胸,5??
都市丽人服饰旗舰店,都市丽人蕾丝内衣女夏薄款小胸聚拢显大舒适透气收副乳防下垂文胸,9?
小春更旗舰店,小春更高中生少女文胸青春发育期初中学生内衣15岁青少年定型胸罩,1??
迷尚萨拉旗舰店,内衣女学生初中大童无钢圈文胸发育期细肩带少女薄款胸罩无痕背心,5?
Beauty 轻奢甄选,韩国热卖粉底液冰丝内衣薄款无痕隐形小胸聚拢大胸显小文胸,3??
peach-box旗舰店,peach-box蕾丝性感内衣女小胸法式纯欲套装防下垂上托深V文胸2026,1??
佰丝娜官方旗舰店,无痕裸感内衣女士小胸聚拢无钢圈收副乳防下垂美背文胸罩舒适薄款,6?
欧迪芬旗舰店,欧迪芬大胸显小任意提拉内衣女2026文胸无钢圈收副乳防下垂文胸罩,1??
维多利亚高端内衣馆,维多利亚调整型内衣小胸聚拢收副乳无钢圈防下垂性感蕾丝文胸套装,3??
多情猫旗舰店,张月同款多情猫内衣女士小胸聚拢2026收副乳防下垂显大文胸罩套装,1??
YO性价比内穿服饰,青少年内衣女文胸高中生聚拢矫正收副乳防下垂防外扩运动跑步防震,5?
嫦香诗旗舰店,内衣女夏薄款大胸显小胸聚拢收副乳防下垂套装性感纯欲蕾丝文胸罩,1??
安致儿旗舰店,【聚拢上托】性感蕾丝文胸无钢托V型设计,9?
都市丽人潮流旗舰店,都市丽人大码提拉内衣女聚拢防下垂收副乳大胸显小薄款全罩杯文胸,1??
Comfort维多内衣店,维多利亚无痕内衣女小胸聚拢收副乳性感薄款字母肩带细带文胸套装,3??
棉先知旗舰店,法式蕾丝无痕内衣女薄款小胸显大无钢圈胸罩收副乳防下垂聚拢文胸,5?
蓝瑟旗舰店,高腰蓝色牛仔短裙女2026春夏新款a字裙显瘦百搭黑色包臀半身裙子,1??
KROCHE,陈芷琰同款 Kroche 浪漫法式 不规则下摆 蕾丝花边A字长款半身裙,3??
LotusRoot三寸藕,三寸藕【秋分麦浪】复古格子花边半身裙新款秋季通勤显瘦A字裙女,7?
依艾格旗舰店,卡其色高腰a字半身裙女2026新款春夏韩系显瘦通勤包臀短裙小个子,1??
Onthereverse,Onthereverse 原创设计感学院风黑色抽绳系带A字日系百褶半身裙女,2??
Korean  Girl,美拉德咖色拼接格子长款半身裙女春秋季高腰显瘦灯芯绒A字长裙子,9?
芊蕙自制女装,一步半身裙女夏季2026新款中长款小个子半身长裙高腰开叉包臀裙子,1??
芊蕙自制女装,灰色莫代尔开叉半身裙女小个子修身显瘦包臀裙夏季垂感百搭一步裙,1??
有耳uare女装原创设计,有耳uare原创设计 雀跃的自由 复古飞鸟贴布绣可拆腰封长裙半身裙,3??
小丫头衣社,韩系慵懒风波点半身裙女2026秋季新款松紧腰休闲A字花苞中裙1324Q,8?
林大事LINTINGXIN,灰色百褶西装裙女半身裙高腰休闲a字春夏季过膝中长裙,5?
LotusRoot三寸藕,三寸藕【奶油甜屿】奶油风少女感杏色A字半身裙秋季高腰花苞裙子,1??
MR DUANZL,MRDUANZL不规则半身裙女2026春季小众设计感法式白色长裙蛋糕裙子,8?
一颗小野莓,一颗小野莓a字高腰半身裙女2026年夏季新款超好看的法式复古长裙,1??
MR DUANZL,纱裙半身裙网纱公主蓬蓬裙女仙女木耳边大摆裙子a字长裙旅游长裙,1??
三不原创女装,韩系甜美减龄泡泡花苞裙女夏季新款宽松休闲a字短裙蓬蓬半身裙子,1??
森女部落SNBL,森女部落 田园风裙子红色格子半裙多巴胺长裙高腰蛋糕半身裙女夏,3??
MASS Boutique,MASS灰色半身裙女2026春夏新款高腰显瘦A字裙小个子包臀裙防走光,1??
OOK STUDIOS,OOKSTUDIOS日系休闲松紧半身裙短裙女2026春夏新款百搭显瘦运动裙,8?
lululemon官方旗舰店,Groove 女士折叠腰部中腰短裙丨lululemon丨LW8AV5S,7??
仙女裙子哈哈哈,超仙流光沙紫色半身裙大码高腰垂感珠光裙高级感a字裙春夏仙女裙,2??
Korean  Girl,y2k辣妹不规则白色蛋糕裙半身裙女夏季设计感镂空系带蓬蓬短裙子,9?
北岛AMUU,「北岛AMUU原创」韩系大口袋绿色a字短裙女26夏季新款高腰半身裙,1??
巧巧家小个子女装,150小矮个子西装百褶半身裙女秋高腰a字中长款梨形身材显瘦搭配xs,9?
米子旗旗舰店,米子旗高腰半身裙女春秋2026新款修身显瘦a字小个子格子拼接短裙,1??
北岛AMUU,「北岛AMUU」少女感粉色高腰a字纯棉半身裙女夏季新款百搭中长裙,1??
菀草壹女装旗舰店,【昆凌同款】【王玉雯同款】菀草壹26夏不规则半身裙O07610621,7??
依艾格旗舰店,灰色西装半身裙女2026夏季新款学院风高腰显瘦包臀辣妹短裙小个子,1??
Suzukib女装,白色斜边蕾丝花边半身裙女春季新款设计感高腰显瘦不规则中长裙子,8?
林关关,林关关黑色波点针织半身裙女秋冬包臀裙法式高级感气质半裙直筒裙,1??
曾小咸大码女装,曾小咸大码女装“青春日志”粉色v领收腰短袖t恤半身裙胖mm套装夏,1??
南在北方下 Large size,大码胖mm蓝灰色格子鱼尾半身裙女秋冬中长款裙子遮肉格纹包臀长裙,9?
忠犬小八梨形自制,忠犬小八梨形自制白色半身裙小个子双层设计感蛋糕裙韩系长裙裙子,1??
elle女装旗舰,【学院百褶裙】ELLE灰色高腰显瘦半身裙女2026秋季新款小个子短裙,3??
南在北方下 Large size,大码胖mm黑色碎花灯芯绒半身裙女秋冬季复古甜美a字微胖显瘦长裙,8?
MOIZJ 郑春花儿,郑春花 朦胧网纱 蕾丝松紧高腰半身裙女A字中长裙百搭浪漫裙子ins,2??
韩流风小女人,显白咖啡色高腰a字牛仔半身裙显腿长小个子短裙,1??
韩流风小女人,韩系百搭显瘦高腰半身裙女2026秋季新款时尚简约通勤开叉A字短裙,1??
岛歌夫人,岛歌夫人重工花型蕾丝半身裙女秋季新款半裙温柔直筒裙高腰长裙子,1??
零度苏打,零度苏打  灰色波点百褶裙女秋冬裙子长款半裙新款小个子半身裙,1??
图图 小姐,2025夏新款美式复古高腰牛仔半身裙女辣妹防走光显瘦a字百褶短裙,8?
Dazi金大支,Dazi金大支蕾丝拼接撞色百褶半身裙2026新款秋季高腰胖mm大码裙子,3??
有耳uare女装原创设计,有耳uare原创设计 季风迁徙 飞鸟郁金香印花莱赛尔天丝绑带半身裙,3??
lagogo服饰旗舰店,莱赛尔LAGOGO甜酷工装短裙女拉谷谷2026秋新款棕色美式复古半身裙,4??
Rena 小铺,RENA薄荷绿A字半身裙女夏甜美少女风中长裙垂感飘逸度假风,9?
betu旗舰店,舒适|显瘦|百搭-复古双插袋半身裙,3??
雨气泡微胖大码女装,大码胖mm粉色波点半身裙女夏季高腰纽扣半裙微胖显瘦a字裙长裙子,9?
MASS Boutique,MASS 美拉德咖色灯芯绒高腰a字半身裙女2025秋冬新款显瘦中长裙,1??
Beauty时尚甄选,【7A抑菌】内衣女夏季薄款冰丝隐形无痕大胸显小聚拢防下垂文胸罩,198.00
曼妮芬官方旗舰店,曼妮芬舒适无钢圈文胸小胸聚拢无痕粉底液内衣女收副乳软支撑胸罩,298.00
都市丽人内衣旗舰店,都市丽人无痕裸感内衣女小胸聚拢夏薄款软支撑收副乳防下垂文胸罩,199.00
ELLEgirl内衣旗舰店,ELLEgirl少女文胸发育期背心青少年女孩初高中学生可调节肩带内衣,399.00
Bananain蕉内旗舰店,蕉内511S美背内衣女小胸聚拢收副乳防下垂无痕性感隐形文胸胸罩,169.00
Bananain蕉内旗舰店,蕉内舒服蕾303A文胸蕾丝美背内衣女薄款法式性感透气细肩带文胸,99.00
佰丝娜官方旗舰店,内衣女士小胸聚拢舒适无钢圈收副乳防下垂柔软蕾丝少女文胸罩夏薄,49.90
SecretWorld旗舰店,Secret World低领粉底液内衣女隐形无痕小胸聚拢方领细肩带文胸罩,199.90
内比旗舰店,内比浪漫少女内衣女2026新款聚拢小胸蕾丝细肩带胸罩薄款无痕文胸,69.90
天猫超市,【祝绪丹同款】幸棉第二代前扣无肩带内衣女小胸聚拢显大文胸抹胸,338.00
SecretWorld秘密世界,SecretWorld内衣女小胸聚拢收副乳防下垂无痕隐形夏季显大文胸罩,79.98
六只兔子内衣店,六只兔子蕾丝内衣女小胸聚拢显大性感文胸罩套装上托防下垂收副乳,99.90
琴趣旗舰店,内衣女夏薄款2026新款爆款无钢圈运动聚拢收副乳防下垂美背文胸罩,139.00
好奇蜜斯旗舰店,好奇蜜斯小胸聚拢内衣女夏薄显大无钢圈法式蕾丝文胸罩套装防下垂,99.80
SecretWorld旗舰店,【赵今麦同款】Secret World内衣女小胸聚拢防下垂收副乳无痕薄款,199.00
好奇蜜斯旗舰店,好奇蜜斯芭比联名闪水钻内衣女聚拢小胸夏薄款文胸罩套装性感粉色,189.00
VICTORIA'S SECRET官方旗舰店,直降238|维密明星同款ACE三角杯蕾丝叠穿LOGO字母肩带文胸女,526.00
怡倩内衣旗舰店,怡倩【氧气杯2.0】大胸显小无痕内衣女薄款隐形收副乳大码文胸,258.00
轻夕旗舰店,轻夕抹胸内衣女大胸显小薄款蕾丝全罩杯防走光裹胸细肩带美背文胸,198.00
VICTORIA'S SECRET官方旗舰店,直降208|维密杨幂同款反重力MAX大胸显小无钢圈无痕文胸女薄,428.00
小春更旗舰店,小春更初中生内衣女高中学生青春期发育期背心15岁女大童少女文胸,139.90
SecretWorld秘密世界,Secret World嘭嘭杯内衣女小胸聚拢收副乳防下垂上托显大无痕文胸,99.98
草本初色集团旗舰店,草本初色内衣女低领夏薄款聚拢隐形透气2026新款细肩带美背文胸罩,99.90
都市丽人服饰旗舰店,都市丽人蕾丝内衣女夏薄款小胸聚拢显大舒适透气收副乳防下垂文胸,99.90
蜜桃bra集合店,凉感无痕内衣女学生无钢圈运动聚拢少女文胸舒适透气显小吊带背心,16.80
小春更旗舰店,小春更高中生少女文胸青春发育期初中学生内衣15岁青少年定型胸罩,129.00
迷尚萨拉旗舰店,内衣女学生初中大童无钢圈文胸发育期细肩带少女薄款胸罩无痕背心,56.00
luckmeey幸棉官方旗舰店,幸棉前扣无肩带小胸聚拢隐形裹胸粉底液文胸罩防滑不掉抹胸内衣女,338.00
都市丽人旗舰店,都市丽人二阶段发育期内衣小初中学生无痕文胸青春期女孩儿童背心,59.90
杭拍旗舰店,少女文胸学生运动内衣女大童防震背心发育期15岁初中高中生青春期,89.00
MiiOW猫人内衣旗舰店,猫人初高中学生内衣发育期二阶段青少年女孩运动防震少女文胸背心,49.00
都市丽人潮流旗舰店,都市丽人大码提拉内衣女聚拢防下垂收副乳大胸显小薄款全罩杯文胸,109.90
完美记忆旗舰店,完美记忆粉底液内衣女文胸夏薄款隐形无痕美背细肩带小胸聚拢胸罩,57.00
知音草旗舰店,知音草初中高中生少女文胸纯棉a类青春发育期15岁定型固定杯内衣,39.90
古今时尚旗舰店,古今无痕内衣女小胸聚拢收副乳防下垂无钢圈软支撑背心文胸薄款,189.00
奶糖派官方旗舰店,奶糖派微甜内衣大胸显小全罩杯薄蕾丝透气防下垂收副乳光面无痕,499.00
Beauty 轻奢甄选,韩国热卖粉底液冰丝内衣薄款无痕隐形小胸聚拢大胸显小文胸,336.00
欧若纤旗舰店,夏薄款无痕内衣女小胸聚拢收副乳防下垂运动大学高中生少女士胸罩,58.00
六只兔子内衣店,六只兔子无痕抑菌内衣女小胸聚拢收副乳细肩带文胸无钢圈美背胸罩,89.90
真维斯内衣旗舰店,真维斯无痕文胸裸感空气杯软支撑透气内衣女聚拢小胸运动文胸罩薄,59.90
顶劲劲旗舰店,【凉朵儿】内衣女夏天大胸显小超薄款无痕透气防下垂胖mm大码文胸,89.00
卡迪贝拉旗舰店,无痕舒适云朵内衣女士小胸聚拢上托收副乳防下垂薄款无钢圈文胸罩,70.00
猫人内搭旗舰店,猫人内衣女小胸聚拢无痕文胸立体杯果冻胶软支撑裸感内衣26年秋冬,99.00
ubras官方旗舰店,虞书欣同款ubras无尺码小奶皮无痕内衣女夏薄款隐形背心运动文胸,169.00
DAYU大鱼 原创私物,100%桑蚕丝内里无痕内衣女小胸聚拢薄款收副乳防下垂无钢圈文胸罩,79.00
有棵树官方旗舰店,孟子义推荐有棵树内衣女小胸聚拢收副乳防下垂无痕女士文胸,149.00
帕兰朵官方旗舰店,内衣女小胸聚拢无钢圈显大2026新款爆款文胸收副乳防下垂文胸胸罩,79.00
棉先知旗舰店,法式蕾丝无痕内衣女薄款小胸显大无钢圈胸罩收副乳防下垂聚拢文胸,53.90
蓝瑟旗舰店,高腰蓝色牛仔短裙女2026春夏新款a字裙显瘦百搭黑色包臀半身裙子,139.00
古怪舍原创设计肚皮衣饰局,水母一样的裙摆,219.00
SUW 苏喂,早秋日系复古轻亚风花苞百搭褶皱蓬蓬灰色a字过膝中长裙半身裙女,119.00
MJSTYLE服饰旗舰店,MJ STYLE灰色百褶西装裙女春秋季半身裙高腰休闲学院大摆A字长裙,159.90
韩流风小女人,韩系百搭显瘦高腰半身裙女2026秋季新款时尚简约通勤开叉A字短裙,119.00
落落狷介 LUOLUOJUANJIE,落落狷介半身裙女2026新款绿色蕾丝拼接波点半裙小个子松紧腰裙子,358.00
三不原创女装,韩系甜美减龄泡泡花苞裙女夏季新款宽松休闲a字短裙蓬蓬半身裙子,179.00
LotusRoot三寸藕,三寸藕【秋分麦浪】复古格子花边半身裙新款秋季通勤显瘦A字裙女,79.55
一颗小野莓,一颗小野莓a字高腰半身裙女2026年夏季新款超好看的法式复古长裙,149.99
Dazi金大支,Dazi金大支蕾丝拼接撞色百褶半身裙2026新款秋季高腰胖mm大码裙子,329.00
羊好好旗舰店,中长款花苞云朵裙夏季新款时尚松紧腰半身裙女高腰显瘦百搭蓬蓬裙,1688.00
韩流风小女人,显白咖啡色高腰a字牛仔半身裙显腿长小个子短裙,199.00
羊好好旗舰店,新款白色蛋糕短裙女松紧腰半身裙高腰显瘦百搭通勤高端云朵a字裙,1288.00
橘子酱YO,橘子酱YO满印星星条纹拼接Y2K古早味蛋糕裙显瘦百搭百褶蓬蓬短裙,78.00
小丫头衣社,韩系学院风波点毛呢半身裙女2026秋季新款A字百搭休闲半裙1381A,81.09
LISA家 简约实用型女装,法式通勤松紧腰裙子毛呢高腰显瘦大摆气质伞裙女秋季26新款半身裙,159.00
雨气泡微胖大码女装,大码胖mm咖色麂皮绒中裙不规则半身裙秋季格纹伞裙中长款A字裙子,99.80
Luna7xi,Luna7xi 蓝色复古水洗牛仔裙半身裙女秋季高腰显瘦直筒开叉长裙子,399.00
Luna7xi,Luna7xi 灰色西装半身裙女夏季高腰显瘦气质通勤直筒裙高级感裙子,399.00
百洛安旗舰店,百洛安·显瘦通勤风白色半身裙七天无理由退换,298.00
阿肉Ree,26秋季百搭灰色半身裙女新款高腰显瘦磨毛西装黑色a字短裙配腰带,49.90
一颗小野莓,一颗小野莓 波点腰带半身裙女秋冬复古中长款A字高腰显瘦气质半裙,145.99
Go Girl Go,Go Girl Go 自制欧美风白色垂顺半身裙女夏中腰修身鱼尾裙a字短裙,99.00
红人馆女装店,红人馆包臀半身裙女2026秋季今年流行爆款中长款巨好看麂皮绒裙子,279.80
MASS Boutique,MASS 美拉德咖色灯芯绒高腰a字半身裙女2025秋冬新款显瘦中长裙,128.00
小丫头衣社,韩系慵懒风波点半身裙女2026秋季新款松紧腰休闲A字花苞中裙1324Q,81.09
ZRCIR,藏青色复古长款半身裙2026早秋新款小个子高腰显瘦A字轻薄花苞裙,139.00
Crucreamsu叙白,CRUCREAMSU 白色半身裙不规则蕾丝裙女春秋季高腰显瘦a字中长裙子,199.00
芊蕙自制女装,长款一步裙半身裙女设计感裙子春秋款拖地高腰显瘦夏季A字裙百搭,189.00
洋橙home,2026春夏秋新款高腰显瘦百搭垂感卡其色对折裙子设计感半身裙,199.00
芊蕙自制女装,直筒半身裙黑色包臀裙春秋2023新款高腰,168.00
谢荞荞,谢荞荞「轻音摇曳」松紧腰木耳边长裙休闲百搭显瘦藏青色半身裙,198.58
恩眷 (原路加LUJIA),【白月光】恩眷_白色花苞裙女2026春夏百搭松紧高腰休闲半身长裙,999.00
YUQIPAO STUDIO,大码胖mm复古格纹半身裙女秋冬新款高腰显瘦A字裙不规则中长裙子,99.80
MR DUANZL,MRDUANZL柔滑纱裙不规则拼接花瓣网纱半身裙中长款甜美裙子垂坠感,69.90
北岛AMUU,「北岛AMUU原创」韩系大口袋绿色a字短裙女26夏季新款高腰半身裙,118.00
miss大小姐韩国女装,韩国东大门夏季新款韩版复古波点百搭花苞松紧腰设计宽松半身裙女,276.00
loannina旗舰店,灰色百褶裙女中长裙夏季2026新款高腰a字裙小个子半身裙显瘦伞裙,99.00
依艾格旗舰店,学院风灰色西装百褶裙中裙女夏季小个子百搭高腰A字半身裙JK裙子,139.90
YUQIPAO STUDIO,大码胖mm咖色碎花高腰a字半身裙女秋季微胖显瘦一步包臀裙短裙子,88.70
Korean  Girl,美拉德咖色拼接格子长款半身裙女春秋季高腰显瘦灯芯绒A字长裙子,98.00
Chetoor,格子半身裙女春秋高腰显瘦a字裙秋冬复古百搭中长款百褶裙秋季潮,118.00
红人馆女装店,红人馆a字半身裙女2026新款秋季包臀咖色高智感穿搭麂皮绒裙子女,129.90
乡美媚旗舰店,白色百褶裙带口袋夏小个子松紧高腰弹力短裙女胖mm大码显瘦半身裙,65.60
空栗鼠丸JK,学院风jk长裙百褶裙长款半身裙高腰显瘦小个子a字裙伞裙女jk裙夏,39.90
依艾格旗舰店,卡其色高腰a字半身裙女2026新款春夏韩系显瘦通勤包臀短裙小个子,109.90
素典旗舰店,【绿茵】素典法式波点高腰半身裙女夏季松紧腰A字通勤百搭长裙,237.00
雨气泡微胖大码女装,大码胖mm日系黑色拼接半身裙女夏褶皱高腰蓬蓬蛋糕裙a字五分中裙,88.70
有棵树官方旗舰店,【无痕平角】超舒适抗菌男士内裤锦纶面料,99.90
Bananain蕉内旗舰店,3件|蕉内凉皮311男士冰丝内裤莫代尔纯棉透气裆四角短裤大码男生,198.00
有棵树官方旗舰店,有棵树男士内裤2026新款纯棉裆四角裤男生莫代尔平角裤男式短裤衩,99.90
恒源祥内衣旗舰店,恒源祥男士内裤男纯棉抗菌平角裤青年男生全棉四角短裤透气夏薄款,99.00
MiiOW猫人内衣旗舰店,猫人男士内裤纯棉2026新款男生透气抗菌男式四角平角男款裤衩大码,49.90
都市丽人旗舰店,都市丽人男士内裤纯棉2026新款男生透气抗菌男式四角平角男款裤衩,49.90
海澜之家容墨专卖店,海澜之家纯棉内裤男士2026新款全棉抗菌裆四角平角裤头男生短裤,89.00
真维斯天曼专卖店,真维斯男士内裤男生冰丝平角夏季薄款透气四角裤无痕青少年裤头男,49.00
海澜之家官方旗舰店,HLA/海澜之家15A抑菌男士棉质平角内裤高弹舒适透气四角短裤男生,148.00
古今服饰旗舰店,古今男士内裤男款男生纯棉平角裤名牌正品高档全棉四角2026新款,79.98
南极人潮搭旗舰店,南极人男士内裤男生纯棉透气四角裤头男款2026新款平角短裤衩大码,69.90
CarreKenbt旗舰店,CarreKenbt男士内裤男生莫代尔抗菌四角裤纯棉透气平角裤头礼盒装,238.00
猫人商务旗舰店,猫人男士内裤纯棉四角2026新款防阴囊抗菌潮湿大码平角短裤男生款,79.00
南极人旗舰店,南极人男士内裤头纯棉透气平角短裤衩四角男款2026新款男生青少年,67.30
MiiOW猫人内衣旗舰店,猫人冰丝男士内裤夏季薄款2026新款平角男生抗菌透气大码四角短裤,59.90
南极人服饰旗舰店,南极人冰丝内裤男无痕抗菌纯棉裆透气2026新款青少年四角短裤头衩,59.90
海澜之家内衣旗舰店,海澜之家男士纯棉内裤四角裤男生2026新款抗菌平角短裤大码裤男款,89.00
Bananain蕉内旗舰店,3件|蕉内银皮500E男士平角内裤莫代尔大码冰丝透气四角短裤男生,159.00
PaiPaidx,男士内裤纯棉10A抗菌裆夏薄款男式青少年高档四角短裤头2026新款,69.99
金利来内衣旗舰店,金利来男士内裤长绒纯棉档正品牌2026新款平角四角7A抑菌男款短裤,149.00
Cukum Kboie品牌专柜店,CukumKboie男士内裤男款纯棉四角平角短裤头冰丝男生2026新款礼盒,359.00
CheekKiss吻印旗舰店,CheekKiss吻印男士内裤莫代尔无痕夏薄款平角送男友礼物高档礼盒,258.00
南极人旗舰店,南极人内裤男士纯棉男款四角底裤衩平角短裤头男生青少年2026新款,75.00
雅鹿漫索其专卖店,雅鹿男士内裤男生男款纯棉平角裤头男式四角短裤全棉正品2026新款,53.80
南极人官方旗舰店,南极人男士内裤男生男款2026新款纯棉透气四角短裤衩男式平角大码,43.90
全棉时代服饰旗舰店,全棉时代男士内裤纯棉2026年夏季新款男生四角裤男款平角短裤透气,169.00
棉竹屋官方旗舰店,男士内裤莫代尔男款10a抗菌透气纯棉裆2026新款男生平角四角短裤,102.00
猫人美体旗舰店,猫人纯棉男士内裤2026新款高档青少年男生四角平角短裤衩运动男款,69.90
真维斯天曼专卖店,真维斯纯棉男士内裤男生宽松运动透气平角短裤头青少年四角短裤衩,49.00
蕉下官方旗舰店,蕉下男士内裤莫代尔透气运动不卡裆四角裤抑菌防夹臀男生平角短裤,79.00
南极人服饰旗舰店,南极人纯棉内裤男抗菌透气桑蚕丝裆2026新款宽松大码平角短裤春夏,99.90
SecretWorld秘密世界,100支莫代尔男士内裤防潮湿15A抑菌2026新款青少年透气大码短裤衩,89.90
七匹狼内衣旗舰店,七匹狼男士内裤纯棉男生2026新款100%全棉男式四角短裤男款夏薄款,149.00
miiow猫人官方旗舰店,猫人男士内裤纯棉男生2026新款四角短裤大码男款透气抗菌平角裤衩,69.00
playboy内衣旗舰店,花花公子男士内裤冰丝无痕四角裤男生2026新款夏季短裤衩男款裤头,99.90
ChoiceKaiser旗舰店,ChoiceKaiser男士内裤男生纯棉莫代尔冰丝四角短裤男2026新款礼盒,228.00
七匹狼内搭旗舰店,七匹狼男士内裤男生纯棉四角短裤高档名牌透气平角裤男款2026新款,108.00
七匹狼内衣旗舰店,七匹狼内裤男生纯棉2026新款男士四角短裤大码透气裤头男款平角裤,199.00
CodeKimber服饰店,CodeKimber男士内裤纯棉7A抗菌透气中腰平角短裤男款四角裤礼盒装,99.90
啄木鸟官方旗舰店,啄木鸟官方旗舰店男士内裤男生冰丝轻薄2026夏季高档运动四角裤头,60.00
猫人奥莱旗舰店,猫人内裤男生纯棉抑菌四角裤男士透气平角短裤头男款底裤衩秋冬季,189.00
啄木鸟官方旗舰店,男士内裤男款纯棉男生平角裤啄木鸟官方旗舰店2026新款抗菌四角裤,60.00
橙子先生内裤,内裤男生全棉四角短裤2026新款纯棉抗菌透气裤衩青少年运动男裤头,59.80
森马内衣旗舰店,森马男士内裤男生10A级抗菌透气平角裤四角2026新款送男友短裤衩,99.00
金特杨内裤店,内裤男生纯棉青少年抗菌四角裤头男童发育期初高中生男孩平角底裤,60.00
Cloud Krezz 品牌专柜店,Cloud Krezz男士内裤纯棉舒适抗菌礼盒装,99.00
雅鹿内衣旗舰店,雅鹿男士内裤纯棉抗菌平角短裤头男生四角裤衩2026新款青少年男款,65.90
海澜之家内衣旗舰店,海澜之家冰丝男士内裤无痕透气男生四角短裤2026新款春夏平角裤头,89.00
串恬猴旗舰店,儿童汉服夏季2026新款男童唐装国学服中...,1??
清秀古装汉服演出服,汉服女童春秋2026新款儿童古装超仙战国...,1??
荷香艺梦旗舰店,让传统文化浸润孩子心灵从这款儿童汉服开始...,7?
月梳茼旗舰店,月梳茼原创汉服女金台红袖汉元素齐胸衫裙刺...,1??
清秀古装汉服演出服,女童汉服春秋超仙中国风唐装儿童古装襦裙小...,1??
秋醇旗舰店,儿童汉服男童国学服套装三字经古装小学生中...,4?
乌扣旗舰店,乌扣.陌上 女童汉服春秋款儿童超仙长袖古...,4??
乐彩服饰,男童汉服儿童,8?
苏沐希旗舰店,女童绝美汉服古风2026新款小女孩古装儿...,2??
秋醇旗舰店,汉服女童超仙襦裙中国风古装2026新款古...,9?
槿姿俏旗舰店,汉服男童2026春新款儿童超仙女童古装学...,3?
静还决汉服,静还决 繁华绮梦 原创明制汉服套装比甲长...,2??
夕洛茜旗舰店,夕洛茜白色清冷汉服套装女魏晋风仙女裙大袖...,3??
机器鸭旗舰店,中秋汉服男童演出服女童古风小少爷唐装儿童...,8?
柯雪旗舰店,毕业照改良古装汉服女中国风交领古风男武侠...,4?
安妮优儿意树专卖店,马面裙女童夏季儿童汉服2026新款新中式...,1??
静还决汉服,静还决 花间良缘 原创唐制婚服汉服大袖齐...,2??
爱美丽儿童礼服店,粉色儿童襦裙2026新款女童汉服中国风唐...,3??
夕洛茜旗舰店,夕洛茜白色汉服仙气飘逸古风女成人古装襦裙...,2??
爱美丽儿童礼服店,古风汉服女童中国风2026新款超仙蓝色小...,3??
萨曼轩旗舰店,汉服男童夏季儿童唐装古风帅气国学服古装武...,7?
潮优贝旗舰店,汉服女童2026新款儿童古风超仙唐装女孩...,2??
雨花央雪 原创汉服,雨花央雪【鹤花羽】汉服女明制云肩对襟大袖...,2??
冠军精灵旗舰店,汉服男童春夏秋2026新款女童儿童古装中...,3?
青衫一笙汉服,四季通用女童汉服百搭时尚传统与现代结合,2??
龙悦古典服饰,簪花仕女汉服诃子裙大袖衫舞蹈演出服唐制中...,6??
小步走路旗舰店,【惊喜特惠】唐装汉服2026春夏季新款超...,2??
机器鸭旗舰店,中秋节汉服女童2026新款古装儿童古风超...,7?
月梳茼原创汉服店,月梳茼原创汉服女【月枝桂香】汉元素齐胸衫...,1??
青衫一笙汉服,【热销爆款】汉服女童2026新款国风广袖...,2??
异誌閣,异志阁原创改良【永宴瑶华】魏晋南北朝汉元...,1???
青衫隐汉服馆,【尘不到】魏晋改良汉服直裾大袖衫红色国风...,1??
月梳茼旗舰店,金枫玉树原创汉服女重工刺绣诃子裙改良齐胸...,2??
霓裳童装汉服,女童汉服花木兰2026新款原创儿童古装侠...,1??
山河辞令 服道具全,华夏武侠风汉服表演服出班中国风上下五千年...,7?
蜀司绣罗衣原创设计,蜀司绣罗衣丨曜劫丨唐制圆领袍缺胯袍春夏汉...,1??
云初雨旗舰店,咏春儿童古典舞演出服汉唐风学生团扇舞表演...,8?
红纱帐旗舰店,敦煌飞天改良汉服沙漠异域风情刺绣古典舞蹈...,3??
孩的衣原创潮童,男女童汉服兄妹装超仙新中式合唱朗诵服装幼...,5?
钥匙兔旗舰店,男童古装新款汉服唐装中国风明制武侠飞鱼儿...,1??
霓裳童装汉服,花木兰汉服女童短袖夏季薄款2026新款儿...,2??
致童代旗舰店,女童套装新中式夏季中国风2025新款儿童...,2??
朝韵辞旗舰店,朝韵辞原创汉服云鹤男女同款水墨印染大袖衫...,1??
豫安童牧旗舰店,汉服女童春夏长袖连衣裙超仙公主裙古风高级...,1??
趣味衫国旗舰店,马面裙女童汉服套装春秋2026新款中国风...,2??
潮优贝旗舰店,汉服女童魏晋大袖衫儿童2026新款古装国...,2??
若普格旗舰店,2026新款马面裙女童古风汉服新中式大童...,1??
卡蛮童童装旗舰店,汉服套装儿童新中式唐装开笔礼民族风表演出...,1??
ubras品牌官方店,刘雯同款ubras云棉家居服女士睡衣情侣...,329.00
朵朵棉官方旗舰店,【陈都灵同款】朵朵棉纯棉长袖睡衣女款7A...,399.00
Bananain蕉内旗舰店,蕉内棉棉506Sleep家居服套装男士莫...,299.00
宫蝶官方旗舰店,宫蝶【3件套】迪士尼维尼熊长袖睡衣女款秋...,419.00
宫蝶官方旗舰店,宫蝶【轻柔软】迪士尼米奇纯棉长袖情侣睡衣...,396.00
嘉宋旗舰店,短袖睡衣女夏甜美可爱小狗家居服大码胖mm...,173.00
上海故事时尚旗舰店,上海故事睡衣结婚新婚情侣套装红色冰丝双喜...,599.00
靓衣邦旗舰店,2026夏季【A类双层棉纱】甜美睡衣套装...,95.00
棉花泡泡家居服,棉花泡泡 星星泡泡袖A类双层纱纯棉睡衣女...,155.00
Bananain蕉内旗舰店,蕉内棉棉305Home男士可外穿家居服棉...,219.00
缪黛旗舰店,三件套睡衣女款夏季纯棉短袖长裤2026新...,128.00
以橘,日系ins自嘲熊睡衣男士春秋季长袖长裤纯...,159.00
六个草莓studio,奶fufu可爱甜美云朵棉睡衣女款夏天带胸...,99.00
Sinbounboun Homedress馨帮帮,馨帮帮Homedress 彩色海星印花睡...,89.90
奶喵的裙摆,奶喵【蓝莓兔兔】甜美娃娃领冰丝睡衣卡通春...,135.00
软软梦 Softdream,软软梦「天使内心」原创款可爱印花冰丝睡衣...,118.00
南极人官方旗舰店,南极人纯棉睡衣女款秋冬2026新款宽松长...,99.00
JoyceBra,JoyceBra甜美花边圆领睡衣女202...,109.90
小新宅家,可爱赫拉兔睡衣女夏季短袖短裤长裤纯棉薄款...,178.00
以橘,韩版ins格子卡通情侣睡衣女夏季纯棉米菲...,159.90
芬腾可安品牌家居服睡衣,芬腾可安睡衣女款夏季纯棉短袖短裤套装开衫...,128.00
Thesunの睡衣,『青提奶绿』纯色睡衣女夏季2026新款带...,168.00
蘑菇咕咕,蘑菇咕咕娃娃领碎花纯棉双层纱睡衣女款夏薄...,155.00
新柔意家居服,纯棉睡衣女款春秋季卡通猫爪长袖长裤202...,98.00
Thesunの睡衣,『软兔奶糖』甜美风凉感纯棉睡衣女夏季卡通...,168.00
NANS工作室,高级感拉满！小众睡衣推荐！！,44.90
山橘月家居服品牌店,显瘦带胸垫大码胖mm睡衣女款2025新款...,77.90
Sinbounboun Homedress馨帮帮,馨帮帮Homedress 小清新碎花花边...,89.90
真丝睡衣家居服,【真丝】睡衣女夏季2026年新款韩版两件...,428.00
乐姿梦旗舰店,乐姿梦情侣睡衣女春秋款黑色高级感男士长袖...,298.00
南极人官方旗舰店,南极人睡衣女款纯棉2026新款夏季薄款短...,79.00
西西小屋家居服,猫咪粉色格子带胸垫睡衣女款夏天纯棉纱布公...,299.00
VINEEMAN维妮蔓,【粉兔眠眠】睡衣带胸垫女款2026新款冰...,55.40
miss cat ponyo家居服,MISSPONYO CCAT带胸垫坑条棉...,169.00
思莉太太旗舰店,思莉太太情侣睡衣女款夏季纯棉短袖2026...,237.00
芬腾可安品牌家居服睡衣,芬腾舒适无敌！家居休闲首选款！,188.00
乐姿梦旗舰店,家居简约从这款情侣睡衣开始多色选择轻松搭...,298.00
十年好店  MoLi莫莉公主,带胸垫一体睡衣女夏天三件套短袖长裤大码2...,85.00
兔淼淼家居服,玉桂狗冰丝情侣睡衣女夏季短袖长裤可爱卡通...,98.00
coy kiss 轻奢女装,Coy Kiss真丝兔子睡衣女夏季短袖三...,368.00
樱彩莉 大码女装家居服,格子大码200斤短袖睡衣女夏季新款开衫宽...,128.00
JoyceBra,JoyceBra  韩系豹纹德绒睡衣套装...,109.90
红豆居家官方旗舰店,红豆呼吸棉情侣睡衣女长袖中厚梭织磨毛纯棉...,378.00
芬腾官方旗舰店,芬腾红色睡衣女春秋款结婚新婚情侣纯棉家居...,338.00
都市丽人内衣旗舰店,都市丽人纯棉睡衣女春秋季2026新款长袖...,129.90
ubras官方旗舰店,ubras云棉家居服情侣套装长袖长裤女士...,249.00
轩之婷旗舰店,轩之婷莫代尔棉睡衣女款春秋款长袖时尚高级...,198.00
悦内官方旗舰店,悦内睡衣女夏季夏天冰丝短袖短裤家居服时尚...,338.00
罗米娜旗舰店,天丝牛仔裤女2026新款夏薄款女士冰丝莱赛尔小个子直筒窄版阔腿裤,3??
森马官方旗舰店,森马牛仔裤直筒裤女莱赛尔阔腿裤26新款春秋复古港风松弛拖地长裤,2??
糖乐天旗舰店,咖色阔腿裤女夏季薄款2026新款宽松休闲裤冰丝山本小个子直筒裤子,2??
惟熙旗舰店,黑色阔腿牛仔裤女春秋季2026新款宽松小个子高腰垂感毛边直筒裤子,9??
lululemon官方旗舰店,Stretch Woven 女士阔腿裤 拒水*亚洲版型丨lululemon丨LW5HTOA,1???
悟空有货原创设计师品牌,悟空有货美式复古迷彩工装牛仔裤男潮牌嘻哈高街hiphop直筒阔腿裤,1??
悟空有货原创设计师品牌,悟空有货美式潮牌褶皱水洗做旧直筒牛仔裤男复古宽松潮流百搭长裤,1??
Yangying杨莹,Yangying杨莹「藏肉神裤」深蓝色休闲裤女直筒阔腿仿牛仔裤长裤子,2??
三福官方旗舰店,三福女休闲裤2026秋季新款抽绳松紧腰工装裤阔腿宽松休闲裤子女装,3??
兰梦娅旗舰店,藏青色山本裤女秋季2026新款小个子高腰垂感宽松版直筒薄款阔腿裤,4?
KISKO的店,KISKO美式新款莱赛尔打褶阔腿休闲西裤男女cleanfit宽松直筒裤子,3??
POJNN,POJNN美式高级感弯刀黑色西裤cleanfit廓形阔腿镰刀休闲裤子男女,1??
畅点徐 ChangDX,畅点徐ChangDX 可通勤的卫裤 意式休闲高级感 松筋腰加厚直筒卫裤,3??
ABWLR (原ABWEAR),ABWLR色彩幻境-原创渐变晕染阔腿牛仔裤女秋季新款宽松直筒拖地裤,5??
兰梦娅旗舰店,白灰色运动裤女春秋2026新款小个子直筒阔腿裤宽松bf慵懒风卫裤子,6?
lululemon官方旗舰店,License To Train 女士纹理中腰运动裤丨lululemon丨LW5JGRA,1???
Ja1CBAY (原Ja1从不熬夜),Ja1从不熬夜 高腰显瘦阔腿工装裤男女同款百搭拖地情侣款弯刀裤子,1??
NERESUM,NERESUM美式复古星星印花牛仔短裤女做旧水洗宽松阔腿休闲七分裤,1??
Thumpup,THUMPUP复古法式翻边高级感休闲西裤男女宽松垂感老钱风阔腿长裤,2??
出逃赤岗西,复古3D绣灰色西装裤女秋冬季垂感宽松直筒拖地高腰阔腿休闲西裤,2??
三福官方旗舰店,三福休闲裤2026秋季新款休闲松紧腰个性宽松阔腿直筒裤长裤女装,1??
SMFK旗舰店,【娜扎同款】SMFK黑花园阔腿运动裤P0009BG满印十字花休闲裤合集,9??
WXB无性别 线上商店,韩国 cleanfit双折A字西裤TR混纺垂感宽松休闲直筒裤通勤长裤男女,1??
ONLPP,ONLPP美式复古运动裤女灰色阔腿弯刀裤宽松休闲卫裤直筒拖地裤子,2??
VNOOK,VNOOK 黑色垂感褶间直筒西裤女新款通勤休闲裤百搭纯色宽松阔腿裤,2??
DailyScene,DailyScene「从轻」垂感口袋捏褶廓形空气阔腿裤百搭休闲棕色长裤,3??
JYFSYXGS,莱赛尔天丝深蓝色七分牛仔裤女小个子夏薄款高腰宽松直筒阔腿中裤,8?
WASSUP ERIKA官方店,WASSUP ERIKA日系冰丝阔腿休闲裤男夏季直筒慵懒松弛垂感山本裤子,2??
NAWS (NOTAWEAR),NAWS【腻腻同款】陶瓷牛仔麻袋裤 水洗反做口袋阔腿裤牛仔裤长裤,6??
ONLPP,ONLPP美式复古设计感螺纹腰头牛仔裤女做旧水洗宽松直筒拖地长裤,2??
KEN STUDIO原创牛仔,KEN STUDIO美式复古蓝色直筒宽松牛仔裤女休闲百搭浅色拖地裤裤子,3??
9002UP,9002up美式cleanfit灰色休闲弯刀西裤垂坠感高级感宽松阔腿长裤子,1??
Ja1CBAY (原Ja1从不熬夜),Ja1从不熬夜 高级感精帆布弯刀工装裤中性风百搭cleanfit阔腿裤子,1??
阿头家 ATJ studio,阿头家白色阔腿牛仔裤女秋冬季新款休闲宽松直筒小个子拖地长裤子,1??
ABWLR (原ABWEAR),ABWLR 素素美女-秋季灰色简约风西装阔腿裤宽松高智感拖地休闲裤,3??
AGUA STUDIOS,AGUA美式波点抽绳阔腿休闲裤女夏季新款宽松显瘦低腰拖地直筒长裤,1??
Thumpup,THUMPUP美式复古垂感剑道弯刀西裤男宽松休闲高级感直筒阔腿裤子,2??
MS伊芙时尚女装,美式复古阔腿七分牛仔裤女2025夏季新款高腰显瘦宽松中长款直筒裤,6?
FKUG南相酱,FKUG美式复古高个子卡其色休闲阔腿裤女宽松显瘦慵懒加长版拖地裤,9?
YOBARLA 优芭拉女装,复古蓝直筒牛仔裤女秋季新款胖mm大码显瘦梨形身材宽松垂感阔腿裤,1??
it品牌企业店,it:CHOCOOLATE高腰牛仔裤女植物花卉宽松休闲花朵图案显瘦阔腿裤,1???
MATTUCLB STUDIO,MATTUCLB 美式复古水洗七分牛仔裤女夏季高腰显瘦秋宽松阔腿中裤,8?
NAPSNAPS,NAPSNAPS 原创花边拼接阔腿七分裤女夏季新款松紧腰a字工装休闲裤,3??
KTONE,KTONE秋季新款蓝色高腰宽松牛仔裤女显瘦常规阔腿裤直筒长裤子,2??
呆毛DMFACTORY,呆毛不规则裁片拼接设计感阔腿西装裤女休闲宽松垂感直筒拖地裤子,1??
ISLAND,ISLAND美式复古三条杠弯刀卫裤男女宽松百搭垂感街舞阔腿休闲裤子,1??
Moment 1991,moment纯亚麻白色阔腿裤西裤女2026夏季新款简约设计小众复古日系,5??
中老年爸妈装,2026夏季新款舒适高腰女士阔腿裤冰丝印花宽松九分裤简约通勤,5.??
RICH IN CHEESE 舒胡蕾,气质针织罩衫披肩吊带收腰连衣裙两件套,164.00
RICH IN CHEESE 舒胡蕾,黑色斜肩高智感包臀长裙子女夏一字肩收腰显瘦长款连衣裙,211.00
Tudou studio,赫本序章 千金风蝴蝶结波点收腰连衣裙2026早秋新款针织外搭套装,125.80
NEXT YOMI 轻奢童装,女宝宝生日礼服裙2026新款缎面洋气高级小童周岁婚礼小主持公主裙,179.00
颈袖添香旗舰店,颈袖添香春季新款时尚经典黑色修身排扣知性优雅风衣连衣裙,2599.00
MOCMC品牌店,英国 MOCMC女宝公主裙夏一周岁宝宝裙子婴儿郁金香无袖连衣裙,128.00
颈袖添香旗舰店,颈袖添香新款职业连衣裙女装高端气质黑色包臀收腰正装,1999.00
JY橄榄山,【JY橄榄山】婚礼主婚纱新娘礼服抹胸缎面新款拖尾高级质感法式女,1880.00
赫木旗舰店,红色连衣裙女法式小个子订婚宴会礼服内搭配大衣早秋新年千金穿搭,498.00
poemlady旗舰店,诗绪法式方领印花蓝色连衣裙2026夏季新款肌理感减龄中长裙68289,635.00
poemlady旗舰店,诗绪法式方领印花粉色连衣裙2026夏季新款肌理感减龄中长裙68289,635.00
im向,im向 尼斯花市’度假风复古碎花裙圆领泡泡袖收腰甜美a字连衣裙,245.00
RICH IN CHEESE 微胖定制,RICHINCHEESE 茶香可颂【系列合集】 长袖高弹针织打底收腰连衣裙,164.00
FT GUOGE 果哥家,FT GUOGE果哥家白色连衣裙女2026夏装新款气质法式掐腰简约订婚裙,239.99
笛溢茗服饰旗舰店,法式茶歇白色吊带连衣裙子女2023夏季新款小个子初恋收腰a字长裙,228.00
EGGKA,EGGKA波点斜肩收腰连衣裙女春夏新款修身气质显瘦短袖a字简约短裙,99.90
张大人旗舰店,张大人新款夏复古风蓝色条纹连衣裙女夏V领蕾丝系带显瘦气质长裙,199.90
三彩官方旗舰店,三彩2026秋季新款碎花裙荷叶边长袖连衣裙收腰A字长裙法式显瘦女S,399.00
菀草壹outlets店,菀草壹奥莱文艺时尚碎花连衣裙女连肩袖抽绳设计感小众田园风,434.00
班喜迪旗舰店,班喜迪女童连衣裙秋装新款小公主裙周岁女宝礼服漂亮儿童生日裙子,129.00
缈珠旗舰店,一不小心就入坑！2025新款减龄A字裙,228.00
霍里德地图 Horridale,霍里德地图 “雾语”甜美宫廷风网纱镂空蕾丝圆领微透连衣裙女夏,229.00
懒懒家孕妇装,懒懒孕妇装夏季新款法式温柔风连衣裙女收腰遮肚显瘦中长款蛋糕裙,428.00
cheese day 芝士日,芝士日【青柠夏序】复古少女翻领拼接收腰长裙夏季腰侧抽绳连衣裙,279.00
霍里德地图 Horridale,霍里德地图 “黑白梦境”立体裁剪荡领设计感修身显瘦纯棉连衣裙,229.00
Thetwo,Thetwo真丝小碎花法式田园风收腰显瘦泡泡袖连衣裙,665.00
果核宇宙KERNEL COSMOS,KERNEL COSMOS 卡普里假日 法式一字肩连衣裙气质茶歇裙收腰短裙,319.00
黑色草莓  STRAWBERRY,度假风复古提花吊带连衣裙女夏季收腰绿色裙子辣妹包臀裙a字长裙,71.00
dodc旗舰店,dodc法式碎花连衣裙女夏季新款大荷叶边设计海边度假黄色裙子收腰,439.00
爱蔷薇大码女装微胖定制,爱蔷薇大码假两件短袖2026巨好看连衣裙女长裙气质高级感夏季裙子,239.90
GUYI  谷一自制,GUYI山本风暗黑不规则赫本风无袖小黑裙裙子女夏衬衫黑色连衣裙,218.00
GJFD(Good Job小众限量定制),Good Job【夏利斯特庄园】法式蓝色一字肩连衣裙女小众礼服鱼尾裙,319.00
张大人旗舰店,张大人大码微胖妹学院风粉色甜美系带连衣裙女夏收腰显瘦A字长裙,239.90
少也眼旗舰店,"AOMALM少也眼""月光下的白茶""韩系V领蕾丝连衣裙女夏A字蓬蓬裙短裙",209.00
三彩官方旗舰店,三彩2026秋季新款V领吊带裙印花雪纺裙连衣裙A字裙中长裙叠穿女M,359.00
Thetwo,Thetwo泡泡袖复古小碎花法式田园风氛围感连衣裙 三种碎花,379.00
linjou玲玖,玲玖显瘦高质感气质款千金风法式裙子长款夏季设计感蝴蝶结连衣裙,169.99
Texture-Si,Texture-Si纯手工钻石钉珠流光缎面修身优雅度假聚会连衣裙礼服裙,428.00
Blovelan藍,Blovelan金盏物语 夏日元气明媚黄方领绣花撞色蛋糕摆公主连衣裙,309.00
宋正恩宋小恩,宋正恩学院风白色泡泡袖衬衫连衣裙女夏季气质收腰小个子甜美短裙,169.99
张大人订制大码女装,张大人大码女装胖妹妹mm法式夏季显瘦极简感连衣裙v领收腰小黑裙,179.90
JMWOMEN,"JMWOMEN""木质调杏仁"" 雏菊碎花连衣裙女夏季收腰显瘦气质系绳长裙",245.80
英国QBB Kids专柜童装,英国QBB Kids女童连衣裙套装春秋宝宝甜美公主裙周岁礼服针织外套,258.00
花不落服饰,【花花】夏雨荷~春季时尚法式蕾丝拼接短袖掐腰显瘦连衣裙,470.90
区区欧阳,区区欧阳'重磅秀款自留'松弛随性！法式文艺假两件网纱短袖连衣裙,285.00
杨杨YANGRUOYU,杨杨YANGRUOYU【粉茶花窗】刺绣花边长款度假长裙背心吊带连衣裙,339.00
GJFD(Good Job小众限量定制),Good Job【浮光纯色】法式长袖度假网纱拼接连衣裙气质斜领包臀裙,389.00
ANNATTO,ANNATTO 月白绫 白色蕾丝绣花翻领连衣裙女假两件修身收腰a字短裙,398.00
Bananain蕉内旗舰店,无添加低刺激莫代尔睡衣透气亲肤,299.00
Bananain蕉内旗舰店,蕉内棉棉305Home男士可外穿家居服棉...,219.00
ubras品牌官方店,刘雯同款ubras云棉家居服女士睡衣情侣...,329.00
朵朵棉官方旗舰店,【陈都灵同款】朵朵棉纯棉长袖睡衣女款7A...,399.00
松山棉店旗舰店,松山棉店家居服套装莫代尔情侣新中式长袖男...,359.00
芬腾可安品牌家居服睡衣,芬腾可安睡衣女款夏季纯棉短袖短裤套装开衫...,128.00
家乐芬旗舰店,家乐芬男款睡衣男士春秋款秋季纯棉长袖家居...,228.00
奈奈屿nny,ins灰色蝴蝶结春秋睡衣女纯棉布料100...,180.00
珈诗芬睡衣家居服,100%纯棉男士睡衣春秋季长袖青少中年睡...,89.00
domiamia旗舰店,Domiamia纯棉月子服春夏季孕妇睡衣...,798.00
芬腾可安品牌家居服睡衣,芬腾舒适无敌！家居休闲首选款！,188.00
奈奈屿nny,秋款韩系撞色拼接纯棉纱睡衣女款春秋季双层...,170.00
悦内官方旗舰店,睡衣女夏季夏天纯棉短袖长裤格纹家居服可爱...,218.00
都市丽人官方旗舰店,都市丽人优可丝【三件套】睡衣女秋季新款甜...,239.90
红豆居家官方旗舰店,红豆呼吸棉情侣睡衣女长袖中厚梭织磨毛纯棉...,378.00
ubras官方旗舰店,ubras云棉家居服情侣套装长袖长裤女士...,249.00
悦内官方旗舰店,悦内睡衣女夏季夏天冰丝短袖短裤家居服时尚...,338.00
蘑菇咕咕,蘑菇咕咕娃娃领碎花纯棉双层纱睡衣女款夏薄...,155.00
EMXEE嫚熙官方旗舰店,嫚熙秋冬纯棉哺乳衣外出孕妇带胸垫喂奶吸汗...,599.90
缪黛旗舰店,三件套睡衣女款夏季纯棉短袖长裤2026新...,128.00
Thesunの睡衣,『小狗星球』凉感纯棉睡衣女款夏新款短袖宽...,168.00
思莉太太旗舰店,思莉太太情侣睡衣女款夏季纯棉短袖2026...,237.00
同语旗舰店,同语莫代尔棉儿童睡衣春秋男童女童可爱小猫...,139.00
芝桃鸟家居服直销爱豆店,芝桃鸟2026新款冰丝短袖长裤情侣睡衣男...,98.00
乐姿梦旗舰店,乐姿梦情侣睡衣女夏款冰丝高级感夏天短袖短...,298.00
miss cat ponyo家居服,MISSPONYO CCAT带胸垫坑条棉...,169.00
同语旗舰店,同语儿童睡衣男孩春秋季新款长袖梭织纯棉女...,149.00
山橘月家居服品牌店,显瘦带胸垫大码胖mm睡衣女款2025新款...,77.90
棉花泡泡家居服,棉花泡泡 原创青苹果小狗A类纯棉睡衣女款...,142.00
Thesunの睡衣,〖潘帕斯蓝〗日系凉感纯棉睡衣女夏天可外穿...,168.00
Sinbounboun Homedress馨帮帮,馨帮帮Homedress 少女风波点睡衣...,89.90
蘑菇咕咕,蘑菇咕咕 原创海盐小兔a类纯棉睡衣女夏双...,142.00
Sinbounboun Homedress馨帮帮,馨帮帮Homedress 彩色海星印花睡...,89.90
Dear芮家居服,可爱卡通秋冬情侣睡衣纯棉磨毛高级感保暖长...,369.00
BE旗舰店,蜡笔小新纯棉睡衣女夏带胸垫情侣秋春家居服...,259.00
六个草莓studio,奶fufu可爱甜美云朵棉睡衣女款夏天带胸...,99.00
软软梦 Softdream,软软梦「天使内心」原创款可爱印花冰丝睡衣...,118.00
轩之婷旗舰店,轩之婷莫代尔棉睡衣女款春秋款长袖时尚高级...,198.00
棉花泡泡家居服,棉花泡泡 淡紫晚安小象纯棉睡衣女夏A类全...,142.00
小新宅家,可爱赫拉兔睡衣女夏季短袖短裤长裤纯棉薄款...,178.00
山橘月家居服品牌店,2026年新款带胸垫大码胖mm睡衣女夏季...,77.90
马克公主,马克公主莫代尔夏季睡衣女可爱少女风短袖长...,248.00
肌肤芝士,纯棉磨毛睡衣女士家居服2026春秋冬季新...,105.00
松山棉店旗舰店,松山棉店萌宠开衫长袖条纹家居服套装男士女...,359.00
贝妍旗舰店,贝妍柔软莫代尔棉睡衣女春秋新款长袖套装韩...,298.00
思莉太太旗舰店,思莉太太睡衣女款长袖薄款棉质2026正流...,277.00
棉竹屋官方旗舰店,棉竹屋情侣纯棉睡衣套装春夏季2026新款...,220.00
Dear芮家居服,甜美可爱春秋女款睡衣纯棉磨毛长袖长裤秋季...,369.00
HTL 回头率,HuiTouLv卫裤男款秋季新款宽松2026垂感运动休闲直筒美式潮牌长裤,276.00
deeplink运动旗舰店,deeplink2026新款假两件瑜伽裤女高腰提臀速干大码跑步运动健身裤,140.00
361度官方旗舰店,361运动长裤速干跑步裤女秋季梭织九分裤健身透气直筒平口休闲裤,179.00
棉先知旗舰店,白色速干运动裤女夏季薄款美式条纹冰丝工装裤宽松直筒阔腿健身裤,123.00
JEENSYIU旗舰店,阿普瑞风灰色裤子男秋季美式宽松休闲裤垂感卫裤阔腿直筒运动裤秋,199.00
FILA官方旗舰店,斐乐直筒裤丨FILA官方男士针织长裤秋冬运动裤休闲跑步加绒裤子,740.00
xnun旗舰店,儿童紧身衣训练服速干衣男童秋冬篮球足球打底运动健身服套装男孩,76.00
胖胖哥大码男装8090,胖胖哥灰色休闲直筒裤男夏季痞帅宽松跑步五分裤大码运动短裤子潮,58.00
国货严选旗舰,cleanfit条纹运动卫裤男款春季美式潮牌高街裤子直筒跑步健身长裤,58.80
KENABSTUDIO,KENABSTUDIO春秋新款美式黑色三条杠运动裤女宽松显瘦卫裤休闲裤,398.00
deeplink运动旗舰店,2026新款高腰运动裤女宽松束脚显瘦跑步训练健身速干瑜伽裤长裤春,149.00
悟空有货原创设计师品牌,悟空有货美式复古褶皱水洗运动卫裤男女潮牌宽松阔腿百搭休闲长裤,176.00
悟空有货原创设计师品牌,悟空有货潮牌复古高级感纯色垂感休闲裤男美式宽松百搭阔腿运动裤,136.00
瞬时山野Monterest,瞬时山野Monterest户外无氟防水休闲裤基础弯刀软壳裤宽松长裤男,379.00
bodydream旗舰店,BODYDREAM简单裤 秋季舒适健身卫裤男裤子宽松直筒裤运动裤休闲裤,219.00
lululemon官方旗舰店,Lightweight Softstreme女士轻盈中长裤速干丨lululemon丨LW5IJ0S,980.00
1NING一宁 高个子加长裤,Altezza Divina「薄爽康宁裤」高个子一米九加长卫裤直筒裤休闲裤,269.00
瞬时山野Monterest,瞬时山野Monterest户外吸湿速干轻量运动长裤弧形分割弹力休闲裤,369.00
异叶旗舰店,灰色窄版微喇阔腿裤女春秋2026新款垂感直筒瑜伽休闲运动卫裤子夏,183.00
WIE STUDIO,WIE STUDIO·男士宽松运动裤夏季薄款防水透气,108.00
lululemon官方旗舰店,Lightweight Softstreme女士轻盈中长裤速干丨lululemon丨LW5IJ0S,980.00
KENABSTUDIO,KENABSTUDIO春秋蓝色抽绳休闲运动裤女宽松显瘦百搭阔腿拖地裤子,358.00
MEBXX,美式复古灰色卫裤男女设计感小众解构宽松显瘦直筒阔腿弯刀运动裤,119.00
拓路者官方旗舰店,【木兰系列】拓路者户外秋季速干弹力徒步长裤喇叭裤女款登山裤,389.00
FFR 原F383,F383 美式复古蓝色阔腿裤男女宽松垂感休闲长裤抽绳渐变弯刀卫裤,153.00
唐启旗舰店,米白色美式微喇裤子男秋季cleanfit户外速干冲锋裤运动直筒休闲裤,65.00
Wassup Uosne国潮牌店,WASSUP美式蜡染休闲运动短裤夏季2026新款潮牌情侣宽松简约直筒裤,109.90
maxrun大码健身服,maxrun垂感显瘦运动裤女宽松直筒微喇跑步长裤大码阔腿瑜伽健身裤,236.00
mpf服饰旗舰店,裤子男士秋季2026新款宽松直筒休闲长裤子阔腿运动青少年男生卫裤,130.00
臣目旗舰店,cleanfit条纹运动卫裤男款秋季美式潮牌高街裤子直筒跑步健身长裤,140.00
ESSEFAUST潮牌店,ESSEFAUST设计感解构休闲卫裤男潮牌美式宽松百搭直筒运动长裤子,87.60
帛先生旗舰店,秋季天丝莱赛尔男裤2026新款垂感直筒裤春秋休闲裤子男款运动卫裤,181.00
柳步旗舰店,深灰色斜切速干工装裤男美式褶皱伞兵冲锋裤子直筒运动防水休闲裤,118.00
柳步旗舰店,黑色三条杠速干裤子男夏季薄款美式高街直筒运动裤条纹冰丝休闲裤,110.00
boneless官方旗舰店,【商场同款】BONELESS反光牙条拼接防泼水户外运动登山裤休闲裤,369.00
DRK,【蒋劲夫同款】DRK提花腰双褶速干运动裤男女同款夏季直筒休闲裤,248.00
星期十青少年生活馆,美式条纹休闲裤男生春季大童运动裤卫裤宽松青少年直筒三条杠长裤,164.00
奥特莱斯折扣服饰店,海谰之家夏季冰丝裤男士薄款直筒裤子速干长裤休闲大码宽松运动裤,108.00
lpz旗舰店,美式条纹冰丝速干休闲裤子男春秋潮流男生运动长裤宽松直筒阔腿裤,129.00
卡帝兽旗舰店,裤子男士秋季宽松休闲长裤2026新款男生阔腿直筒男款潮流运动卫裤,146.00
UNDER ARMOUR官方旗舰店,安德玛官方UA Vibe男子秋季轻质透气弹性舒适收腿运动休闲长裤,599.00
STAW世拓旗舰店,STAW世拓趣跑二合一3.0短裤带内衬抗菌透气轻量运动马拉松跑步裤,599.00
ROSTAT(原ROAST LUCKY),Roast lucky 中缝线单褶轻微喇运动休闲长裤健身百搭显腿长直筒裤,278.00
一个最帅的买了,冰丝男士裤子薄款直筒宽松长裤大码运动速干2026新款夏季休闲裤男,119.00
WASSUP HAPPY国潮,wassup happy冰丝短裤男夏季运动外穿潮牌休闲裤宽松速干五分裤子,239.00
一个最帅的买了,速干冰丝男士短裤薄款2026新款爆款运动篮球室外跑步五分休闲裤子,79.00
JEANSWESTLIFE旗舰店,真维斯LIFE速干运动裤男款夏季薄款冰丝长裤男士休闲裤男装裤子M,158.00
vr97旗舰店,VR97美式户外运动伞兵裤男早秋宽松轻薄透气防泼水侧边拉链休闲裤,399.00
锦衣玉琦新中式旗袍,锦衣玉琦新中式红色真丝结婚旗袍2026新款订婚敬酒服新娘礼服裙女,679.00
sleeplate,sleeplate高级感新中式立领提花旗袍新娘纯欲性感婚礼晨袍宴会服,799.00
遇裁人旗舰店,长袖旗袍2026新款女秋改良新中式年轻款连衣裙特别漂亮黄色倒大袖,368.00
OfAkiva,【李梦同款】OfAkiva“罗曼词”新中式印花旗袍连衣裙女背心长裙,399.00
闺小蜜旗舰店,新中式旗袍夏季香槟色订婚高端气质改良年轻款少女连衣裙新款2026,228.00
dangdang Somes   当当,dangdangSomes“柳腰轻”1OO人丝斜裁小个子短款绿色旗袍女新中式,388.00
OfAkiva,OfAkiva“冷冽岩兰”新中式印花旗袍连衣裙女复古盘扣拼接鱼尾裙,439.00
一城风絮丨复古原创女装,新款丨绣花复古民国风倒大袖全开襟立领旗袍,1739.00
锦绣依人旗袍,锦绣依人粉色旗袍女新中式绝美年轻小个子订婚短袖收腰连衣裙女夏,599.00
苏玉豪旗舰店,绝美旗袍新中式订婚日常可穿2026新款高端气质印花改良年轻款少女,228.00
Sun雅乔轻奢定制,Sun雅乔暗香盈袖夏无袖连衣裙粉金晕染新中式人丝提花旗袍裙,374.00
无艳一禾,无艳一禾【白秀珠】原创新中式人棉亚麻提花珠链收腰旗袍连衣裙,948.75
奶酷墨莉Nico Molly,奶酷墨莉原创复古新中式改良旗袍裙小众前后两穿油画蓝鱼尾连衣裙,238.80
花满絮  旗袍日记,花满絮红色旗袍订婚礼服女新中式2026新款小个子敬酒服大码连衣裙,599.00
盈瓷 GA SEASONS,盈瓷真丝|海蓝兔兔 桑蚕丝新中式旗袍裙女夏小个子修身国风连衣裙,894.94
宝石嫁衣,黑色无袖改良走秀旗袍女长款修身显瘦开叉鱼尾演出服装高级感大气,736.00
苏玉豪旗舰店,绿色旗袍高端气质少女新中式2026新款夏季提花连衣裙年轻款小个子,228.00
Blovelan藍,Blovelan步步生莲 温柔新中式立领提花收腰轻国风旗袍鱼尾连衣裙,249.00
遇裁人旗舰店,黄色旗袍2026新款女秋冬季长袖新中式改良年轻少女连衣裙日常复古,298.00
闺小蜜旗舰店,新中式旗袍红色订婚结婚敬酒服气质少女2026新款流苏披肩套装夏季,308.00
dangdang Somes   当当,dangdang “柳腰轻2.0”100人丝连衣裙2026新款长款旗袍女新中式,528.00
DearPeony亲爱的牡丹,亲爱的牡丹高级感宫廷黄晨袍两件套新娘无袖立领收腰款旗袍敬酒服,1099.00
盈瓷 GA SEASONS,盈瓷真丝｜紫定成功 桑蚕丝新中式旗袍女夏季小个子国风连衣裙,1058.64
馨缘礼服馆,新中式晨袍女新娘敬酒服高级感高端轻奢亮片订婚礼服裙连衣裙旗袍,338.00
别岚旗舰店,新中式改良旗袍大码胖mm敬酒服新娘绝美订婚结婚便装红色孕妇婚服,388.00
百枝合宜,梅香如故|百枝合宜真丝混纺原创绣花梅花无袖敬酒服新娘订婚礼服,899.00
鹿野纱,新中式晨袍女新娘订婚礼服高端轻奢敬酒服2026新款红色旗袍两件套,317.00
Q女家chiwawameme,Q女家 紫汀序/新中式改良旗袍提花收腰伞摆连衣裙,368.00
Sun雅乔轻奢定制,雅乔蓝桥遗梦夏季新款无袖连衣裙莱赛尔人丝提花旗袍长裙,374.00
苏爱SUAI,苏爱|小鹿乱撞 新中式订婚旗袍礼裙改良粉色领证连衣裙女高级感,998.00
一城风絮丨复古原创女装,天姿雪丨一城风絮丨复古立领盘扣全开襟无省古法平裁旗袍日常长款,1759.00
DearPeony亲爱的牡丹,亲爱的牡丹订婚礼服裙中式无袖晨袍长裙红色新娘旗袍敬酒服两件套,1099.00
锦绣依人旗袍,2026高端年轻款旗袍女夏季改良粉色订婚礼服新中式日常绝美高级感,399.00
无艳一禾,无艳一禾【平生欢】新中式原创人丝提花重工刺绣旗袍连衣裙,711.25
吃绿色菜,吃绿色菜【鸢紫】复古新中式改良旗袍连衣裙女无袖收腰印花长裙子,325.00
HECO旗舰店,HECO【蝶栖】新中式复古改良旗袍裙气质蝴蝶压花无袖优雅连衣裙女,559.00
满庭芳旗舰店,满庭芳【流金赋】新中式金色旗袍女新娘气质订婚礼服结婚敬酒服,639.00
伊茜礼服,香槟色订婚礼服旗袍敬酒服2026新款高级感新中式回门答谢宴两件套,222.00
艾诗霓婚纱旗舰店,艾诗霓《玉瑶》订婚礼服新中式旗袍敬酒2026新娘流苏云肩套装女夏,869.00
大蜜cc 微胖定制,DMcc大蜜【东方韵】新中式改良旗袍年轻款微胖mm显瘦大码连衣裙夏,229.90
优诗尚美服饰旗舰店,优诗尚美【朱凤】订婚旗袍新娘红色无袖刺绣凤凰小个子高端敬酒服,1128.00
初蝉新中式国风女装,初蝉衣事新中式国风改良旗袍女26夏新款设计感粉色剪花收腰连衣裙,698.00
满庭芳旗舰店,满庭芳【相思】新中式蕾丝改良旗袍套装女新娘结婚敬酒服订婚礼服,705.00
艺桥写真馆,2025新中式改良旗袍女新款轻款气质高端提花紫色性感包臀连衣裙服,118.00
优诗尚美服饰旗舰店,优诗尚美【枫晚】新中式金色旗袍套装新娘气质订婚礼服结婚敬酒服,788.00
GJFD(Good Job小众限量定制),Good Job【枝慕月】新中式国风薄纱拼接连衣裙亮片蕾丝复古旗袍裙,339.00
维娜新娘旗舰店,旗袍晚礼服女2026新款新中式订婚连衣裙流苏披肩平时可穿回门便装,498.00
初蝉新中式国风女装,初蝉衣事新中式国风改良旗袍女26夏装素雅杏色立体绣花收腰连衣裙,596.00
Bananain蕉内旗舰店,蕉内舒服蕾303A文胸蕾丝美背内衣女薄款法式性感透气细肩带文胸,99.00
Bananain蕉内旗舰店,蕉内511S美背内衣女小胸聚拢收副乳防下垂无痕性感隐形文胸胸罩,169.00
内比旗舰店,内比浪漫少女内衣女2026新款聚拢小胸蕾丝细肩带胸罩薄款无痕文胸,69.90
SecretWorld秘密世界,SecretWorld内衣女小胸聚拢收副乳防下垂无痕隐形夏季显大文胸罩,79.98
SecretWorld旗舰店,Secret World低领粉底液内衣女隐形无痕小胸聚拢方领细肩带文胸罩,199.90
六只兔子内衣店,六只兔子蕾丝内衣女小胸聚拢显大性感文胸罩套装上托防下垂收副乳,99.90
SecretWorld旗舰店,【赵今麦同款】Secret World内衣女小胸聚拢防下垂收副乳无痕薄款,199.00
好奇蜜斯旗舰店,好奇蜜斯芭比联名闪水钻内衣女聚拢小胸夏薄款文胸罩套装性感粉色,189.00
VICTORIA'S SECRET官方旗舰店,直降208|维密杨幂同款反重力MAX大胸显小无钢圈无痕文胸女薄,428.00
都市丽人服饰旗舰店,都市丽人蕾丝内衣女夏薄款小胸聚拢显大舒适透气收副乳防下垂文胸,99.90
好奇蜜斯旗舰店,好奇蜜斯小胸聚拢内衣女夏薄显大无钢圈法式蕾丝文胸罩套装防下垂,99.80
天猫超市,【祝绪丹同款】幸棉第二代前扣无肩带内衣女小胸聚拢显大文胸抹胸,338.00
SecretWorld秘密世界,Secret World嘭嘭杯内衣女小胸聚拢收副乳防下垂上托显大无痕文胸,99.98
轻夕旗舰店,轻夕抹胸内衣女大胸显小薄款蕾丝全罩杯防走光裹胸细肩带美背文胸,198.00
怡倩内衣旗舰店,怡倩【氧气杯2.0】大胸显小无痕内衣女薄款隐形收副乳大码文胸,258.00
迷尚萨拉旗舰店,内衣女学生初中大童无钢圈文胸发育期细肩带少女薄款胸罩无痕背心,56.00
VICTORIA'S SECRET官方旗舰店,直降238|维密明星同款ACE三角杯蕾丝叠穿LOGO字母肩带文胸女,526.00
Beauty时尚甄选,【7A抑菌】内衣女夏季薄款冰丝隐形无痕大胸显小聚拢防下垂文胸罩,198.00
都市丽人潮流旗舰店,都市丽人大码提拉内衣女聚拢防下垂收副乳大胸显小薄款全罩杯文胸,109.90
蜜桃bra集合店,凉感无痕内衣女学生无钢圈运动聚拢少女文胸舒适透气显小吊带背心,16.80
小春更旗舰店,小春更初中生内衣女高中学生青春期发育期背心15岁女大童少女文胸,139.90
顶劲劲旗舰店,【凉朵儿】内衣女夏天大胸显小超薄款无痕透气防下垂胖mm大码文胸,89.00
小春更旗舰店,小春更高中生少女文胸青春发育期初中学生内衣15岁青少年定型胸罩,129.00
都市丽人旗舰店,都市丽人二阶段发育期内衣小初中学生无痕文胸青春期女孩儿童背心,59.90
都市丽人服饰旗舰店,都市丽人蕾丝碎花内衣女小胸聚拢防下垂收副乳舒适无痕薄款文胸罩,99.90
六只兔子内衣店,六只兔子软支撑内衣女聚拢小胸无钢圈轻薄款上托防下垂防外扩文胸,89.90
季下旗舰店,季下内衣女大胸显小文胸防下垂大码无痕聚拢收副乳全罩杯胖mm胸罩,199.90
猫人商务旗舰店,猫人无痕内衣女大胸显小提拉防下垂聚拢收副乳裸感舒适全罩杯文胸,225.00
欧佳娜旗舰店,无肩带内衣女防滑聚拢无钢圈抹胸文胸薄款胸大胸显小胸罩2026夏季,105.80
佰丝娜官方旗舰店,内衣女士小胸聚拢舒适无钢圈收副乳防下垂柔软蕾丝少女文胸罩夏薄,49.90
多情猫旗舰店,多情猫2026秋季外扩低领内衣女小胸聚拢显大收副乳加厚无痕文胸罩,120.00
帕兰朵官方旗舰店,内衣女小胸聚拢无钢圈显大2026新款爆款文胸收副乳防下垂文胸胸罩,79.00
猫人内搭旗舰店,猫人内衣女小胸聚拢无痕文胸立体杯果冻胶软支撑裸感内衣26年秋冬,99.00
卡迪贝拉旗舰店,无痕舒适云朵内衣女士小胸聚拢上托收副乳防下垂薄款无钢圈文胸罩,70.00
DAYU大鱼 原创私物,100%桑蚕丝内里无痕内衣女小胸聚拢薄款收副乳防下垂无钢圈文胸罩,79.00
琴趣旗舰店,内衣女夏薄款2026新款爆款无钢圈运动聚拢收副乳防下垂美背文胸罩,139.00
娜彤蜜旗舰店,调整型内衣女小胸聚拢收副乳文胸塑形矫正防下垂五排扣防外扩胸罩,158.00
joomuu旗舰店,Joomuu无痕束胸运动内衣大胸显小裹美背心防凸点超平胸神器cos女,280.00
都市丽人精品旗舰店,都市丽人蕾丝内衣女夏薄款小胸聚拢收副乳防下垂文胸2026新款爆款,109.90
LULUSALLY旗舰店,2026新款爆款聚拢内衣女小胸收副乳上托女款胸罩防下垂夏薄款文胸,149.90
娜彤蜜旗舰店,调整型内衣女小胸聚拢收副乳文胸塑形矫正防下垂六排扣防外扩胸罩,158.00
凡客舒适内衣 BOUTIQUE,无痕缎面大胸显小显瘦薄款内衣女软钢圈收副乳防下垂调整型文胸罩,129.90
ubras官方旗舰店,虞书欣同款ubras无尺码小奶皮无痕内衣女夏薄款隐形背心运动文胸,169.00
草本初色旗舰店,草本初色无痕内衣小胸聚拢美背防下垂薄款舒适透气蕾丝文胸罩裸感,59.90
亲肤日记官方店,亲肤日记u领兔耳二分之一杯薄内衣女小胸轻薄低胸法式文胸罩蕾丝,159.80
猫人优品旗舰店,猫人无痕内衣女小胸聚拢显大提拉收副乳防下垂美背运动薄款文胸罩,149.90
都市丽人精品旗舰店,都市丽人内衣女夏薄款小胸聚拢收副乳防下垂性感蕾丝2026年新款,99.90
千灵美旗舰店,无痕大胸显小内衣女提拉聚拢防下垂收副乳调整型固定杯文胸罩薄款,200.00
古怪舍原创设计肚皮衣饰局,双层半身裙松弛感穿搭~,219.00
蓝瑟旗舰店,高腰蓝色牛仔短裙女2026春夏新款a字裙显瘦百搭黑色包臀半身裙子,139.00
MJSTYLE服饰旗舰店,MJ STYLE灰色百褶西装裙女春秋季半身裙高腰休闲学院大摆A字长裙,159.90
LotusRoot三寸藕,三寸藕【秋分麦浪】复古格子花边半身裙新款秋季通勤显瘦A字裙女,79.55
YUQIPAO STUDIO,大码胖mm复古格纹半身裙女秋冬新款高腰显瘦A字裙不规则中长裙子,99.80
一颗小野莓,一颗小野莓a字高腰半身裙女2026年夏季新款超好看的法式复古长裙,149.99
小丫头衣社,韩系学院风波点毛呢半身裙女2026秋季新款A字百搭休闲半裙1381A,81.09
雨气泡微胖大码女装,大码胖mm咖色麂皮绒中裙不规则半身裙秋季格纹伞裙中长款A字裙子,99.80
SUW 苏喂,早秋日系复古轻亚风花苞百搭褶皱蓬蓬灰色a字过膝中长裙半身裙女,119.00
三不原创女装,韩系甜美减龄泡泡花苞裙女夏季新款宽松休闲a字短裙蓬蓬半身裙子,179.00
裤邦人旗舰店,裤邦人咖色褶皱花苞半身裙女2026年秋季新款高腰辣妹a字裙长裙子,178.00
羊好好旗舰店,中长款花苞云朵裙夏季新款时尚松紧腰半身裙女高腰显瘦百搭蓬蓬裙,1688.00
乡美媚旗舰店,白色百褶裙带口袋夏小个子松紧高腰弹力短裙女胖mm大码显瘦半身裙,65.60
MR DUANZL,MRDUANZL柔滑纱裙不规则拼接花瓣网纱半身裙中长款甜美裙子垂坠感,69.90
loannina旗舰店,灰色百褶裙女中长裙夏季2026新款高腰a字裙小个子半身裙显瘦伞裙,99.00
林大事LINTINGXIN,灰色百褶西装裙女半身裙高腰休闲a字春夏季过膝中长裙,59.00
LISA家 简约实用型女装,法式通勤松紧腰裙子毛呢高腰显瘦大摆气质伞裙女秋季26新款半身裙,159.00
Dazi金大支,Dazi金大支蕾丝拼接撞色百褶半身裙2026新款秋季高腰胖mm大码裙子,329.00
Luna7xi,Luna7xi 灰色西装半身裙女夏季高腰显瘦气质通勤直筒裙高级感裙子,399.00
Korean  Girl,美拉德咖色拼接格子长款半身裙女春秋季高腰显瘦灯芯绒A字长裙子,98.00
Go Girl Go,Go Girl Go 自制欧美风白色垂顺半身裙女夏中腰修身鱼尾裙a字短裙,99.00
乡美媚旗舰店,百褶裙女2026新款短裙高腰松紧大码胖mm显瘦a字小个子春秋半身裙,76.60
MASS Boutique,MASS 美拉德咖色灯芯绒高腰a字半身裙女2025秋冬新款显瘦中长裙,128.00
阿肉Ree,2025春季新款半身裙!巨遮胯巨显瘦!!,49.90
依艾格旗舰店,卡其色高腰a字半身裙女2026新款春夏韩系显瘦通勤包臀短裙小个子,109.90
YUQIPAO STUDIO,大码胖mm咖色碎花高腰a字半身裙女秋季微胖显瘦一步包臀裙短裙子,88.70
一颗小野莓,一颗小野莓 波点腰带半身裙女秋冬复古中长款A字高腰显瘦气质半裙,145.99
小丫头衣社,韩系慵懒风波点半身裙女2026秋季新款松紧腰休闲A字花苞中裙1324Q,81.09
韩流风小女人,显白咖啡色高腰a字牛仔半身裙显腿长小个子短裙,199.00
Luna7xi,Luna7xi 蓝色复古水洗牛仔裙半身裙女秋季高腰显瘦直筒开叉长裙子,399.00
落落狷介 LUOLUOJUANJIE,落落狷介半身裙女2026新款绿色蕾丝拼接波点半裙小个子松紧腰裙子,358.00
芊蕙自制女装,黑色高腰气质显瘦半身裙女春夏季新款高级感百搭遮胯垂感a字长裙,188.00
芊蕙自制女装,灰色莫代尔半身长裙女夏季a字垂感半身裙修身显瘦中长款懒人裙子,188.00
几分之一  percent,大码胖mm不规则半身裙女夏季设计感小众荷叶边蕾丝拼接a字裙子,88.70
韩流风小女人,韩系百搭显瘦高腰半身裙女2026秋季新款时尚简约通勤开叉A字短裙,119.00
FOREVER 21官方店,Forever21巨好看白色雪纺A字半身裙女垂感甜美蛋糕裙高腰仙女长裙,179.00
羊好好旗舰店,新款白色蛋糕短裙女松紧腰半身裙高腰显瘦百搭通勤高端云朵a字裙,1288.00
恩眷 (原路加LUJIA),【白月光】恩眷_白色花苞裙女2026春夏百搭松紧高腰休闲半身长裙,999.00
洋橙home,2026春夏秋新款高腰显瘦百搭垂感卡其色对折裙子设计感半身裙,199.00
橘子酱YO,橘子酱YO满印星星条纹拼接Y2K古早味蛋糕裙显瘦百搭百褶蓬蓬短裙,78.00
MASS Boutique,MASS灰色半身裙女2026春夏新款高腰显瘦A字裙小个子包臀裙防走光,128.00
MR DUANZL,MRDUANZL有腰带灰色甜美波点花苞短裙裤裙女半身裙小个子蓬蓬裙子,59.90
阿一 realeasy,阿一 气质拉满 UMA飘逸长裙女夏季高腰纱裙a字裙子不规则半身裙,159.90
IT'SXIAOK 小康家女装,复古美·鹿皮绒半身裙女2025秋冬高腰无弹A字裙卡其色短裙,130.00
素典旗舰店,【绿茵】素典法式波点高腰半身裙女夏季松紧腰A字通勤百搭长裙,237.00
馨帮帮sinbounboun,馨帮帮 蕾丝拼接不规则半身裙女秋高腰大摆长裙显瘦A字格子伞裙,138.00
雨气泡微胖大码女装,大码胖mm粉色碎花雪纺半身裙女春夏长款垂感包臀鱼尾裙不规则长裙,99.80
依艾格旗舰店,学院风灰色西装百褶裙中裙女夏季小个子百搭高腰A字半身裙JK裙子,139.90
有棵树官方旗舰店,【无痕平角】超舒适抗菌男士内裤锦纶面料,99.90
Bananain蕉内旗舰店,3件|蕉内凉皮311男士冰丝内裤莫代尔纯棉透气裆四角短裤大码男生,198.00
有棵树官方旗舰店,有棵树男士内裤2026新款纯棉裆四角裤男生莫代尔平角裤男式短裤衩,99.90
CarreKenbt旗舰店,CarreKenbt男士内裤男生莫代尔抗菌四角裤纯棉透气平角裤头礼盒装,238.00
全棉时代服饰旗舰店,全棉时代男士内裤纯棉2026年夏季新款男生四角裤男款平角短裤透气,169.00
Bananain蕉内旗舰店,3件|蕉内银皮500E男士平角内裤莫代尔大码冰丝透气四角短裤男生,159.00
都市丽人旗舰店,都市丽人男士内裤纯棉2026新款男生透气抗菌男式四角平角男款裤衩,49.90
MiiOW猫人内衣旗舰店,猫人男士内裤纯棉2026新款男生透气抗菌男式四角平角男款裤衩大码,49.90
恒源祥内衣旗舰店,恒源祥男士内裤男纯棉抗菌平角裤青年男生全棉四角短裤透气夏薄款,99.00
南极人旗舰店,南极人男士内裤头纯棉透气平角短裤衩四角男款2026新款男生青少年,67.30
Cloud Krezz 品牌专柜店,Cloud Krezz男士内裤纯棉舒适抗菌礼盒装,99.00
真维斯天曼专卖店,真维斯男士内裤男生冰丝平角夏季薄款透气四角裤无痕青少年裤头男,49.00
MiiOW猫人内衣旗舰店,猫人冰丝男士内裤夏季薄款2026新款平角男生抗菌透气大码四角短裤,59.90
Calvin Klein官方旗舰店,CK内衣男士三条装提花低腰棉质透气贴身防夹臀四角裤平角内裤,490.00
南极人潮搭旗舰店,南极人男士内裤男生纯棉透气四角裤头男款2026新款平角短裤衩大码,69.90
森马内衣旗舰店,森马男士内裤男生10A级抗菌透气平角裤四角2026新款送男友短裤衩,99.00
猫人商务旗舰店,猫人男士内裤纯棉四角2026新款防阴囊抗菌潮湿大码平角短裤男生款,79.00
ChoiceKaiser旗舰店,ChoiceKaiser男士内裤男生纯棉莫代尔冰丝四角短裤男2026新款礼盒,228.00
悦简内衣,男士内裤男生格子四角裤2026新款平角裤青年短裤运动透气裤头裤衩,39.00
WEMOVE维姆工作室,维姆工作室 男士内裤纯棉男款平角裤内裤男生潮流四角裤短裤薄款,118.00
真维斯内衣旗舰店,真维斯男士内裤男纯棉平角裤抗菌透气四角裤大码裤头男生短裤裤衩,59.00
Cukum Kboie品牌专柜店,CukumKboie男士内裤男款纯棉四角平角短裤头冰丝男生2026新款礼盒,359.00
橙子先生内裤,内裤男生全棉四角短裤2026新款纯棉抗菌透气裤衩青少年运动男裤头,59.80
蕉下官方旗舰店,蕉下男士内裤莫代尔透气运动不卡裆四角裤抑菌防夹臀男生平角短裤,79.00
尤米服饰店,男士内裤时尚青少年男生透气抗菌平角裤衩个性运动潮流四角短裤头,29.90
俞兆林官方旗舰店,俞兆林男士内裤男生纯棉阿罗裤四角裤衩宽松透气青少年平角短裤头,55.90
playboy内衣旗舰店,花花公子男士内裤冰丝无痕四角裤男生2026新款夏季短裤衩男款裤头,99.90
七匹狼内衣旗舰店,七匹狼男士内裤纯棉男生2026新款100%全棉男式四角短裤男款夏薄款,149.00
南极人服饰旗舰店,南极人冰丝内裤男无痕抗菌纯棉裆透气2026新款青少年四角短裤头衩,59.90
真维斯天曼专卖店,真维斯纯棉男士内裤男生宽松运动透气平角短裤头青少年四角短裤衩,49.00
CodeKimber服饰店,CodeKimber男士内裤纯棉7A抗菌透气中腰平角短裤男款四角裤礼盒装,99.90
Lee内衣旗舰店,Lee李牌80支云感棉男士内裤无痕透气10A级抗菌青少年四角裤平角裤,125.00
猫人科技内衣,猫人男士内裤男款纯棉高档名牌100正品2026新款男生四角平短裤头,89.90
都市丽人精品旗舰店,都市丽人本命年红色内裤男款纯棉2026新款男士平四角短裤结婚礼物,79.90
南极人服饰旗舰店,南极人纯棉内裤男抗菌透气桑蚕丝裆2026新款宽松大码平角短裤春夏,99.90
猫人商务旗舰店,猫人男士内裤男生纯棉抗菌四角2026新款正品高档男式平角短裤男款,99.00
Celons Karter品牌自营店,CelonsKarter男士内衣裤四角平角纯棉男生款冰丝新款性感薄短裤衩,158.00
雅鹿笃尧专卖店,雅鹿纯棉内裤男2026新款夏季运动透气宽松潮流个性平角四角短裤头,109.00
CAREKOTY内衣旗舰店,CAREKOTY冰丝无痕男士内裤夏季奶皮舒适透气2026新款男生平角短裤,131.00
啄木鸟官方旗舰店,男士内裤男款纯棉男生平角裤啄木鸟官方旗舰店2026新款抗菌四角裤,60.00
海澜之家官方旗舰店,HLA/海澜之家15A抑菌男士棉质平角内裤高弹舒适透气四角短裤男生,148.00
七匹狼内搭旗舰店,七匹狼男士内裤男生纯棉四角短裤高档名牌透气平角裤男款2026新款,108.00
铭星萌内衣专营店,时尚冰丝无痕内搭男士内裤新款青年舒适透气四角裤男式平角短裤衩,128.00
time1991,男士内裤薄款莫代尔男生平角裤柔软无痕四角短裤纯棉裆抑菌底裤男,39.90
帕兰朵服饰旗舰店,帕兰朵男士内裤男生男款2026新款纯棉透气四角短裤衩男式平角大码,59.90
橙子先生内裤,男士冰丝内裤男生夏季薄款2026新款青少年潮流印花透气抗菌四角裤,50.00
可未可来旗舰店,男士内裤男冰丝抗菌2026年夏季新款男生运动透气薄款四角平角短裤,98.90
古今服饰旗舰店,古今男士内裤男款男生纯棉平角裤名牌正品高档全棉四角2026新款,79.98
鼎尚舞蹈表演服饰,壮志少年行舞蹈服三字经汉服演出服诗朗诵服...,7?
清秀古装汉服演出服,汉服女童春秋2026新款儿童古装超仙战国...,1??
夕洛茜旗舰店,夕洛茜白色清冷汉服套装女魏晋风仙女裙大袖...,3??
荷香艺梦旗舰店,儿童国学服男童古装汉服国学女童小学生表演...,7?
汐沚旗舰店,男童明制汉服2026新款儿童幼儿园中秋节...,2??
串恬猴旗舰店,儿童汉服夏季2026新款男童唐装国学服中...,1??
月梳茼旗舰店,月梳茼原创汉服女金台红袖汉元素齐胸衫裙刺...,1??
静还决汉服,静还决 花间良缘 原创唐制婚服汉服大袖齐...,2??
清秀古装汉服演出服,女童汉服春秋超仙中国风唐装儿童古装襦裙小...,1??
静还决汉服,静还决 繁华绮梦 原创明制汉服套装比甲长...,2??
秋醇旗舰店,儿童汉服男童国学服套装三字经古装小学生中...,4?
夕洛茜旗舰店,夕洛茜白色汉服仙气飘逸古风女成人古装襦裙...,2??
雨花央雪 原创汉服,雪花刺绣马面裙,2??
秋醇旗舰店,儿童国学服汉服男童中国风古装小学生书童服...,9?
糖果家儿童汉服,汉服男童儿童国学服古装书童小学生国风马面...,5?
柯雪旗舰店,毕业照改良古装汉服女中国风交领古风男武侠...,4?
月梳茼旗舰店,金枫玉树原创汉服女重工刺绣诃子裙改良齐胸...,2??
槿姿俏旗舰店,汉服男童2026春新款儿童超仙女童古装学...,3?
异誌閣,异志阁原创改良【永宴瑶华】魏晋南北朝汉元...,1???
苏沐希旗舰店,女童绝美汉服古风2026新款小女孩古装儿...,2??
异誌閣,2024国风大典走秀款异志阁【霁月瑶光·...,6??
孩的衣原创潮童,男女童汉服兄妹装超仙新中式合唱朗诵服装幼...,5?
蜀司绣罗衣原创设计,蜀司绣罗衣丨曜劫丨唐制圆领袍缺胯袍春夏汉...,1??
龙悦古典服饰,簪花仕女汉服诃子裙大袖衫舞蹈演出服唐制中...,6??
月梳茼原创汉服店,月梳茼原创汉服女【月枝桂香】汉元素齐胸衫...,1??
机器鸭旗舰店,中秋汉服男童演出服女童古风小少爷唐装儿童...,8?
乐彩服饰,女童国风汉服花木兰古装,8?
蜀司绣罗衣原创设计,蜀司绣罗衣丨定乾坤丨帅气酷飒侠客国风古风...,9??
红纱帐旗舰店,敦煌飞天改良汉服沙漠异域风情刺绣古典舞蹈...,3??
乌扣旗舰店,乌扣.陌上 女童汉服春秋款儿童超仙长袖古...,4??
鲸喜表演出服,咏春儿童古典舞演出服汉唐团扇舞蹈古风飘逸...,7?
山海明光国风,山海明光【拂晓】隋唐制汉服齐胸褶裙大袖襦...,6?
朝韵辞旗舰店,朝韵辞原创汉服云鹤男女同款水墨印染大袖衫...,1??
小步走路旗舰店,【惊喜特惠】唐装汉服2026春夏季新款超...,2??
安妮优儿意树专卖店,马面裙女童夏季儿童汉服2026新款新中式...,1??
冠军精灵旗舰店,汉服男童春夏秋2026新款女童儿童古装中...,3?
一缕服饰专营店,粉色短款裙子新中式改良旗袍风吊带连衣裙国...,4??
龙悦古典服饰,长安十二时辰梦回大唐汉服吉装飘逸披风霓裳...,7??
青禾汉服,粉色荷花战国袍汉服女款2026新款交领大...,2??
锦绣阁汉服,2026女童汉服敦煌异域风情演出服小女孩...,1??
潮优贝旗舰店,汉服女童2026新款儿童古风超仙唐装女孩...,2??
玉术旗舰店,玉术新品【揽月裁樱】大袖衫吊带重工刺绣春...,3??
机器鸭旗舰店,中秋节汉服女童2026新款古装儿童古风超...,7?
爱美丽儿童礼服店,古风汉服女童中国风2026新款超仙蓝色小...,3??
春和 国风工作室,【春和】声声慢 宋制复原仕女图 天丝对襟...,1??
山海明光国风,山海明光【捻花】唐制汉服齐胸破裙披帛套装...,7?
云初雨旗舰店,咏春儿童古典舞演出服汉唐风学生团扇舞表演...,8?
汉月吟 汉服工作室,汉月吟原创【春山空】汉服女正品改良版宋制...,9??
Bananain蕉内旗舰店,今夏必备！凉感透气莫代尔睡衣！,299.00
宫蝶官方旗舰店,宫蝶【3件套】迪士尼维尼熊长袖睡衣女款秋...,419.00
奶喵的裙摆,奶喵【蓝莓兔兔】甜美娃娃领冰丝睡衣卡通春...,135.00
嘉宋旗舰店,短袖睡衣女夏甜美可爱小狗家居服大码胖mm...,173.00
宫蝶官方旗舰店,宫蝶【轻柔软】迪士尼米奇纯棉长袖情侣睡衣...,396.00
靓衣邦旗舰店,2026夏季【A类双层棉纱】甜美睡衣套装...,95.00
棉花泡泡家居服,棉花泡泡 星星泡泡袖A类双层纱纯棉睡衣女...,155.00
六个草莓studio,奶fufu可爱甜美云朵棉睡衣女款夏天带胸...,99.00
缪黛旗舰店,三件套睡衣女款夏季纯棉短袖长裤2026新...,128.00
软软梦 Softdream,软软梦「天使内心」原创款可爱印花冰丝睡衣...,118.00
小新宅家,可爱赫拉兔睡衣女夏季短袖短裤长裤纯棉薄款...,178.00
蘑菇咕咕,蘑菇咕咕娃娃领碎花纯棉双层纱睡衣女款夏薄...,155.00
JoyceBra,JoyceBra甜美花边圆领睡衣女202...,109.90
Bananain蕉内旗舰店,一不小心就无法抗拒！夏季透气情侣款短袖,219.00
南极人官方旗舰店,南极人纯棉睡衣女款秋冬2026新款宽松长...,99.00
miss cat ponyo家居服,MISSPONYO CCAT带胸垫坑条棉...,169.00
NANS工作室,怎么自拍都好看睡衣,44.90
Thesunの睡衣,『青提奶绿』纯色睡衣女夏季2026新款带...,168.00
Thesunの睡衣,『软兔奶糖』甜美风凉感纯棉睡衣女夏季卡通...,168.00
coy kiss 轻奢女装,Coy Kiss真丝兔子睡衣女夏季短袖三...,368.00
山橘月家居服品牌店,显瘦带胸垫大码胖mm睡衣女款2025新款...,77.90
新柔意家居服,纯棉睡衣女款春秋季卡通猫爪长袖长裤202...,98.00
Sinbounboun Homedress馨帮帮,馨帮帮Homedress 彩色海星印花睡...,89.90
芬腾可安品牌家居服睡衣,芬腾可安睡衣女款夏季纯棉短袖短裤套装开衫...,128.00
西西小屋家居服,猫咪粉色格子带胸垫睡衣女款夏天纯棉纱布公...,299.00
VINEEMAN维妮蔓,【粉兔眠眠】睡衣带胸垫女款2026新款冰...,55.40
Miiow猫人正品线上店,猫人冰丝睡衣女带胸垫夏季春秋新款短袖三件...,154.00
JoyceBra,JoyceBra  星星波点翻领德绒睡衣...,109.90
Sinbounboun Homedress馨帮帮,馨帮帮Homedress 小清新碎花花边...,89.90
云间睡衣坊,春秋季情侣真丝睡衣男长袖套装高级感送女友...,420.00
乐姿梦旗舰店,凉感降温|适合夏季穿着的薄款睡衣,298.00
思莉太太旗舰店,思莉太太情侣睡衣女款夏季纯棉短袖2026...,237.00
软软梦 Softdream,软软梦「晚安兔兔」原创款冰丝睡衣女可爱印...,118.00
以橘,日系ins碎花睡衣女春秋季长袖长裤纯棉宽...,159.00
南极人官方旗舰店,南极人睡衣女款纯棉2026新款夏季薄款短...,79.00
真丝睡衣家居服,【真丝】睡衣女夏季2026年新款韩版两件...,428.00
轩之婷旗舰店,轩之婷莫代尔棉睡衣女款春秋款长袖时尚高级...,198.00
乐姿梦旗舰店,乐姿梦情侣睡衣女春秋款黑色高级感男士长袖...,298.00
花蝴蝶家居服睡衣,带胸垫睡衣女款2026新款夏季莫代尔棉纯...,77.60
都市丽人官方旗舰店,都市丽人秋冬季睡衣女款半边绒可外穿202...,299.00
侘町睡衣定制,侘町2025年新款baby蓝月亮小象纯棉...,129.00
珈诗芬睡衣家居服,100%纯棉男士睡衣春秋季长袖青少中年睡...,89.00
芬腾可安品牌家居服睡衣,芬腾可安纯棉女士长袖睡衣春秋款2026年...,188.00
都市丽人内衣旗舰店,都市丽人纯棉睡衣女春秋季2026新款长袖...,129.90
轩之婷旗舰店,轩之婷三件套睡衣女士夏季天竹纱棉短袖短裤...,218.00
ubras品牌官方店,刘雯同款ubras云棉家居服女士睡衣情侣...,329.00
棉花泡泡家居服,棉花泡泡 米白天蓝波点a类纯棉睡衣女夏全...,158.00
花子日单小铺,「云朵猫」可爱纯棉纱布睡衣女春秋款202...,228.00
兰梦娅旗舰店,藏青色山本裤女秋季2026新款小个子高腰垂感宽松版直筒薄款阔腿裤,4?
悟空有货原创设计师品牌,悟空有货美式复古迷彩工装牛仔裤男潮牌嘻哈高街hiphop直筒阔腿裤,1??
POJNN,POJNN美式高级感弯刀黑色西裤cleanfit廓形阔腿镰刀休闲裤子男女,1??
悟空有货原创设计师品牌,悟空有货美式潮牌褶皱水洗做旧直筒牛仔裤男复古宽松潮流百搭长裤,1??
ABWLR (原ABWEAR),ABWLR色彩幻境-原创渐变晕染阔腿牛仔裤女秋季新款宽松直筒拖地裤,5??
Yangying杨莹,Yangying杨莹「藏肉神裤」深蓝色休闲裤女直筒阔腿仿牛仔裤长裤子,2??
KISKO的店,KISKO美式新款莱赛尔打褶阔腿休闲西裤男女cleanfit宽松直筒裤子,3??
Ja1CBAY (原Ja1从不熬夜),Ja1从不熬夜 高腰显瘦阔腿工装裤男女同款百搭拖地情侣款弯刀裤子,1??
Ja1CBAY (原Ja1从不熬夜),Ja1从不熬夜 高级感精帆布弯刀工装裤中性风百搭cleanfit阔腿裤子,1??
畅点徐 ChangDX,畅点徐ChangDX 可通勤的卫裤 意式休闲高级感 松筋腰加厚直筒卫裤,3??
WASSUP ERIKA官方店,WASSUP ERIKA日系冰丝阔腿休闲裤男夏季直筒慵懒松弛垂感山本裤子,2??
Thumpup,THUMPUP复古法式翻边高级感休闲西裤男女宽松垂感老钱风阔腿长裤,2??
三福官方旗舰店,三福女休闲裤2026秋季新款抽绳松紧腰工装裤阔腿宽松休闲裤子女装,3??
NERESUM,NERESUM美式复古星星印花牛仔短裤女做旧水洗宽松阔腿休闲七分裤,1??
兰梦娅旗舰店,藏青色运动裤女春秋季2026新款宽松垂感休闲显瘦高腰直筒阔腿卫裤,6?
时尚速递店,波点休闲裤女冬日新款时尚个性高街松驰风拼接腰头白色印花卫裤子,7?
lululemon官方旗舰店,Stretch Woven 女士阔腿裤 拒水*亚洲版型丨lululemon丨LW5HTOA,1???
YOBARLA 优芭拉女装,复古蓝直筒牛仔裤女秋季新款胖mm大码显瘦梨形身材宽松垂感阔腿裤,1??
9002UP,9002up美式cleanfit灰色休闲弯刀西裤垂坠感高级感宽松阔腿长裤子,1??
it品牌企业店,it:CHOCOOLATE高腰牛仔裤女植物花卉宽松休闲花朵图案显瘦阔腿裤,1???
lululemon官方旗舰店,License To Train 女士纹理中腰运动裤丨lululemon丨LW5JGRA,1???
WXB无性别 线上商店,韩国 cleanfit双折A字西裤TR混纺垂感宽松休闲直筒裤通勤长裤男女,1??
三福官方旗舰店,三福休闲裤2026秋季新款休闲松紧腰个性宽松阔腿直筒裤长裤女装,1??
时尚速递店,美式复古牛仔裤女春秋季新款折痕阔腿休闲设计感显瘦宽松梧桐裤子,6?
FKUG南相酱,FKUG美式复古高个子卡其色休闲阔腿裤女宽松显瘦慵懒加长版拖地裤,9?
柳步旗舰店,深蓝色格子裤男女秋季高级感痞帅微喇裤子美式复古休闲运动直筒裤,1??
玥可馨旗舰店,美式复古卡其色牛仔裤小个子秋季宽松显瘦女款裤子直筒阔腿休闲裤,7?
田喜儿旗舰店,蝴蝶结工装裤高中初中学生少女夏季薄款休闲加长运动速干阔腿长裤,9?
ONLPP,ONLPP美式复古运动裤女灰色阔腿弯刀裤宽松休闲卫裤直筒拖地裤子,2??
酷裤小姐,美式黑色莱赛尔天丝弯刀裤女薄款宽松阔腿休闲慵懒爵士舞裤子,1??
田喜儿旗舰店,速干运动裤高中初中学生少女夏薄款2026新款小个子宽松山本休闲裤,8?
ABWLR (原ABWEAR),ABWLR 记忆碎片-秋季毛呢阔腿裤女2026新款直筒宽松休闲卫裤,3??
YOBARLA 优芭拉女装,美式咖色阔腿牛仔裤女秋季新款显瘦胖mm梨型身材宽松大码直筒裤子,1??
CHANT2nd,「CHANT2nd」垂感卫裤女低腰休闲裤秋季薄款阔腿长裤显瘦新款裤子,1??
KEN STUDIO原创牛仔,KEN STUDIO美式复古蓝色直筒宽松牛仔裤女休闲百搭浅色拖地裤裤子,3??
ONLPP,ONLPP美式复古设计感螺纹腰头牛仔裤女做旧水洗宽松直筒拖地长裤,2??
阿头家 ATJ studio,阿头家白色阔腿牛仔裤女秋冬季新款休闲宽松直筒小个子拖地长裤子,1??
MS伊芙时尚女装,美式复古阔腿七分牛仔裤女2025夏季新款高腰显瘦宽松中长款直筒裤,6?
语熹旗舰店,美式灰色运动裤女秋季2026新款宽松卫裤高腰垂感休闲弯刀阔腿裤子,1??
呆毛DMFACTORY,呆毛不规则裁片拼接设计感阔腿西装裤女休闲宽松垂感直筒拖地裤子,1??
JYFSYXGS,莱赛尔天丝深蓝色七分牛仔裤女小个子夏薄款高腰宽松直筒阔腿中裤,8?
包子studio,包子Studio美式复古宽松高腰牛仔裤女春秋款百搭气质阔腿裤弯刀裤,8?
ZSEE ISLAND,ZSEE直筒工装裤男女秋季新款美式潮牌复古宽松阔腿垂感休闲伞兵裤,3??
裤邦人旗舰店,裤邦人复古阔腿裤女2026秋季新款小个子丝腰带百搭直筒休闲拖地裤,3??
XinDUguan,美式复古小狗毛巾刺绣牛仔裤女秋冬季新款设计感宽松阔腿裤弯刀裤,8?
一个最帅的买了,冰丝男士裤子薄款直筒宽松长裤大码运动速干2026新款夏季休闲裤男,1??
MATTUCLB STUDIO,MATTUCLB 美式复古水洗七分牛仔裤女夏季高腰显瘦秋宽松阔腿中裤,8?
Thumpup,THUMPUP美式复古垂感剑道弯刀西裤男宽松休闲高级感直筒阔腿裤子,2??
JY橄榄山,【JY橄榄山】婚礼主婚纱新娘礼服抹胸缎面新款拖尾高级质感法式女,1880.00
NEXT YOMI 轻奢童装,女宝宝生日礼服裙2026新款缎面洋气高级小童周岁婚礼小主持公主裙,179.00
JY橄榄山,JY橄榄山重工蕾丝法式抹胸小拖尾轻婚纱两件套缎面质感主婚纱简约,2399.00
RICH IN CHEESE 舒胡蕾,气质针织罩衫披肩吊带收腰连衣裙两件套,164.00
MOCMC品牌店,英国 MOCMC女宝公主裙夏一周岁宝宝裙子婴儿郁金香无袖连衣裙,128.00
颈袖添香旗舰店,颈袖添香春季新款时尚经典黑色修身排扣知性优雅风衣连衣裙,2599.00
poemlady旗舰店,诗绪法式方领印花蓝色连衣裙2026夏季新款肌理感减龄中长裙68289,635.00
颈袖添香旗舰店,颈袖添香新款职业连衣裙女装高端气质黑色包臀收腰正装,1999.00
poemlady旗舰店,诗绪法式方领印花粉色连衣裙2026夏季新款肌理感减龄中长裙68289,635.00
初夏恋爱旗舰店,新疆大西北旅游夏季穿搭吊带连衣裙女2026超火夏装一整套不规则裙,40.81
赫木旗舰店,红色连衣裙女法式小个子订婚宴会礼服内搭配大衣早秋新年千金穿搭,498.00
小南同学女童装,女童公主裙夏季新款儿童连衣裙宝宝杏色纱裙表演小女孩礼服裙,175.00
FT GUOGE 果哥家,FT GUOGE果哥家白色连衣裙女2026夏装新款气质法式掐腰简约订婚裙,239.99
RICH IN CHEESE 舒胡蕾,黑色斜肩高智感包臀长裙子女夏一字肩收腰显瘦长款连衣裙,211.00
英国QBB Kids专柜童装,英国QBB Kids女童连衣裙套装春秋宝宝甜美公主裙周岁礼服针织外套,258.00
张大人旗舰店,张大人新款夏复古风蓝色条纹连衣裙女夏V领蕾丝系带显瘦气质长裙,199.90
MOCMC品牌店,MOCMC女宝2026夏季连衣裙女童洋气公主裙国风无袖碎花旗袍裙,128.00
童柳旗舰店,女童超好看洋气时髦秋装2026新款女大童高级感富家千金感连衣裙子,128.43
BIGKING 大金家,Bigking大金家 露思miu系蕾丝娃娃领连衣裙黑色无袖背心裙小黑裙,375.00
EGGKA,EGGKA波点斜肩收腰连衣裙女春夏新款修身气质显瘦短袖a字简约短裙,99.90
米拉公主童装城,婴儿公主裙26夏装宝宝包屁哈衣裙子小月龄百天周岁高端礼服蛋糕裙,176.00
Blovelan藍,Blovelan金盏物语 夏日元气明媚黄方领绣花撞色蛋糕摆公主连衣裙,309.00
黑色草莓  STRAWBERRY,度假风复古提花吊带连衣裙女夏季收腰绿色裙子辣妹包臀裙a字长裙,71.00
班喜迪旗舰店,班喜迪女童连衣裙秋装新款小公主裙周岁女宝礼服漂亮儿童生日裙子,129.00
GJFD(Good Job小众限量定制),Good Job【夏利斯特庄园】法式蓝色一字肩连衣裙女小众礼服鱼尾裙,319.00
嘿山姥姥,嘿山姥姥 碎花蝴蝶结不规则小飞袖连衣裙子女夏A字显瘦短袖中长裙,289.00
cheese day 芝士日,芝士日【青柠夏序】复古少女翻领拼接收腰长裙夏季腰侧抽绳连衣裙,279.00
im向,im向 尼斯花市’度假风复古碎花裙圆领泡泡袖收腰甜美a字连衣裙,245.00
缈珠旗舰店,告别沉闷就选这款连衣裙夏季甜美风格吸睛,228.00
三彩官方旗舰店,三彩2026秋季新款碎花裙荷叶边长袖连衣裙收腰A字长裙法式显瘦女S,399.00
Blovelan藍,Blovelan橘子海 甜美渐变晕染原创印花收腰a字短袖连衣裙女新款夏,309.00
可乐也可口,法式波点气质吊带裙女2026春夏季温柔风独特绝美中长款显瘦连衣裙,90.00
Texture-Si,Texture-Si纯手工钻石钉珠流光缎面修身优雅度假聚会连衣裙礼服裙,428.00
张大人旗舰店,张大人大码微胖妹学院风粉色甜美系带连衣裙女夏收腰显瘦A字长裙,239.90
刘智贤,刘智贤【奥波尔少女】气质波点吊带连衣裙夏季新款收腰法式茶歇裙,538.00
织物猪,织物猪波波奶茶波点吊带连衣裙女初夏独特穿搭绝美漂亮短裙子,69.00
GeNaQi  歌娜绮,GeNaQi灰色气质收腰垂感吊带连衣裙女春季新款慵懒风修身显瘦长裙,119.00
漫天飞扬旗舰店,法式复古粉色方领连衣裙女夏装温柔风气质碎花裙海边氛围感沙滩裙,198.00
Thetwo,Thetwo真丝小碎花法式田园风收腰显瘦泡泡袖连衣裙,665.00
GJFD(Good Job小众限量定制),Good Job【琼花琉璃】法式复古粉色灯笼袖连衣裙包臀显瘦垂感长裙,339.00
吴童童,吴童童复古做旧无袖牛仔背带连衣裙女夏韩系设计感宽松显瘦a字裙,279.90
森女部落SNBL,森女部落多巴胺可爱少女格子背心裙子女宽松叠穿黄色娃娃连衣裙夏,256.00
懒懒家孕妇装,懒懒孕妇装夏季新款法式温柔风连衣裙女收腰遮肚显瘦中长款蛋糕裙,428.00
三彩官方旗舰店,三彩2026秋季新款荷叶边V领法式A字印花雪纺裙长袖连衣裙气质女M,519.00
GUYI  谷一自制,GUYI山本风暗黑不规则赫本风无袖小黑裙裙子女夏衬衫黑色连衣裙,218.00
周章章 Cheung Chow,"周章章""暮色微澜""深v领碎花连衣裙女温柔海边度假风飞袖收腰裙",298.00
Thetwo,Thetwo泡泡袖复古小碎花法式田园风氛围感连衣裙 三种碎花,379.00
芝士鹿 CheeseLu,芝士鹿大方得体绝美露肩绿色连衣裙女夏季法式度假风收腰气质长裙,430.00
FILA官方旗舰店,斐乐直筒裤丨FILA官方男士针织长裤秋冬运动裤休闲跑步加绒裤子,740.00
国货严选旗舰,cleanfit条纹运动卫裤男款春季美式潮牌高街裤子直筒跑步健身长裤,58.80
1NING一宁 高个子加长裤,Altezza Divina「薄爽康宁裤」高个子一米九加长卫裤直筒裤休闲裤,269.00
KENABSTUDIO,KENABSTUDIO春秋新款美式黑色三条杠运动裤女宽松显瘦卫裤休闲裤,398.00
柳步旗舰店,黑色三条杠速干裤子男夏季薄款美式高街直筒运动裤条纹冰丝休闲裤,110.00
bodydream旗舰店,BODYDREAM简单裤 秋季舒适健身卫裤男裤子宽松直筒裤运动裤休闲裤,219.00
柳步旗舰店,深蓝色格子裤男女秋季高级感痞帅微喇裤子美式复古休闲运动直筒裤,118.00
悟空有货原创设计师品牌,悟空有货潮牌复古高级感纯色垂感休闲裤男美式宽松百搭阔腿运动裤,136.00
悟空有货原创设计师品牌,悟空有货潮牌美式撞色抽绳松紧运动卫裤男女秋季宽松阔腿百搭长裤,138.00
臣目旗舰店,cleanfit条纹运动卫裤男款秋季美式潮牌高街裤子直筒跑步健身长裤,140.00
啄木鸟男装网店,啄木鸟运动裤男生新款春秋季休闲宽松百搭束脚卫裤潮流加绒长裤子,69.00
maxrun大码健身服,maxrun垂感显瘦运动裤女宽松直筒微喇跑步长裤大码阔腿瑜伽健身裤,236.00
WIE STUDIO,谁能拒绝这运动裤太实用了防水透气速干,108.00
唐启旗舰店,米白色美式微喇裤子男秋季cleanfit户外速干冲锋裤运动直筒休闲裤,65.00
帛先生旗舰店,秋季天丝莱赛尔男裤2026新款垂感直筒裤春秋休闲裤子男款运动卫裤,181.00
Wassup Uosne国潮牌店,WASSUP美式蜡染休闲运动短裤夏季2026新款潮牌情侣宽松简约直筒裤,109.90
卡帝兽旗舰店,裤子男士秋季宽松休闲长裤2026新款男生阔腿直筒男款潮流运动卫裤,146.00
MEBXX,美式复古灰色卫裤男女设计感小众解构宽松显瘦直筒阔腿弯刀运动裤,119.00
星期十青少年生活馆,美式条纹休闲裤男生春季大童运动裤卫裤宽松青少年直筒三条杠长裤,164.00
mpf服饰旗舰店,裤子男士秋季2026新款宽松直筒休闲长裤子阔腿运动青少年男生卫裤,130.00
lululemon官方旗舰店,"Pull-On 女士松紧腰锥形裤腿中腰中长裤 23""丨lululemon丨LW6CIHS",750.00
瞬时山野Monterest,瞬时山野Monterest户外无氟防水休闲裤基础弯刀软壳裤宽松长裤男,379.00
杰雷诺服饰旗舰店,美式复古工装裤子男秋季直筒2026新款户外伞兵裤春秋男士休闲长裤,210.00
lpz旗舰店,美式条纹冰丝速干休闲裤子男春秋潮流男生运动长裤宽松直筒阔腿裤,129.00
WASSUP HAPPY中國总店,wassup happy裤子男士春秋季2026新款卫裤宽松直筒阔腿运动裤薄款,338.00
ESSEFAUST潮牌店,ESSEFAUST设计感解构休闲卫裤男潮牌美式宽松百搭直筒运动长裤子,87.60
班梵诺旗舰店,三条杠条纹尼龙速干裤男秋季美式复古工装裤子宽松直筒软壳冲锋裤,188.00
FFR 原F383,F383 美式复古蓝色阔腿裤男女宽松垂感休闲长裤抽绳渐变弯刀卫裤,153.00
KENABSTUDIO,KENABSTUDIO春秋蓝色抽绳休闲运动裤女宽松显瘦百搭阔腿拖地裤子,358.00
lululemon官方旗舰店,Lightweight Softstreme女士轻盈中长裤速干丨lululemon丨LW5IJ0S,980.00
真维斯休闲旗舰店,真维斯裤子男秋款美式cleanfit休闲直筒裤潮牌宽松阔腿运动男裤F,140.00
Jeep SPIRIT大陆总店,Jeep spirit户外宽松直筒工装裤男款秋季新款美式登山冲锋裤子男,298.00
boneless官方旗舰店,【商场同款】BONELESS反光牙条拼接防泼水户外运动登山裤休闲裤,369.00
BLACKLISTS黑泽川,BLACKLISTS美式复古运动风条纹拼接直筒卫裤男女跳舞宽松阔腿裤潮,128.00
李宁官方旗舰店,李宁运动裤男款秋季黑色裤子男士休闲裤跑步针织卫裤直筒训练长裤,199.00
DRK,【蒋劲夫同款】DRK提花腰双褶速干运动裤男女同款夏季直筒休闲裤,248.00
STAW世拓旗舰店,STAW世拓趣跑二合一3.0短裤带内衬抗菌透气轻量运动马拉松跑步裤,599.00
瞬时山野Monterest,瞬时山野Monterest户外吸湿速干轻量运动长裤弧形分割弹力休闲裤,369.00
JEANSWESTLIFE旗舰店,真维斯LIFE速干运动裤男款夏季薄款冰丝长裤男士休闲裤男装裤子M,158.00
fizze旗舰店,裤子男春秋季2026新款运动阔腿宽松休闲裤大码直筒美式条纹长裤潮,90.00
一个最帅的买了,冰丝男士裤子薄款直筒宽松长裤大码运动速干2026新款夏季休闲裤男,119.00
启健旗舰店,黑色弯刀斜切微喇卫裤男款秋季cleanfit直筒显腿长裤子休闲运动裤,138.00
WASSUP HAPPY国潮,wassup happy冰丝短裤男夏季运动外穿潮牌休闲裤宽松速干五分裤子,239.00
FORSTNES,FORSTNES2026美式解构重磅弯刀卫裤男简约通勤宽松直筒休闲运动裤,143.00
JEEP SPIRIT正品店,JEEP伞兵工装裤女显瘦速干三合一可拆卸防风防水运动登山冲锋裤男,498.00
古韵中华旗舰店,古韵中华夏季宽松灯笼裤太极拳练功裤男太极裤女夏春秋棉麻阔腿裤,119.00
deeplink运动旗舰店,deeplink2026新款假两件瑜伽裤女高腰提臀速干大码跑步运动健身裤,140.00
宇众旗舰店,裤子男春秋季2026新款休闲宽松潮牌美式工装条纹阔腿直筒运动长裤,70.00
Bananain蕉内旗舰店,一不小心就无法抗拒！夏季透气情侣款短袖,219.00
Bananain蕉内旗舰店,蕉内棉棉506Sleep家居服套装男士莫...,299.00
芬腾可安品牌家居服睡衣,芬腾可安睡衣女款夏季纯棉短袖短裤套装开衫...,128.00
奈奈屿nny,ins灰色蝴蝶结春秋睡衣女纯棉布料100...,180.00
松山棉店旗舰店,松山棉店家居服套装莫代尔情侣新中式长袖男...,359.00
都市丽人官方旗舰店,都市丽人优可丝【三件套】睡衣女秋季新款甜...,239.90
芬腾可安品牌家居服睡衣,芬腾可安纯棉女士长袖睡衣春秋款2026年...,188.00
缪黛旗舰店,三件套睡衣女款夏季纯棉短袖长裤2026新...,128.00
domiamia旗舰店,Domiamia纯棉月子服春夏季孕妇睡衣...,798.00
悦内官方旗舰店,悦内睡衣女夏季夏天纯棉短袖长裤格纹家居服...,218.00
奈奈屿nny,秋款韩系撞色拼接纯棉纱睡衣女款春秋季双层...,170.00
六个草莓studio,奶fufu可爱甜美云朵棉睡衣女款夏天带胸...,99.00
蘑菇咕咕,蘑菇咕咕娃娃领碎花纯棉双层纱睡衣女款夏薄...,155.00
miss cat ponyo家居服,MISSPONYO CCAT带胸垫坑条棉...,169.00
山橘月家居服品牌店,显瘦带胸垫大码胖mm睡衣女款2025新款...,77.90
蘑菇咕咕,蘑菇咕咕 原创海盐小兔a类纯棉睡衣女夏双...,142.00
小新宅家,可爱赫拉兔睡衣女夏季短袖短裤长裤纯棉薄款...,178.00
芝桃鸟家居服直销爱豆店,芝桃鸟2026新款冰丝短袖长裤情侣睡衣男...,98.00
ubras官方旗舰店,ubras云棉家居服情侣套装长袖长裤女士...,249.00
软软梦 Softdream,软软梦「天使内心」原创款可爱印花冰丝睡衣...,118.00
红豆居家官方旗舰店,红豆呼吸棉情侣睡衣女长袖中厚梭织磨毛纯棉...,378.00
Thesunの睡衣,『软兔奶糖』甜美风凉感纯棉睡衣女夏季卡通...,168.00
Sinbounboun Homedress馨帮帮,馨帮帮Homedress 彩色海星印花睡...,89.90
乐姿梦旗舰店,乐姿梦情侣睡衣女夏款冰丝高级感夏天短袖短...,298.00
Dear芮家居服,可爱卡通秋冬情侣睡衣纯棉磨毛高级感保暖长...,369.00
思莉太太旗舰店,思莉太太情侣睡衣女款夏季纯棉短袖2026...,237.00
棉花泡泡家居服,棉花泡泡 原创青苹果小狗A类纯棉睡衣女款...,142.00
棉花泡泡家居服,棉花泡泡 淡紫晚安小象纯棉睡衣女夏A类全...,142.00
Sinbounboun Homedress馨帮帮,馨帮帮Homedress 波点开衫睡衣裤...,89.90
Thesunの睡衣,『小狗星球』凉感纯棉睡衣女款夏新款短袖宽...,168.00
山橘月家居服品牌店,2026年新款带胸垫大码胖mm睡衣女夏季...,77.90
肌肤芝士,纯棉磨毛睡衣女士家居服2026春秋冬季新...,105.00
悦内官方旗舰店,悦内睡衣女夏季夏天冰丝短袖短裤家居服时尚...,338.00
同语旗舰店,同语莫代尔棉儿童睡衣春秋男童女童可爱小猫...,139.00
马克公主,马克公主莫代尔夏季睡衣女可爱少女风短袖长...,248.00
轩之婷旗舰店,轩之婷莫代尔棉睡衣女款春秋款长袖时尚高级...,198.00
BE旗舰店,蜡笔小新纯棉睡衣女夏带胸垫情侣秋春家居服...,259.00
同语旗舰店,同语春秋季睡衣女款梭织纯棉睡衣100全棉...,199.00
都市丽人官方旗舰店,都市丽人睡衣女款秋冬季珊瑚绒加厚保暖法兰...,299.00
陌娇旗舰店,"陌娇""甜美白月光""睡衣女春秋款纯棉长袖彩...",268.00
Double oo小钱,doubleoo睡衣高级胸垫缎面吊带9分...,168.00
松山棉店旗舰店,松山棉店萌宠开衫长袖条纹家居服套装男士女...,359.00
芬腾可安 睡衣家居服企业店,芬腾可安睡衣女春秋款100%纯棉长袖条纹...,188.00
JoyceBra,JoyceBra  韩版星星印花冰丝凉感...,109.90
花子日单小铺,〖奶酷小猫爪〗清新简约睡衣女春秋男款纯棉...,239.00
云间睡衣坊,春秋季情侣真丝睡衣男长袖套装高级感送女友...,420.00
达尔丽官方旗舰店,达尔丽柔软纯棉睡衣女春秋长袖2026新款...,278.00
暖暖の睡衣,带胸垫纯棉睡衣女款夏短袖长裤2026新款...,98.00
初蝉新中式国风女装,初蝉【涧竹知予】新中式改良旗袍女26新款气质修身印花国风连衣裙,598.00
闺小蜜旗舰店,新中式旗袍夏季香槟色订婚高端气质改良年轻款少女连衣裙新款2026,228.00
锦衣玉琦新中式旗袍,锦衣玉琦新中式红色真丝结婚旗袍2026新款订婚敬酒服新娘礼服裙女,679.00
Blovelan藍,Blovelan步步生莲 温柔新中式立领提花收腰轻国风旗袍鱼尾连衣裙,249.00
无艳一禾,无艳一禾【白秀珠】原创新中式人棉亚麻提花珠链收腰旗袍连衣裙,948.75
sleeplate,sleeplate高级感新中式立领提花旗袍新娘纯欲性感婚礼晨袍宴会服,799.00
dangdang Somes   当当,dangdangSomes“柳腰轻”1OO人丝斜裁小个子短款绿色旗袍女新中式,388.00
宝石嫁衣,黑色无袖改良走秀旗袍女长款修身显瘦开叉鱼尾演出服装高级感大气,736.00
一城风絮丨复古原创女装,新款丨绣花复古民国风倒大袖全开襟立领旗袍,1739.00
Sun雅乔轻奢定制,Sun雅乔暗香盈袖夏无袖连衣裙粉金晕染新中式人丝提花旗袍裙,374.00
青翠曼旗舰店,晨袍女新娘宴会气质新中式订婚旗袍婚服鱼尾流苏肩18岁女生成人礼,468.00
锦绣依人旗袍,锦绣依人粉色旗袍女新中式绝美年轻小个子订婚短袖收腰连衣裙女夏,599.00
奶酷墨莉Nico Molly,奶酷墨莉原创复古新中式改良旗袍裙小众前后两穿油画蓝鱼尾连衣裙,238.80
遇裁人旗舰店,黄色旗袍2026新款女秋冬季长袖新中式改良年轻少女连衣裙日常复古,298.00
苏玉豪旗舰店,新中式旗袍高端气质改良性感挂脖夏季连衣裙2026新款毕业礼服裙女,228.00
闺小蜜旗舰店,新中式旗袍红色订婚结婚敬酒服气质少女2026新款流苏披肩套装夏季,308.00
苏玉豪旗舰店,绝美旗袍新中式订婚日常可穿2026新款高端气质印花改良年轻款少女,228.00
百枝合宜,梅香如故|百枝合宜真丝混纺原创绣花梅花无袖敬酒服新娘订婚礼服,899.00
别岚旗舰店,新中式改良旗袍大码胖mm敬酒服新娘绝美订婚结婚便装红色孕妇婚服,388.00
OfAkiva,OfAkiva“黑蔷薇”印象派原创印花旗袍连衣裙女高腰显瘦鱼尾长裙,429.00
盈瓷 GA SEASONS,盈瓷真丝｜紫定成功 桑蚕丝新中式旗袍女夏季小个子国风连衣裙,1058.64
花满絮  旗袍日记,花满絮红色旗袍订婚礼服女新中式2026新款小个子敬酒服大码连衣裙,599.00
优诗尚美服饰旗舰店,【金裳】秀禾服婚服2026新款新中式高端敬酒服礼服小个子金色旗袍,1566.00
Sun雅乔轻奢定制,雅乔蓝桥遗梦夏季新款无袖连衣裙莱赛尔人丝提花旗袍长裙,374.00
OfAkiva,OfAkiva“冷冽岩兰”新中式印花旗袍连衣裙女复古盘扣拼接鱼尾裙,439.00
伊茜礼服,香槟色订婚礼服旗袍敬酒服2026新款高级感新中式回门答谢宴两件套,222.00
艾诗霓婚纱旗舰店,艾诗霓《朱颜辞》新中式订婚旗袍敬酒礼服2026新娘气质结婚套装夏,789.00
盈瓷 GA SEASONS,盈瓷品质｜月桂枝头 新中式改良旗袍女国风天丝提花金色长裙,411.58
Q女家chiwawameme,Q女家 紫汀序/新中式改良旗袍提花收腰伞摆连衣裙,368.00
艺桥写真馆,2025新中式改良旗袍女新款轻款气质高端提花紫色性感包臀连衣裙服,118.00
GJFD(Good Job小众限量定制),Good Job【枝慕月】新中式国风薄纱拼接连衣裙亮片蕾丝复古旗袍裙,339.00
苏爱SUAI,苏爱|小鹿乱撞 新中式订婚旗袍礼裙改良粉色领证连衣裙女高级感,998.00
月华倾礼服,【婚礼必备】复古酒红色套装立领设计高腰无袖,348.00
大蜜cc 微胖定制,DMcc大蜜【东方韵】新中式改良旗袍年轻款微胖mm显瘦大码连衣裙夏,229.90
挽苏服饰旗舰店,挽苏紫色竹叶提花旗袍2026新款改良年轻拼接刺绣日常可穿连衣裙女,289.00
优诗尚美服饰旗舰店,优诗尚美【枫晚】新中式金色旗袍套装新娘气质订婚礼服结婚敬酒服,788.00
馨缘礼服馆,新中式晨袍女新娘敬酒服高级感高端轻奢亮片订婚礼服裙连衣裙旗袍,338.00
荟禧婚纱礼服,中式订婚礼服绝美酒红色敬酒服新娘小个子端庄大气结婚鱼尾旗袍裙,305.00
无艳一禾,无艳一禾【胭脂珮】新中式醋酸缎绣花立领旗袍连衣裙+流苏云肩,548.75
DearPeony亲爱的牡丹,亲爱的牡丹高级感宫廷黄晨袍两件套新娘无袖立领收腰款旗袍敬酒服,1099.00
一城风絮丨复古原创女装,天姿雪丨一城风絮丨复古立领盘扣全开襟无省古法平裁旗袍日常长款,1759.00
Blovelan藍,Blovelan幻紫流云 新中式改良国风暗纹印花旗袍收腰琉光纱裙,269.00
贵爱旗舰店,粉色套装敬酒服2026新款中式旗袍结婚当天新娘便装订婚礼服小个子,368.00
锦绣依人旗袍,高端气质旗袍日常改良新中式年轻款少女夏季2026新款国风立领收腰,399.00
初蝉新中式国风女装,初蝉衣事新中式国风改良旗袍女26夏装素雅杏色立体绣花收腰连衣裙,596.00
艾诗霓婚纱旗舰店,艾诗霓《玉瑶》订婚礼服新中式旗袍敬酒2026新娘流苏云肩套装女夏,869.00
米兰原创设计礼服馆,大码敬酒服新娘孕妇订婚礼服胖mm结婚套装新中式婚服红色旗袍便装,388.00
漫屿ManYu,2026春夏新中式国风改良旗袍连衣裙套装墨绿色礼服小个子女,149.90
Bananain蕉内旗舰店,蕉内舒服蕾303A文胸蕾丝美背内衣女薄款法式性感透气细肩带文胸,99.00
Bananain蕉内旗舰店,蕉内511S美背内衣女小胸聚拢收副乳防下垂无痕性感隐形文胸胸罩,169.00
内比旗舰店,内比浪漫少女内衣女2026新款聚拢小胸蕾丝细肩带胸罩薄款无痕文胸,69.90
SecretWorld秘密世界,SecretWorld内衣女小胸聚拢收副乳防下垂无痕隐形夏季显大文胸罩,79.98
SecretWorld旗舰店,Secret World低领粉底液内衣女隐形无痕小胸聚拢方领细肩带文胸罩,199.90
六只兔子内衣店,六只兔子蕾丝内衣女小胸聚拢显大性感文胸罩套装上托防下垂收副乳,99.90
VICTORIA'S SECRET官方旗舰店,直降208|维密杨幂同款反重力MAX大胸显小无钢圈无痕文胸女薄,428.00
好奇蜜斯旗舰店,好奇蜜斯芭比联名闪水钻内衣女聚拢小胸夏薄款文胸罩套装性感粉色,189.00
SecretWorld旗舰店,【赵今麦同款】Secret World内衣女小胸聚拢防下垂收副乳无痕薄款,199.00
好奇蜜斯旗舰店,好奇蜜斯小胸聚拢内衣女夏薄显大无钢圈法式蕾丝文胸罩套装防下垂,99.80
轻夕旗舰店,轻夕抹胸内衣女大胸显小薄款蕾丝全罩杯防走光裹胸细肩带美背文胸,198.00
天猫超市,【祝绪丹同款】幸棉第二代前扣无肩带内衣女小胸聚拢显大文胸抹胸,338.00
SecretWorld秘密世界,Secret World嘭嘭杯内衣女小胸聚拢收副乳防下垂上托显大无痕文胸,99.98
怡倩内衣旗舰店,怡倩【氧气杯2.0】大胸显小无痕内衣女薄款隐形收副乳大码文胸,258.00
VICTORIA'S SECRET官方旗舰店,直降238|维密明星同款ACE三角杯蕾丝叠穿LOGO字母肩带文胸女,526.00
都市丽人服饰旗舰店,都市丽人蕾丝内衣女夏薄款小胸聚拢显大舒适透气收副乳防下垂文胸,99.90
迷尚萨拉旗舰店,内衣女学生初中大童无钢圈文胸发育期细肩带少女薄款胸罩无痕背心,56.00
Beauty时尚甄选,【7A抑菌】内衣女夏季薄款冰丝隐形无痕大胸显小聚拢防下垂文胸罩,198.00
都市丽人潮流旗舰店,都市丽人大码提拉内衣女聚拢防下垂收副乳大胸显小薄款全罩杯文胸,109.90
小春更旗舰店,小春更初中生内衣女高中学生青春期发育期背心15岁女大童少女文胸,139.90
六只兔子内衣店,六只兔子软支撑内衣女聚拢小胸无钢圈轻薄款上托防下垂防外扩文胸,89.90
小春更旗舰店,小春更高中生少女文胸青春发育期初中学生内衣15岁青少年定型胸罩,129.00
季下旗舰店,季下内衣女大胸显小文胸防下垂大码无痕聚拢收副乳全罩杯胖mm胸罩,199.90
猫人商务旗舰店,猫人无痕内衣女大胸显小提拉防下垂聚拢收副乳裸感舒适全罩杯文胸,225.00
都市丽人服饰旗舰店,都市丽人蕾丝碎花内衣女小胸聚拢防下垂收副乳舒适无痕薄款文胸罩,99.90
欧佳娜旗舰店,无肩带内衣女防滑聚拢无钢圈抹胸文胸薄款胸大胸显小胸罩2026夏季,105.80
joomuu旗舰店,Joomuu无痕束胸运动内衣大胸显小裹美背心防凸点超平胸神器cos女,280.00
佰丝娜官方旗舰店,内衣女士小胸聚拢舒适无钢圈收副乳防下垂柔软蕾丝少女文胸罩夏薄,49.90
多情猫旗舰店,多情猫2026秋季外扩低领内衣女小胸聚拢显大收副乳加厚无痕文胸罩,120.00
猫人内搭旗舰店,猫人内衣女小胸聚拢无痕文胸立体杯果冻胶软支撑裸感内衣26年秋冬,99.00
凡客舒适内衣 BOUTIQUE,无痕缎面大胸显小显瘦薄款内衣女软钢圈收副乳防下垂调整型文胸罩,129.90
琴趣旗舰店,内衣女夏薄款2026新款爆款无钢圈运动聚拢收副乳防下垂美背文胸罩,139.00
theblender旗舰店,【新品】The Blender撞色固定胸垫可交叉肩带小三角杯内衣女早秋,199.00
ubras官方旗舰店,虞书欣同款ubras无尺码小奶皮无痕内衣女夏薄款隐形背心运动文胸,169.00
DAYU大鱼 原创私物,100%桑蚕丝内里无痕内衣女小胸聚拢薄款收副乳防下垂无钢圈文胸罩,79.00
娜彤蜜旗舰店,调整型内衣女小胸聚拢收副乳文胸塑形矫正防下垂五排扣防外扩胸罩,158.00
帕兰朵官方旗舰店,内衣女小胸聚拢无钢圈显大2026新款爆款文胸收副乳防下垂文胸胸罩,79.00
LULUSALLY旗舰店,2026新款爆款聚拢内衣女小胸收副乳上托女款胸罩防下垂夏薄款文胸,149.90
古今服饰旗舰店,古今冰丝无痕内衣女夏薄款凉感透气无钢圈背心式文胸罩2026新款,149.98
娜彤蜜旗舰店,调整型内衣女小胸聚拢收副乳文胸塑形矫正防下垂六排扣防外扩胸罩,158.00
草本初色官方旗舰店,草本初色前扣内衣女VV扣杯粉底液小胸聚拢显大收副乳防下垂夏文胸,89.90
俞兆林官方旗舰店,粉底液隐形内衣女细肩带小胸聚拢薄款无痕美背凉感文胸罩夏季新款,59.90
有棵树官方旗舰店,孟子义推荐有棵树内衣女小胸聚拢收副乳防下垂无痕女士文胸,149.00
千灵美旗舰店,无痕大胸显小内衣女提拉聚拢防下垂收副乳调整型固定杯文胸罩薄款,200.00
猫人优品旗舰店,猫人无痕内衣女小胸聚拢显大提拉收副乳防下垂美背运动薄款文胸罩,149.90
都市丽人精品旗舰店,都市丽人内衣女夏薄款小胸聚拢收副乳防下垂性感蕾丝2026年新款,99.90
都市丽人精品旗舰店,都市丽人蕾丝内衣女夏薄款小胸聚拢收副乳防下垂文胸2026新款爆款,109.90
LULUSALLY旗舰店,lulusally【买一送一】夏季薄款内衣聚拢小胸显大2026新款女文胸,149.90
有棵树官方旗舰店,朋友们这冰丝内裤真的绝了赶紧入手夏季新款,99.90
Bananain蕉内旗舰店,3件|蕉内凉皮311男士冰丝内裤莫代尔纯棉透气裆四角短裤大码男生,198.00
CarreKenbt旗舰店,CarreKenbt男士内裤男生莫代尔抗菌四角裤纯棉透气平角裤头礼盒装,238.00
全棉时代服饰旗舰店,全棉时代男士内裤纯棉2026年夏季新款男生四角裤男款平角短裤透气,169.00
Bananain蕉内旗舰店,3件|蕉内银皮500E男士平角内裤莫代尔大码冰丝透气四角短裤男生,159.00
Calvin Klein官方旗舰店,CK内衣男士三条装提花低腰棉质透气贴身防夹臀四角裤平角内裤,490.00
Cloud Krezz 品牌专柜店,Cloud Krezz男士内裤纯棉舒适抗菌礼盒装,99.00
都市丽人旗舰店,都市丽人男士内裤纯棉2026新款男生透气抗菌男式四角平角男款裤衩,49.90
粉色心跳旗舰店,【礼盒装】大象鼻子~男士内裤夏季纯棉抗菌搞怪四角裤卡通平角裤,62.85
有棵树官方旗舰店,有棵树男士内裤纯棉新型四角裤2026新款男式平角裤男生短裤衩男款,133.00
DND4DES,DND4DES 忍冬纹音符印花莫代尔速干透气抗菌冰感平角内裤男女同款,59.00
MiiOW猫人内衣旗舰店,猫人冰丝男士内裤夏季薄款2026新款平角男生抗菌透气大码四角短裤,59.90
森马内衣旗舰店,森马男士内裤男生10A级抗菌透气平角裤四角2026新款送男友短裤衩,99.00
真维斯天曼专卖店,真维斯男士内裤男生冰丝平角夏季薄款透气四角裤无痕青少年裤头男,49.00
MiiOW猫人内衣旗舰店,猫人男士内裤纯棉2026新款男生透气抗菌男式四角平角男款裤衩大码,49.90
尤米服饰店,男士内裤时尚青少年男生透气抗菌平角裤衩个性运动潮流四角短裤头,29.90
ChoiceKaiser旗舰店,ChoiceKaiser男士内裤男生纯棉莫代尔冰丝四角短裤男2026新款礼盒,228.00
全棉时代服饰旗舰店,【新品】全棉时代超薄男士内裤纯棉四角短裤中腰平角裤3条装透气,189.00
悦简内衣,男士内裤男生格子四角裤2026新款平角裤青年短裤运动透气裤头裤衩,39.00
SALIGIA撒利加旗舰店,SALIGIA经典莫代尔棉莱赛尔黑白性感男士双丁内裤3条装,159.00
WEMOVE维姆工作室,维姆工作室 男士内裤纯棉男款平角裤内裤男生潮流四角裤短裤薄款,118.00
俞兆林官方旗舰店,俞兆林男士内裤男生纯棉阿罗裤四角裤衩宽松透气青少年平角短裤头,55.90
蕉下官方旗舰店,蕉下男士内裤莫代尔透气运动不卡裆四角裤抑菌防夹臀男生平角短裤,79.00
Cukum Kboie品牌专柜店,CukumKboie男士内裤男款纯棉四角平角短裤头冰丝男生2026新款礼盒,359.00
Lee内衣旗舰店,Lee李牌80支云感棉男士内裤无痕透气10A级抗菌青少年四角裤平角裤,125.00
南极人潮搭旗舰店,南极人男士内裤男生纯棉透气四角裤头男款2026新款平角短裤衩大码,69.90
playboy内衣旗舰店,花花公子男士内裤冰丝无痕四角裤男生2026新款夏季短裤衩男款裤头,99.90
七匹狼内衣旗舰店,七匹狼男士内裤纯棉男生2026新款100%全棉男式四角短裤男款夏薄款,149.00
真维斯天曼专卖店,真维斯纯棉男士内裤男生宽松运动透气平角短裤头青少年四角短裤衩,49.00
time1991,男士内裤薄款莫代尔男生平角裤柔软无痕四角短裤纯棉裆抑菌底裤男,39.90
猫人科技内衣,猫人男士内裤男款纯棉高档名牌100正品2026新款男生四角平短裤头,89.90
猫人商务旗舰店,猫人男士内裤男生纯棉抗菌四角2026新款正品高档男式平角短裤男款,99.00
都市丽人精品旗舰店,都市丽人本命年红色内裤男款纯棉2026新款男士平四角短裤结婚礼物,79.90
古今服饰旗舰店,古今男士内裤男款男生纯棉平角裤名牌正品高档全棉四角2026新款,79.98
南极人旗舰店,南极人男士内裤纯棉男生男款四角裤平角短裤青年2026新款大码秋冬,57.30
橙子先生内裤,内裤男生全棉四角短裤2026新款纯棉抗菌透气裤衩青少年运动男裤头,59.80
Celons Karter品牌自营店,CelonsKarter男士内衣裤四角平角纯棉男生款冰丝新款性感薄短裤衩,158.00
CAREKOTY内衣旗舰店,CAREKOTY冰丝无痕男士内裤夏季奶皮舒适透气2026新款男生平角短裤,131.00
猫人商务旗舰店,猫人男士内裤男款纯棉平角短裤男生2026新款7A抑菌透气运动四角裤,89.90
七匹狼诺姆专卖店,七匹狼男士内裤三角裤男生纯棉抗菌底裤男式全棉窄边裤头男款短裤,95.00
雅鹿笃尧专卖店,雅鹿纯棉内裤男2026新款夏季运动透气宽松潮流个性平角四角短裤头,109.00
橙子先生内裤,男士冰丝内裤男生夏季薄款2026新款青少年潮流印花透气抗菌四角裤,50.00
猫人科技内衣,猫人男士内裤男款纯棉抗菌透气2026新款大码名牌正品男式平角短裤,119.90
铭星萌内衣专营店,纯棉男士内裤男生新款条纹运动平角裤简约男式个性透气男款四角裤,108.00
CarreKenbt旗舰店,CarreKenbt礼盒内裤男士2026春秋新款四角裤抗菌纯棉透气平角裤头,299.00
ubras官方旗舰店,ubras纯棉男士内裤字母织带新疆棉7A级抗菌裆夏季薄款男生平角裤,149.00
草本初色集团旗舰店,草本初色男士内裤冰丝无痕透气超薄2026新款夏薄款平角抑菌四角裤,99.90
playboy内衣旗舰店,花花公子冰丝男士内裤无痕透气男生平角四角短裤10A抗菌夏季薄款,119.90
古怪舍原创设计肚皮衣饰局,原创黑色抽皱飘带双层半身裙显瘦设计感长裙,219.00
蓝瑟旗舰店,高腰蓝色牛仔短裙女2026春夏新款a字裙显瘦百搭黑色包臀半身裙子,139.00
MJSTYLE服饰旗舰店,MJ STYLE灰色百褶西装裙女春秋季半身裙高腰休闲学院大摆A字长裙,159.90
LotusRoot三寸藕,三寸藕【秋分麦浪】复古格子花边半身裙新款秋季通勤显瘦A字裙女,79.55
雨气泡微胖大码女装,大码胖mm咖色麂皮绒中裙不规则半身裙秋季格纹伞裙中长款A字裙子,99.80
一颗小野莓,一颗小野莓a字高腰半身裙女2026年夏季新款超好看的法式复古长裙,149.99
SUW 苏喂,早秋日系复古轻亚风花苞百搭褶皱蓬蓬灰色a字过膝中长裙半身裙女,119.00
三不原创女装,韩系甜美减龄泡泡花苞裙女夏季新款宽松休闲a字短裙蓬蓬半身裙子,179.00
小丫头衣社,韩系学院风波点毛呢半身裙女2026秋季新款A字百搭休闲半裙1381A,81.09
Dazi金大支,Dazi金大支蕾丝拼接撞色百褶半身裙2026新款秋季高腰胖mm大码裙子,329.00
YUQIPAO STUDIO,大码胖mm复古格纹半身裙女秋冬新款高腰显瘦A字裙不规则中长裙子,99.80
羊好好旗舰店,中长款花苞云朵裙夏季新款时尚松紧腰半身裙女高腰显瘦百搭蓬蓬裙,1688.00
Go Girl Go,Go Girl Go 自制欧美风白色垂顺半身裙女夏中腰修身鱼尾裙a字短裙,99.00
裤邦人旗舰店,裤邦人咖色褶皱花苞半身裙女2026年秋季新款高腰辣妹a字裙长裙子,178.00
Luna7xi,Luna7xi 灰色西装半身裙女夏季高腰显瘦气质通勤直筒裙高级感裙子,399.00
恩眷 (原路加LUJIA),【白月光】恩眷_白色花苞裙女2026春夏百搭松紧高腰休闲半身长裙,999.00
Luna7xi,Luna7xi 蓝色复古水洗牛仔裙半身裙女秋季高腰显瘦直筒开叉长裙子,399.00
LISA家 简约实用型女装,法式通勤松紧腰裙子毛呢高腰显瘦大摆气质伞裙女秋季26新款半身裙,159.00
落落狷介 LUOLUOJUANJIE,落落狷介半身裙女2026新款绿色蕾丝拼接波点半裙小个子松紧腰裙子,358.00
羊好好旗舰店,新款白色蛋糕短裙女松紧腰半身裙高腰显瘦百搭通勤高端云朵a字裙,1288.00
MR DUANZL,MRDUANZL柔滑纱裙不规则拼接花瓣网纱半身裙中长款甜美裙子垂坠感,69.90
芊蕙自制女装,黑色高腰气质显瘦半身裙女春夏季新款高级感百搭遮胯垂感a字长裙,188.00
韩流风小女人,显白咖啡色高腰a字牛仔半身裙显腿长小个子短裙,199.00
芊蕙自制女装,灰色莫代尔半身长裙女夏季a字垂感半身裙修身显瘦中长款懒人裙子,188.00
韩流风小女人,韩系百搭显瘦高腰半身裙女2026秋季新款时尚简约通勤开叉A字短裙,119.00
依艾格旗舰店,卡其色高腰a字半身裙女2026新款春夏韩系显瘦通勤包臀短裙小个子,109.90
小丫头衣社,韩系慵懒风波点半身裙女2026秋季新款松紧腰休闲A字花苞中裙1324Q,81.09
橘子酱YO,橘子酱YO满印星星条纹拼接Y2K古早味蛋糕裙显瘦百搭百褶蓬蓬短裙,78.00
素典旗舰店,【绿茵】素典法式波点高腰半身裙女夏季松紧腰A字通勤百搭长裙,237.00
一颗小野莓,一颗小野莓 波点腰带半身裙女秋冬复古中长款A字高腰显瘦气质半裙,145.99
洋橙home,2026春夏秋新款高腰显瘦百搭垂感卡其色对折裙子设计感半身裙,199.00
RCDB人间指南,RCDB户外机能风轻量化A字裙裤女防风速干防泼水宽松抽褶半身裙子,229.00
馨帮帮sinbounboun,馨帮帮 蕾丝拼接不规则半身裙女秋高腰大摆长裙显瘦A字格子伞裙,138.00
Girlyhalo,Girlyhalo 美式复古格纹拼接不规则设计感半身裙女夏季新款短裙,124.00
FOREVER 21官方店,Forever21巨好看白色雪纺A字半身裙女垂感甜美蛋糕裙高腰仙女长裙,179.00
YUQIPAO STUDIO,大码胖mm咖色碎花高腰a字半身裙女秋季微胖显瘦一步包臀裙短裙子,88.70
Girlyhalo,Girlyhalo美式复古格纹拼接不规则半身裙女夏新款设计感高腰长裙,188.00
红人馆女装店,红人馆a字半身裙女2026新款秋季包臀咖色高智感穿搭麂皮绒裙子女,129.90
素典旗舰店,素典复古英伦风咖色格纹半身裙女秋季高腰A字不规则大摆长裙子,275.00
优优时尚衣屋,不规则荷叶边半身裙2026夏高腰a字包臀显瘦黑色牛仔短裙女小个子,36.80
Korean  Girl,美拉德咖色拼接格子长款半身裙女春秋季高腰显瘦灯芯绒A字长裙子,98.00
IT'SXIAOK 小康家女装,天啊这卡其色裙子太百搭了秋冬必入,130.00
谢荞荞,谢荞荞「轻音摇曳」松紧腰木耳边长裙休闲百搭显瘦藏青色半身裙,198.58
几分之一  percent,大码胖mm不规则半身裙女夏季设计感小众荷叶边蕾丝拼接a字裙子,88.70
阿一 realeasy,阿一 气质拉满 UMA飘逸长裙女夏季高腰纱裙a字裙子不规则半身裙,159.90
红人馆女装店,红人馆包臀半身裙女2026秋季今年流行爆款中长款巨好看麂皮绒裙子,279.80
BBT Sweety,BBT Sweety咖色蛋糕裙木耳边蓬蓬半身裙女夏季抽褶透气A字短裙,129.99
MASS Boutique,MASS 美拉德咖色灯芯绒高腰a字半身裙女2025秋冬新款显瘦中长裙,128.00
鼎尚舞蹈表演服饰,壮志少年行舞蹈服三字经汉服演出服诗朗诵服...,7?
清秀古装汉服演出服,汉服女童春秋2026新款儿童古装超仙战国...,1??
夕洛茜旗舰店,夕洛茜白色清冷汉服套装女魏晋风仙女裙大袖...,3??
荷香艺梦旗舰店,让传统文化浸润孩子心灵从这款儿童汉服开始...,7?
串恬猴旗舰店,儿童汉服夏季2026新款男童唐装国学服中...,1??
静还决汉服,静还决 花间良缘 原创唐制婚服汉服大袖齐...,2??
秋醇旗舰店,儿童汉服男童国学服套装三字经古装小学生中...,4?
清秀古装汉服演出服,女童汉服春秋超仙中国风唐装儿童古装襦裙小...,1??
月梳茼旗舰店,月梳茼原创汉服女金台红袖汉元素齐胸衫裙刺...,1??
静还决汉服,静还决 繁华绮梦 原创明制汉服套装比甲长...,2??
糖果家儿童汉服,汉服男童儿童国学服古装书童小学生国风马面...,5?
秋醇旗舰店,儿童国学服汉服男童中国风古装小学生书童服...,9?
夕洛茜旗舰店,夕洛茜白色汉服仙气飘逸古风女成人古装襦裙...,2??
槿姿俏旗舰店,汉服男童2026春新款儿童超仙女童古装学...,3?
柯雪旗舰店,毕业照改良古装汉服女中国风交领古风男武侠...,4?
雨花央雪 原创汉服,雨花央雪【鹤花羽】汉服女明制云肩对襟大袖...,2??
孩的衣原创潮童,男女童汉服兄妹装超仙新中式合唱朗诵服装幼...,5?
月梳茼旗舰店,金枫玉树原创汉服女重工刺绣诃子裙改良齐胸...,2??
苏沐希旗舰店,女童绝美汉服古风2026新款小女孩古装儿...,2??
机器鸭旗舰店,中秋汉服男童演出服女童古风小少爷唐装儿童...,8?
乐彩服饰,女童国风汉服花木兰古装,8?
异誌閣,异志阁原创改良【永宴瑶华】魏晋南北朝汉元...,1???
乌扣旗舰店,乌扣.陌上 女童汉服春秋款儿童超仙长袖古...,4??
龙悦古典服饰,簪花仕女汉服诃子裙大袖衫舞蹈演出服唐制中...,6??
蜀司绣罗衣原创设计,蜀司绣罗衣丨曜劫丨唐制圆领袍缺胯袍春夏汉...,1??
异誌閣,2024国风大典走秀款异志阁【霁月瑶光·...,6??
红纱帐旗舰店,敦煌飞天改良汉服沙漠异域风情刺绣古典舞蹈...,3??
蜀司绣罗衣原创设计,蜀司绣罗衣丨定乾坤丨帅气酷飒侠客国风古风...,9??
月梳茼原创汉服店,月梳茼原创汉服女【月枝桂香】汉元素齐胸衫...,1??
鲸喜表演出服,咏春儿童古典舞演出服汉唐团扇舞蹈古风飘逸...,7?
冠军精灵旗舰店,汉服男童春夏秋2026新款女童儿童古装中...,3?
小步走路旗舰店,【惊喜特惠】唐装汉服2026春夏季新款超...,2??
龙悦古典服饰,长安十二时辰梦回大唐汉服吉装飘逸披风霓裳...,7??
安妮优儿意树专卖店,马面裙女童夏季儿童汉服2026新款新中式...,1??
云初雨旗舰店,咏春儿童古典舞演出服汉唐风学生团扇舞表演...,8?
机器鸭旗舰店,中秋节汉服女童2026新款古装儿童古风超...,7?
趣味衫国旗舰店,马面裙女童汉服套装春秋2026新款中国风...,2??
朝韵辞旗舰店,朝韵辞原创汉服云鹤男女同款水墨印染大袖衫...,1??
爱美丽儿童礼服店,古风汉服女童中国风2026新款超仙蓝色小...,3??
听旬  原创设计品牌,听旬扶桑早秋汉服女原创改良敦煌风宋制旋裙...,1???
潮优贝旗舰店,汉服女童2026新款儿童古风超仙唐装女孩...,2??
青禾汉服,粉色荷花战国袍汉服女款2026新款交领大...,2??
一缕服饰专营店,粉色短款裙子新中式改良旗袍风吊带连衣裙国...,4??
小小艺术家dress,咏春儿童古典舞演出服汉唐风学生团扇舞表演...,3?
肯莎凯旗舰店,【花凤】原创明制汉服红色马面裙新中式订婚...,2??
萨曼轩旗舰店,汉服男童夏季儿童唐装古风帅气国学服古装武...,7?
玉术旗舰店,玉术新品【揽月裁樱】大袖衫吊带重工刺绣春...,3??
汉月吟 汉服工作室,汉月吟原创【春山空】汉服女正品改良版宋制...,9??
Bananain蕉内旗舰店,姐妹们看这莫代尔睡衣舒适亲肤必入,299.00
宫蝶官方旗舰店,宫蝶【3件套】迪士尼维尼熊长袖睡衣女款秋...,419.00
嘉宋旗舰店,短袖睡衣女夏甜美可爱小狗家居服大码胖mm...,173.00
宫蝶官方旗舰店,宫蝶【轻柔软】迪士尼米奇纯棉长袖情侣睡衣...,396.00
奶喵的裙摆,奶喵【蓝莓兔兔】甜美娃娃领冰丝睡衣卡通春...,135.00
靓衣邦旗舰店,2026夏季【A类双层棉纱】甜美睡衣套装...,95.00
缪黛旗舰店,三件套睡衣女款夏季纯棉短袖长裤2026新...,128.00
棉花泡泡家居服,棉花泡泡 星星泡泡袖A类双层纱纯棉睡衣女...,155.00
六个草莓studio,奶fufu可爱甜美云朵棉睡衣女款夏天带胸...,99.00
Bananain蕉内旗舰店,王一博同款蕉内棉棉3系情侣睡衣纯棉短,219.00
软软梦 Softdream,软软梦「天使内心」原创款可爱印花冰丝睡衣...,118.00
小新宅家,可爱赫拉兔睡衣女夏季短袖短裤长裤纯棉薄款...,178.00
蘑菇咕咕,蘑菇咕咕娃娃领碎花纯棉双层纱睡衣女款夏薄...,155.00
JoyceBra,JoyceBra甜美花边圆领睡衣女202...,109.90
miss cat ponyo家居服,MISSPONYO CCAT带胸垫坑条棉...,169.00
Thesunの睡衣,『青提奶绿』纯色睡衣女夏季2026新款带...,168.00
NANS工作室,怎么自拍都好看的睡衣,44.90
Thesunの睡衣,『软兔奶糖』甜美风凉感纯棉睡衣女夏季卡通...,168.00
山橘月家居服品牌店,显瘦带胸垫大码胖mm睡衣女款2025新款...,77.90
南极人官方旗舰店,南极人纯棉睡衣女款秋冬2026新款宽松长...,99.00
Sinbounboun Homedress馨帮帮,馨帮帮Homedress 彩色海星印花睡...,89.90
芬腾可安品牌家居服睡衣,芬腾可安睡衣女款夏季纯棉短袖短裤套装开衫...,128.00
VINEEMAN维妮蔓,【粉兔眠眠】睡衣带胸垫女款2026新款冰...,55.40
乐姿梦旗舰店,家居简约从这款情侣睡衣开始多色选择轻松搭...,298.00
Miiow猫人正品线上店,猫人冰丝睡衣女带胸垫夏季春秋新款短袖三件...,154.00
云间睡衣坊,春秋季情侣真丝睡衣男长袖套装高级感送女友...,420.00
轩之婷旗舰店,轩之婷莫代尔棉睡衣女款春秋款长袖时尚高级...,198.00
思莉太太旗舰店,思莉太太情侣睡衣女款夏季纯棉短袖2026...,237.00
coy kiss 轻奢女装,Coy Kiss真丝兔子睡衣女夏季短袖三...,368.00
真丝睡衣家居服,【真丝】睡衣女夏季2026年新款韩版两件...,428.00
乐姿梦旗舰店,乐姿梦情侣睡衣女春秋款黑色高级感男士长袖...,298.00
花蝴蝶家居服睡衣,带胸垫睡衣女款2026新款夏季莫代尔棉纯...,77.60
ubras品牌官方店,刘雯同款ubras云棉家居服女士睡衣情侣...,329.00
南极人官方旗舰店,南极人睡衣女款纯棉2026新款夏季薄款短...,79.00
陌娇旗舰店,"陌娇""甜美白月光""睡衣女春秋款纯棉长袖彩...",268.00
Sinbounboun Homedress馨帮帮,馨帮帮Homedress 可爱企鹅卡通睡...,89.90
软软梦 Softdream,软软梦「晚安兔兔」原创款冰丝睡衣女可爱印...,118.00
珈诗芬睡衣家居服,100%纯棉男士睡衣春秋季长袖青少中年睡...,89.00
JoyceBra,JoyceBra  韩系豹纹德绒睡衣套装...,109.90
芬腾官方旗舰店,芬腾红色睡衣女春秋款结婚新婚情侣纯棉家居...,338.00
红豆居家官方旗舰店,红豆呼吸棉情侣睡衣女长袖中厚梭织磨毛纯棉...,378.00
ubras官方旗舰店,ubras云棉家居服情侣套装长袖长裤女士...,249.00
棉花泡泡家居服,棉花泡泡 米白天蓝波点a类纯棉睡衣女夏全...,158.00
都市丽人官方旗舰店,都市丽人秋冬季睡衣女款半边绒可外穿202...,299.00
轩之婷旗舰店,轩之婷三件套睡衣女士夏季天竹纱棉短袖短裤...,218.00
芬腾可安品牌家居服睡衣,芬腾可安纯棉女士长袖睡衣春秋款2026年...,188.00
悦内官方旗舰店,悦内睡衣男士夏季冰丝短袖短裤家居服夏款丝...,228.00
悦内官方旗舰店,悦内睡衣女夏季夏天冰丝短袖短裤家居服时尚...,338.00
